name,lon,lat,building_height_m,required_height_m,spare_m,distance_km
Colombo Lotus Tower,79.85831,6.92703,356.0,4.8,351.2,72.0
,79.85276,6.89937,219.0,4.4,214.6,72.2
,79.85838,6.91969,195.0,1.7,193.3,71.9
,79.85816,6.91925,195.0,2.7,192.3,71.9
,79.85792,6.91881,195.0,2.8,192.2,71.9
Clearpoint Residencies,79.90489,6.91151,185.0,8.3,176.7,66.7
447 Luna Tower,79.86213,6.91885,170.0,3.2,166.8,71.5
Capitol TwinPeaks B,79.85466,6.91975,160.0,2.0,158.0,72.3
The Residence at Cinnamon Life,79.84823,6.92631,154.0,1.9,152.1,73.1
Astoria A,79.85313,6.90593,146.0,3.5,142.5,72.2
Fairway Elements,79.90645,6.91028,150.0,9.2,140.8,66.5
On320 Apartments,79.85916,6.91921,140.0,5.4,134.6,71.8
Access Tower II,79.85728,6.9198,112.0,2.5,109.5,72.0
The Emperor,79.84776,6.91851,110.0,3.2,106.8,73.0
Havelock City Edmonton Tower,79.86607,6.88101,96.0,2.8,93.2,70.5
Seylan Bank,79.84741,6.91724,85.0,2.1,82.9,73.0
,79.85318,6.89948,80.0,3.6,76.4,72.1
Hatton National Bank,79.86254,6.92075,73.6,3.9,69.7,71.5
Legacy Health LLC,79.85381,6.92035,65.0,2.8,62.2,72.4
,79.91731,6.90313,64.0,3.1,60.9,65.2
Seylan Developments PLC - Apartments Tower,79.84693,6.91723,60.0,2.5,57.5,73.1
475 Union Pl,79.86273,6.91856,60.0,2.7,57.3,71.4
,79.84375,7.26911,57.6,2.9,54.7,88.5
gemma house,79.89345,6.87248,54.4,4.2,50.2,67.3
,79.84705,6.91828,50.0,2.3,47.7,73.1
,79.88264,6.93906,48.0,2.1,45.9,69.7
Serene Apartment,79.86253,6.85107,54.4,8.8,45.6,70.5
,79.86544,6.95587,48.0,4.9,43.1,71.9
Lak,80.05281,6.71559,45.0,2.1,42.9,50.5
,79.86349,6.84125,48.0,5.2,42.8,70.4
,79.87969,6.8945,44.8,3.6,41.2,69.1
Saint Michaels Apartment,79.8542,6.8989,44.8,4.0,40.8,72.0
,80.48548,5.93774,41.6,2.2,39.4,96.4
Prime Residencies Castle Street,79.88606,6.9107,41.6,2.4,39.2,68.7
,79.92755,6.90226,44.8,5.7,39.1,64.0
,79.87943,6.89448,41.6,2.8,38.8,69.2
Sampath Bank,80.0628,6.71735,51.2,12.8,38.4,49.3
,80.24827,6.03927,48.0,10.2,37.8,89.6
Colombo City Center,79.85542,6.9176,40.0,3.2,36.8,72.2
,79.87434,6.96731,38.4,1.8,36.6,71.3
,79.87984,6.89456,41.6,5.2,36.4,69.1
,79.87367,6.96709,38.4,2.1,36.3,71.3
,79.86164,6.91996,38.4,2.6,35.8,71.5
,79.89387,6.9276,38.4,2.7,35.7,68.2
,79.89387,6.92788,38.4,3.2,35.2,68.2
,79.97755,7.03278,38.4,3.4,35.0,62.7
Prime Residencies Battaramulla Libra,79.92795,6.90426,35.2,1.9,33.3,64.0
,80.01163,7.04082,35.2,2.0,33.2,59.7
Seylan Towers,79.84298,6.9333,38.4,5.6,32.8,73.8
,79.84932,6.92333,35.0,2.3,32.7,72.9
Barberyn Lighthouse,79.96831,6.46339,34.0,1.8,32.2,70.1
,79.99668,7.08599,35.2,4.4,30.8,63.4
,79.89424,6.92837,38.4,7.7,30.7,68.2
,79.8522,6.90146,32.0,1.7,30.3,72.3
,79.86022,6.91526,32.0,1.8,30.2,71.6
,80.24926,6.03884,48.0,17.8,30.2,89.6
,79.84228,6.93348,32.0,1.9,30.1,73.9
Sri Lanka Telecom,79.84606,6.9345,32.0,2.0,30.0,73.5
,79.86247,6.86399,32.0,2.1,29.9,70.7
Dental Ward (Colombo National Hospital),79.86604,6.91736,32.0,2.3,29.7,71.0
,79.84814,6.93552,32.0,2.3,29.7,73.3
,79.84998,6.93476,32.0,2.7,29.3,73.1
Freedom Palace hotel,80.41491,8.32762,45.0,15.9,29.1,168.1
,79.85871,6.87899,32.0,2.9,29.1,71.2
,79.85388,6.89882,32.0,3.1,28.9,72.0
,79.86768,6.91774,32.0,3.2,28.8,70.8
,79.93693,6.89066,32.0,3.4,28.6,62.8
,79.92687,6.9026,32.0,3.7,28.3,64.1
,79.85721,6.93307,32.0,3.9,28.1,72.3
,79.93632,6.89018,32.0,4.7,27.3,62.9
,79.93695,6.89197,32.0,4.9,27.1,62.8
,79.85811,6.87705,28.8,1.8,27.0,71.3
,79.84193,6.93298,28.8,2.0,26.8,73.9
,79.93581,6.89138,32.0,5.4,26.6,63.0
,79.8616,6.92067,28.8,2.3,26.5,71.6
,80.03795,6.82097,32.0,5.7,26.3,51.0
Old Colombo Lighthouse;Chatham Street Clock Tower,79.84282,6.93473,29.0,2.9,26.1,73.9
,80.03799,6.82123,32.0,6.0,26.0,51.0
Suncity Apartments,79.85179,6.90691,32.0,6.8,25.2,72.4
,79.86431,6.83575,28.8,3.8,25.0,70.3
,79.85226,6.90707,25.6,1.7,23.9,72.3
Good Hope Residencies,79.84958,6.9099,25.6,2.0,23.6,72.7
,79.86448,6.83528,25.6,2.5,23.1,70.2
Fairway Colombo,79.84389,6.93414,25.6,2.8,22.8,73.8
Galle Clock Tower,80.21508,6.03003,25.3,2.5,22.8,91.7
,79.93752,6.89072,32.0,9.9,22.1,62.8
,79.93605,6.89073,32.0,10.0,22.0,62.9
Blue Ocean Apartments,79.86346,6.842,25.6,4.0,21.6,70.4
,80.14518,6.08667,35.2,13.7,21.5,89.0
Ceylinco Insurance,79.84298,6.93368,25.6,4.6,21.0,73.8
,79.93725,6.8913,32.0,11.1,20.9,62.8
New Wards & Theoter,80.00013,7.0914,22.4,2.3,20.1,63.4
,79.86376,6.83981,25.6,5.5,20.1,70.3
,79.84314,6.93495,22.4,2.8,19.6,73.9
CDI Apartments,79.86442,6.8752,22.4,3.1,19.3,70.6
SANASA HOUSING COMPLEX,80.00619,7.0888,22.4,3.2,19.2,62.7
Sanasa Housing Complex,80.01091,7.08702,22.4,3.6,18.8,62.1
,80.04371,7.1045,22.4,3.8,18.6,60.0
,80.21476,6.03008,25.5,7.8,17.7,91.8
,79.87849,6.88221,19.2,1.7,17.5,69.1
Bour Building,79.84188,6.93519,19.2,1.7,17.5,74.0
House of Fashion,79.87795,6.91042,22.4,5.0,17.4,69.6
,80.00049,7.09066,19.2,2.3,16.9,63.3
,80.03979,6.82214,19.2,2.4,16.8,50.8
Public Health Complex,79.87742,6.89085,19.2,2.9,16.3,69.3
Naturals,79.93431,6.88238,19.2,3.3,15.9,63.0
,80.60461,7.06962,75.0,59.4,15.6,31.0
Laboratories Building,80.04286,6.82134,24.0,8.7,15.3,50.5
,80.45569,5.94785,32.0,17.3,14.7,95.4
National Transport Medical Institute,79.88946,6.86922,16.0,1.7,14.3,67.7
,79.86494,6.83994,22.4,8.2,14.2,70.2
,79.85423,6.92119,16.0,2.0,14.0,72.4
,79.91049,6.85642,16.0,2.1,13.9,65.3
F Block,79.92295,6.92655,16.0,2.2,13.8,65.0
e-Library,80.59654,7.2552,19.2,5.5,13.7,50.4
,80.2671,5.99962,28.8,15.2,13.6,93.2
,80.04133,7.09876,16.0,2.6,13.4,59.9
,79.91793,6.90296,16.0,2.9,13.1,65.1
,80.03921,6.82001,16.0,3.0,13.0,50.9
,80.03925,6.81992,16.0,3.0,13.0,50.9
,80.03881,6.82122,16.0,3.2,12.8,50.9
Uvin Higher Educational Institute,80.06364,6.71735,16.0,3.3,12.7,49.2
,80.10097,6.13149,16.0,3.5,12.5,87.0
E Block,79.92351,6.9263,16.0,4.1,11.9,65.0
,80.03901,6.82105,16.0,4.1,11.9,50.9
ranjith chemical building,80.84598,6.32091,15.0,3.5,11.5,66.2
,79.84825,6.91234,16.0,4.8,11.2,72.9
Faculty of Commerce & Management Studies,79.91547,6.97632,16.0,4.9,11.1,67.1
,80.03899,6.82025,12.8,1.7,11.1,50.9
,79.90493,6.91025,16.0,4.9,11.1,66.6
,79.89346,6.91974,15.0,3.9,11.1,68.1
,79.93403,6.8808,19.2,8.3,10.9,63.0
Lecture Halls Building,80.04268,6.82173,12.8,2.0,10.8,50.5
,79.99109,7.08842,12.8,2.1,10.7,64.1
Palm Beach Hotel,79.86496,6.8362,16.0,5.3,10.7,70.2
Galle book shop,80.06286,6.71552,20.0,9.3,10.7,49.4
Torrington Avenue Housing Scheme,79.8718,6.89534,12.8,2.3,10.5,70.0
Torrington Avenue Housing Scheme,79.87206,6.8955,12.8,2.3,10.5,70.0
North Central Provincial Council,80.41474,8.33431,19.2,8.7,10.5,168.9
,79.99377,7.09442,12.8,2.3,10.5,64.2
,80.05096,7.10831,12.8,2.3,10.5,59.6
raja rice mill,80.30419,7.82995,14.0,3.5,10.5,114.9
,80.01335,7.09268,12.8,2.4,10.4,62.2
,80.03409,7.08705,12.8,2.4,10.4,59.9
,80.06353,6.71583,17.0,6.6,10.4,49.3
,79.99028,7.03401,12.8,2.5,10.3,61.5
Pan Asia Bank,79.8907,7.08348,12.8,2.5,10.3,73.8
,79.89735,6.87433,12.8,2.5,10.3,66.9
,79.96087,7.06695,12.8,2.6,10.2,66.0
,80.03906,6.82061,12.8,2.7,10.1,50.9
,79.90093,7.08204,12.8,2.8,10.0,72.7
White Elephant Villa,79.98274,6.45657,12.0,2.0,10.0,69.2
Apartment,80.037,7.15927,15.0,5.2,9.8,64.1
Asian Grammar School,80.51522,5.94571,12.8,3.0,9.8,95.5
,80.01557,7.0724,12.8,3.1,9.7,60.9
Rangmagapaya,79.92196,6.90387,12.8,3.1,9.7,64.7
,79.97931,7.03667,12.8,3.2,9.6,62.7
,80.03876,6.82101,16.0,6.4,9.6,50.9
,80.00058,7.0867,12.8,3.4,9.4,63.1
,79.84801,6.92911,12.8,3.4,9.4,73.2
Esoft computer studies Ja ela,79.89083,7.08308,12.8,3.5,9.3,73.7
Janaka Ranawaka Pavillon,79.89385,6.91976,15.0,5.7,9.3,68.0
BETH's By Muditha Kumarasinghe,80.06106,7.1172,12.0,2.9,9.1,59.2
Bank of Ceylon,79.84295,6.93254,12.8,3.9,8.9,73.8
,80.34002,6.92738,12.0,3.3,8.7,21.9
,80.26694,5.99938,25.6,17.0,8.6,93.2
,80.60461,7.06962,68.0,59.4,8.6,31.0
Kandy Tex Pvt,79.95159,7.00161,12.8,4.6,8.2,64.2
,79.89074,7.082,16.0,7.8,8.2,73.7
farmacy building,80.8415,6.31588,12.0,3.8,8.2,66.4
,80.74635,6.94111,10.0,2.0,8.0,30.9
Chill Hill Hikkaduwa,80.10659,6.13895,10.0,2.0,8.0,85.9
,79.9808,7.03168,9.6,1.7,7.9,62.4
,79.96085,7.06681,9.6,1.7,7.9,66.0
,80.00298,7.08574,9.6,1.8,7.8,62.8
,80.02801,7.08595,9.6,1.8,7.8,60.4
Guruge Hotel,80.01588,7.07338,9.6,1.8,7.8,60.9
,80.04795,7.10902,9.6,1.8,7.8,59.9
,80.04042,7.09545,9.6,1.8,7.8,59.8
Kamburawala metal store,79.96261,6.57781,9.6,1.8,7.8,64.6
,79.96252,6.57796,9.6,1.8,7.8,64.6
,80.08439,6.8108,20.0,12.2,7.8,45.9
,80.00694,7.0893,9.6,1.9,7.7,62.6
,80.01248,7.08753,9.6,1.9,7.7,62.0
,80.009,7.09205,9.6,1.9,7.7,62.6
Villa Riverside,79.99489,6.4358,9.6,1.9,7.7,69.4
,79.89813,6.87391,9.6,1.9,7.7,66.8
,79.85323,6.90577,9.6,1.9,7.7,72.2
Miscellaneous Services Cooperative Society,80.06327,6.71759,16.0,8.3,7.7,49.3
,79.94864,6.61082,9.6,2.0,7.6,64.7
,79.96128,7.06713,9.6,2.0,7.6,65.9
,80.04652,7.10773,9.6,2.0,7.6,59.9
,79.96301,7.04495,9.6,2.0,7.6,64.7
,79.99302,7.08595,9.6,2.0,7.6,63.8
,79.89356,7.06366,9.6,2.0,7.6,72.6
,79.89337,7.08305,9.6,2.0,7.6,73.5
,80.00453,7.08782,9.6,2.0,7.6,62.8
,79.88146,7.13169,9.6,2.0,7.6,77.0
Aaranya,80.59135,7.2664,9.6,2.0,7.6,51.5
,79.80161,7.64166,9.6,2.0,7.6,120.0
,80.03878,6.82012,12.8,5.2,7.6,50.9
,79.93308,6.66148,11.0,3.4,7.6,64.7
,80.00095,7.0905,9.6,2.1,7.5,63.2
,79.99031,7.0345,9.6,2.1,7.5,61.5
,79.99461,7.03249,9.6,2.1,7.5,61.0
The Capital Maharaja Organization Limited,79.8626,6.91891,9.6,2.1,7.5,71.4
,79.89092,7.09955,9.6,2.1,7.5,74.5
Amber House Lanka,79.9958,6.43366,9.6,2.1,7.5,69.5
,80.00016,7.09073,9.6,2.2,7.4,63.3
,80.01324,7.08811,9.6,2.2,7.4,61.9
,80.01908,7.08207,9.6,2.2,7.4,61.0
,79.98558,7.04731,9.6,2.2,7.4,62.6
Sanasa Vidu Piyasa,80.00485,7.06869,9.6,2.2,7.4,61.7
,79.94451,7.06732,9.6,2.2,7.4,67.6
,80.0366,7.09188,9.6,2.2,7.4,59.9
,79.89349,7.06404,9.6,2.2,7.4,72.6
,80.10348,6.12888,9.6,2.2,7.4,87.1
Shopping Complex,80.05495,6.23914,10.0,2.6,7.4,80.0
Serendib communication,80.06338,6.71658,12.0,4.6,7.4,49.3
Commerse Section,79.87562,6.92356,9.6,2.2,7.4,70.1
,79.96254,7.06234,9.6,2.3,7.3,65.6
,80.04825,7.10842,9.6,2.3,7.3,59.8
,80.00803,7.08887,9.6,2.3,7.3,62.5
,80.02763,7.08529,9.6,2.3,7.3,60.4
,79.92496,7.02918,9.6,2.3,7.3,68.0
,79.97575,6.91393,9.6,2.3,7.3,59.0
hub 2 of sltc,80.09107,6.85409,12.8,5.5,7.3,45.4
home2,80.19556,7.81081,11.0,3.7,7.3,115.7
,80.59873,7.2657,9.6,2.4,7.2,51.6
,80.02029,7.09129,9.6,2.4,7.2,61.4
Janaka Furniture,79.99184,7.03662,16.0,8.8,7.2,61.5
,79.92029,6.85461,9.6,2.4,7.2,64.2
,80.59844,7.26556,9.6,2.4,7.2,51.6
,80.04009,6.82196,10.0,2.8,7.2,50.8
,79.96618,7.09305,9.6,2.5,7.1,66.8
,80.02823,7.09164,9.6,2.5,7.1,60.7
Kusum Tyre Trade,79.89077,7.0833,9.6,2.5,7.1,73.8
,80.00189,7.08633,9.6,2.5,7.1,62.9
,80.03917,6.81977,16.0,8.9,7.1,50.9
,80.09513,6.84173,10.0,2.9,7.1,44.8
Neoview Pvt Ltd,80.03518,7.08876,12.8,5.8,7.0,59.9
,80.02223,7.07765,9.6,2.6,7.0,60.5
Hot Wok Resaurant,80.03507,7.08746,9.6,2.6,7.0,59.8
,80.01614,7.073,9.6,2.6,7.0,60.8
,79.9147,7.12683,9.6,2.6,7.0,73.5
,79.93222,6.88079,9.6,2.6,7.0,63.2
Cheap Choice,80.47855,8.03389,9.6,2.6,7.0,135.4
Lavanga Resort & Spa,80.11974,6.11542,16.0,9.0,7.0,87.5
Chill Hill Hikkaduwa Hotel & Restaurant,80.10655,6.1388,10.0,3.0,7.0,86.0
,80.01184,7.08093,9.6,2.7,6.9,61.7
,79.93433,6.8803,9.6,2.7,6.9,63.0
ShashiJay,79.94431,6.88995,9.6,2.7,6.9,62.0
,79.96232,7.06253,9.6,2.8,6.8,65.6
,80.0362,7.08945,9.6,2.8,6.8,59.8
St.Joseph's College Sports Complex Cum Auditorium,79.85937,6.92484,9.6,2.8,6.8,71.9
,80.1037,6.12858,9.6,2.8,6.8,87.1
,80.51608,5.9366,9.6,2.8,6.8,96.5
,80.38902,6.66736,9.6,2.8,6.8,19.9
research building,80.09255,6.85546,9.6,2.8,6.8,45.3
,79.93997,6.88622,9.6,2.8,6.8,62.4
,80.00778,7.08947,9.6,2.9,6.7,62.5
,80.0297,7.09426,9.6,2.9,6.7,60.7
,80.03201,7.0849,9.6,2.9,6.7,60.0
,80.03209,7.08496,9.6,2.9,6.7,60.0
,80.58944,7.09517,9.6,2.9,6.7,33.1
Visakas reciption hotel,80.34045,6.92758,10.0,3.3,6.7,21.9
,80.03633,7.08335,9.6,3.0,6.6,59.5
,80.00132,7.09275,9.6,3.0,6.6,63.3
,79.94411,7.0671,9.6,3.0,6.6,67.7
H N B bank,79.92194,7.03002,20.0,13.4,6.6,68.3
,80.00035,7.08688,9.6,3.1,6.5,63.1
Baghya Moters,80.04152,7.10274,9.6,3.1,6.5,60.1
shopping center,80.0251,7.32902,10.0,3.5,6.5,77.8
Hotel Sanora,79.93413,6.87994,9.6,3.1,6.5,63.0
,79.96098,7.06753,9.6,3.2,6.4,66.0
,79.96095,7.06739,9.6,3.2,6.4,66.0
,80.02552,7.08754,9.6,3.2,6.4,60.7
,80.03993,7.09285,9.6,3.2,6.4,59.7
,79.89781,6.87433,9.6,3.2,6.4,66.9
Elaris hardware,79.9526,7.00219,9.0,2.6,6.4,64.1
,79.92142,7.09054,9.6,3.3,6.3,71.0
Happy Bright Hotel,79.95902,7.09187,9.6,3.3,6.3,67.4
,80.01945,7.05341,9.6,3.3,6.3,59.5
Spar,79.93406,6.88241,9.6,3.3,6.3,63.0
,80.02739,7.09147,9.6,3.4,6.2,60.8
Cargills Food City,80.03364,7.08667,12.8,6.6,6.2,59.9
,80.02119,7.09282,9.6,3.4,6.2,61.4
,80.03866,6.82057,12.8,6.6,6.2,50.9
Anoma Beauty Salon,80.47918,8.0337,9.6,3.4,6.2,135.4
commercial building,80.06285,6.71713,16.0,9.8,6.2,49.3
,80.018,7.0751,9.6,3.5,6.1,60.8
,80.02752,7.08479,9.6,3.5,6.1,60.4
,80.03512,7.08393,9.6,3.5,6.1,59.6
Senkadagala Finance,79.89082,7.08319,9.6,3.5,6.1,73.8
,80.0059,7.05343,9.6,3.6,6.0,60.8
Sahan Kaushalya,80.11001,6.95812,8.0,2.0,6.0,46.1
Ananda College,79.86845,6.9247,9.6,3.6,6.0,70.9
,79.93458,6.88046,9.6,3.6,6.0,62.9
,80.0103,7.08283,9.6,3.7,5.9,61.9
,80.02373,7.08595,9.6,3.7,5.9,60.8
,80.10353,6.12908,9.6,3.7,5.9,87.1
,80.59795,7.26788,9.6,3.7,5.9,51.8
,80.01288,7.08791,9.6,3.8,5.8,62.0
commercial Licence & Insuarence,80.00586,7.08869,9.6,3.8,5.8,62.7
,80.01991,7.08039,9.6,3.8,5.8,60.9
,79.89152,7.09106,9.6,3.8,5.8,74.0
D Block,79.92398,6.9262,16.0,10.2,5.8,64.9
peoples Bank,80.06331,6.71468,12.0,6.2,5.8,49.3
multi purpose building,79.96277,6.57736,16.0,10.2,5.8,64.6
,79.99178,7.09425,9.6,3.9,5.7,64.3
,80.01279,7.08812,9.6,3.9,5.7,62.0
,79.89285,7.08147,12.8,7.1,5.7,73.5
,79.92514,7.02944,9.6,3.9,5.7,68.0
,79.91117,6.85605,9.6,3.9,5.7,65.2
,80.0397,6.81987,9.6,3.9,5.7,50.8
,79.89275,7.07181,9.6,4.0,5.6,73.1
,79.99757,7.08628,9.6,4.0,5.6,63.3
,80.10041,6.1315,8.0,2.4,5.6,87.0
,80.23873,7.29397,9.6,4.0,5.6,60.8
,79.92668,6.89586,12.8,7.2,5.6,64.0
,80.6046,7.06961,65.0,59.4,5.6,31.0
,79.9803,7.05065,9.6,4.1,5.5,63.3
,80.03345,7.08623,9.6,4.1,5.5,59.9
Bagaj Service Center,80.02529,7.08977,9.6,4.1,5.5,60.9
,79.96993,7.08172,9.6,4.1,5.5,65.8
,79.9843,6.73696,12.8,7.3,5.5,57.5
,80.61763,6.79721,30.0,24.5,5.5,13.1
Rio Houses,80.02756,7.08016,9.6,4.2,5.4,60.1
,80.01226,7.07558,9.6,4.2,5.4,61.4
,80.02449,7.07756,9.6,4.2,5.4,60.3
Palliyaguru,80.03792,7.14066,8.0,2.6,5.4,62.8
,79.8938,7.08325,9.6,4.3,5.3,73.5
Base Hospital,80.2082,6.95419,9.6,4.3,5.3,35.9
,80.01396,7.09148,9.6,4.4,5.2,62.1
,80.03545,7.08789,9.6,4.4,5.2,59.8
,80.03542,7.0879,9.6,4.4,5.2,59.8
,80.0354,7.08791,9.6,4.4,5.2,59.8
,79.92647,6.89119,9.6,4.4,5.2,64.0
,80.01204,7.08285,9.6,4.5,5.1,61.8
,79.93377,6.88072,12.8,7.7,5.1,63.0
,80.38651,6.64835,9.6,4.5,5.1,21.8
,79.92044,6.91023,9.6,4.5,5.1,65.0
,79.93683,7.01121,12.0,6.9,5.1,66.1
,80.21662,6.03041,7.0,2.0,5.0,91.7
MDK hospital Laboratory,80.06342,6.71416,8.0,3.0,5.0,49.3
Maths Section,79.87582,6.92265,9.6,4.6,5.0,70.1
,79.99021,7.07272,9.6,4.7,4.9,63.4
Little Hut restaurant,80.02872,7.08109,9.6,4.7,4.9,60.1
Clothing Shop - Under Construction,80.47906,8.03512,9.6,4.7,4.9,135.6
,80.09151,6.84116,8.0,3.1,4.9,45.2
,80.09144,6.84129,8.0,3.1,4.9,45.2
Mangrove Cave,80.03911,6.27409,7.0,2.1,4.9,78.1
,79.93426,6.88049,9.6,4.7,4.9,63.0
,79.99165,7.07425,9.6,4.7,4.9,63.3
,79.99032,7.08933,9.6,4.8,4.8,64.2
,80.04206,7.10333,12.8,8.0,4.8,60.1
,80.01626,7.09062,9.6,4.8,4.8,61.8
,79.89723,7.0646,9.6,4.8,4.8,72.3
Al Mubarak National School,80.01695,6.95477,9.6,4.8,4.8,55.7
Moksha@Kitulgala,80.41658,7.01797,9.6,4.8,4.8,24.8
,79.96075,7.06672,6.4,1.7,4.7,66.0
,79.97868,7.09628,6.4,1.7,4.7,65.7
,79.96235,7.06579,6.4,1.7,4.7,65.8
,80.00765,7.09381,6.4,1.7,4.7,62.8
,80.00331,7.09217,6.4,1.7,4.7,63.1
,79.95787,7.07972,6.4,1.7,4.7,66.9
,80.01789,7.10084,6.4,1.7,4.7,62.2
,80.02232,7.05898,6.4,1.7,4.7,59.5
,80.03896,7.08808,6.4,1.7,4.7,59.5
,79.92684,7.10288,6.4,1.7,4.7,71.1
,79.92727,7.10263,6.4,1.7,4.7,71.1
,79.92732,7.10278,6.4,1.7,4.7,71.1
,80.03141,7.09547,6.4,1.7,4.7,60.6
,80.03139,7.0957,6.4,1.7,4.7,60.6
,80.04596,7.10823,9.6,4.9,4.7,60.0
,80.01921,7.09645,6.4,1.7,4.7,61.8
,79.98356,7.04965,6.4,1.7,4.7,62.9
,80.02918,7.09479,6.4,1.7,4.7,60.8
,80.03494,7.0884,9.6,4.9,4.7,59.9
,80.01471,7.08902,6.4,1.7,4.7,61.8
,80.01386,7.08951,6.4,1.7,4.7,62.0
,80.01398,7.08967,6.4,1.7,4.7,62.0
,80.04038,7.07407,6.4,1.7,4.7,58.6
,80.02346,7.07817,6.4,1.7,4.7,60.4
,79.93131,7.08467,6.4,1.7,4.7,69.8
,79.9302,7.08922,6.4,1.7,4.7,70.1
,80.03329,7.07819,6.4,1.7,4.7,59.5
,80.02286,7.07269,6.4,1.7,4.7,60.2
,79.98003,7.04063,6.4,1.7,4.7,62.8
,79.97958,7.03669,6.4,1.7,4.7,62.7
,79.9761,7.03183,6.4,1.7,4.7,62.8
,80.03369,7.08496,6.4,1.7,4.7,59.8
,79.9599,7.0681,6.4,1.7,4.7,66.1
,79.91441,7.0714,6.4,1.7,4.7,70.8
,80.0388,7.08785,6.4,1.7,4.7,59.5
,80.02811,7.09615,6.4,1.7,4.7,61.0
,79.96612,7.06251,6.4,1.7,4.7,65.2
,80.01366,7.09686,6.4,1.7,4.7,62.4
,80.01936,7.09623,6.4,1.7,4.7,61.8
,80.01288,7.07317,6.4,1.7,4.7,61.2
,79.99471,7.06399,6.4,1.7,4.7,62.5
,79.91147,7.08194,6.4,1.7,4.7,71.6
,79.89313,7.06359,6.4,1.7,4.7,72.7
,79.96345,7.06789,6.4,1.7,4.7,65.8
,79.91977,7.11999,6.4,1.7,4.7,72.7
,79.88733,7.11429,6.4,1.7,4.7,75.6
,80.59447,7.27909,9.6,4.9,4.7,53.0
,79.92256,7.02986,20.0,15.3,4.7,68.3
Texshima Texstile,80.0628,6.71699,14.0,9.3,4.7,49.3
main buiding,80.09283,6.85382,6.4,1.7,4.7,45.2
,79.92451,7.02985,6.4,1.7,4.7,68.1
,79.95881,7.05558,6.4,1.8,4.6,65.7
,79.96025,7.05648,6.4,1.8,4.6,65.5
,79.95786,7.05965,6.4,1.8,4.6,65.9
,79.96201,7.07148,6.4,1.8,4.6,66.1
,79.9703,7.07828,6.4,1.8,4.6,65.6
,79.97959,7.07671,6.4,1.8,4.6,64.6
,79.97989,7.0768,6.4,1.8,4.6,64.6
,79.98768,7.08074,6.4,1.8,4.6,64.0
,80.00139,7.09713,6.4,1.8,4.6,63.6
,80.00077,7.09792,6.4,1.8,4.6,63.7
,79.94799,7.08348,6.4,1.8,4.6,68.1
,80.0174,7.09701,6.4,1.8,4.6,62.0
,80.01007,7.09007,6.4,1.8,4.6,62.3
,80.03504,7.08279,6.4,1.8,4.6,59.6
,79.93076,7.07576,6.4,1.8,4.6,69.4
,80.04479,7.09961,6.4,1.8,4.6,59.6
,80.03364,7.0815,6.4,1.8,4.6,59.6
,79.93078,7.10389,6.4,1.8,4.6,70.8
,80.02877,7.11039,6.4,1.8,4.6,61.7
,80.007,7.0689,6.4,1.8,4.6,61.5
,80.00336,7.0675,6.4,1.8,4.6,61.8
,80.01761,7.06112,6.4,1.8,4.6,60.1
,80.00479,7.08736,6.4,1.8,4.6,62.7
,79.94144,7.0982,6.4,1.8,4.6,69.4
,79.99956,7.0861,6.4,1.8,4.6,63.1
,80.02259,7.09664,6.4,1.8,4.6,61.5
,79.9862,7.09131,6.4,1.8,4.6,64.7
,79.98609,7.0913,6.4,1.8,4.6,64.7
,79.97911,7.09303,6.4,1.8,4.6,65.5
,80.04048,7.10367,6.4,1.8,4.6,60.3
,80.01718,7.09351,6.4,1.8,4.6,61.9
,80.01604,7.09126,6.4,1.8,4.6,61.8
,80.01585,7.09156,6.4,1.8,4.6,61.9
,80.01242,7.08242,6.4,1.8,4.6,61.7
,80.01334,7.08247,6.4,1.8,4.6,61.6
,79.99132,7.05481,6.4,1.8,4.6,62.4
,79.98652,7.05556,6.4,1.8,4.6,62.9
,80.0313,7.08849,6.4,1.8,4.6,60.2
,80.04119,7.0933,6.4,1.8,4.6,59.6
,80.0411,7.09331,6.4,1.8,4.6,59.6
,80.02816,7.08604,6.4,1.8,4.6,60.4
,80.01822,7.08728,6.4,1.8,4.6,61.4
,80.01355,7.08896,6.4,1.8,4.6,62.0
,80.0249,7.08547,6.4,1.8,4.6,60.7
,80.02021,7.08953,6.4,1.8,4.6,61.3
,80.02917,7.08209,6.4,1.8,4.6,60.1
,80.01344,7.08179,6.4,1.8,4.6,61.6
,79.93268,7.08971,6.4,1.8,4.6,69.9
,79.93377,7.08719,6.4,1.8,4.6,69.6
,80.01593,7.07332,6.4,1.8,4.6,60.9
,80.03321,7.07875,6.4,1.8,4.6,59.5
,80.02197,7.07151,6.4,1.8,4.6,60.2
,79.91997,7.09003,6.4,1.8,4.6,71.2
,80.02024,7.0803,6.4,1.8,4.6,60.8
,79.89226,7.10577,6.4,1.8,4.6,74.7
,79.98205,7.04844,9.6,5.0,4.6,63.0
,79.98112,7.04678,6.4,1.8,4.6,63.0
,79.98384,7.03754,6.4,1.8,4.6,62.3
,79.96312,7.04728,6.4,1.8,4.6,64.8
,79.96351,7.04426,6.4,1.8,4.6,64.7
,79.99002,7.03731,6.4,1.8,4.6,61.7
,79.99006,7.0371,6.4,1.8,4.6,61.7
,79.89067,7.0922,6.4,1.8,4.6,74.2
Net house,79.8907,7.09461,6.4,1.8,4.6,74.3
,79.89124,7.09435,6.4,1.8,4.6,74.2
,79.98338,7.03518,6.4,1.8,4.6,62.3
,79.98339,7.03534,6.4,1.8,4.6,62.3
,79.99743,7.03256,6.4,1.8,4.6,60.7
,79.99869,7.03294,6.4,1.8,4.6,60.6
,80.00459,7.03694,6.4,1.8,4.6,60.2
,79.89148,7.10333,6.4,1.8,4.6,74.6
,79.94106,7.0711,6.4,1.8,4.6,68.2
,79.97396,7.04685,6.4,1.8,4.6,63.7
,80.00926,7.09614,6.4,1.8,4.6,62.8
,79.98098,7.08331,6.4,1.8,4.6,64.8
,80.00154,7.09718,6.4,1.8,4.6,63.6
,80.00208,7.09143,6.4,1.8,4.6,63.2
,80.01585,7.09136,6.4,1.8,4.6,61.9
,80.00479,7.08748,6.4,1.8,4.6,62.7
,80.00461,7.08739,6.4,1.8,4.6,62.7
,80.01157,7.0791,6.4,1.8,4.6,61.6
,80.00349,7.06754,6.4,1.8,4.6,61.8
,80.00481,7.05989,6.4,1.8,4.6,61.3
,80.01336,7.06505,6.4,1.8,4.6,60.7
,80.00433,7.06898,6.4,1.8,4.6,61.8
,79.9406,7.0705,6.4,1.8,4.6,68.2
,79.92767,7.06327,6.4,1.8,4.6,69.1
,80.01754,7.097,6.4,1.8,4.6,62.0
,79.94326,7.0642,6.4,1.8,4.6,67.6
,80.02792,7.08611,6.4,1.8,4.6,60.4
,79.9169,7.10177,6.4,1.8,4.6,72.0
,79.89349,7.06381,6.4,1.8,4.6,72.6
,80.02907,7.08193,6.4,1.8,4.6,60.1
,80.01085,7.09173,6.4,1.8,4.6,62.4
,79.89133,7.10349,6.4,1.8,4.6,74.7
,79.95965,6.89828,6.4,1.8,4.6,60.5
,79.88682,7.11383,6.4,1.8,4.6,75.6
'Mizzen' Cadet Hostel,79.96111,6.9156,6.4,1.8,4.6,60.6
,79.89337,7.13181,6.4,1.8,4.6,75.9
,79.91545,6.9753,6.4,1.8,4.6,67.1
111/A/19,80.59545,7.23964,9.6,5.0,4.6,48.7
,79.92675,6.89325,9.6,5.0,4.6,64.0
,79.92684,6.89326,9.6,5.0,4.6,64.0
,80.36908,6.66435,6.4,1.8,4.6,21.6
,80.07911,6.66224,6.4,1.8,4.6,49.2
Nandasiri Stores,79.96265,6.57787,6.4,1.8,4.6,64.6
,79.92948,6.89325,6.4,1.8,4.6,63.7
,79.96023,7.05598,6.4,1.9,4.5,65.5
,79.95759,7.0613,6.4,1.9,4.5,66.0
,79.95945,7.05559,6.4,1.9,4.5,65.6
,79.98568,7.09168,6.4,1.9,4.5,64.8
,79.98681,7.08246,6.4,1.9,4.5,64.2
,79.96568,7.09438,6.4,1.9,4.5,66.9
,79.97608,7.09355,6.4,1.9,4.5,65.8
,79.96527,7.0762,6.4,1.9,4.5,66.0
,79.96607,7.07383,6.4,1.9,4.5,65.8
,79.94869,7.08374,6.4,1.9,4.5,68.0
,80.01469,7.09948,6.4,1.9,4.5,62.4
,79.93362,7.10233,6.4,1.9,4.5,70.4
,79.95564,7.08149,6.4,1.9,4.5,67.2
,80.01108,7.0914,6.4,1.9,4.5,62.3
,80.00898,7.09188,6.4,1.9,4.5,62.6
,79.9888,7.05023,6.4,1.9,4.5,62.4
,80.0199,7.11098,6.4,1.9,4.5,62.6
,80.04033,7.09527,6.4,1.9,4.5,59.8
,80.04068,7.09505,6.4,1.9,4.5,59.7
,80.02082,7.0526,6.4,1.9,4.5,59.3
,79.94106,7.10311,6.4,1.9,4.5,69.7
,79.94109,7.10336,6.4,1.9,4.5,69.7
,80.01324,7.08914,6.4,1.9,4.5,62.0
,80.00287,7.08688,6.4,1.9,4.5,62.9
,80.00047,7.08715,6.4,1.9,4.5,63.1
,80.00129,7.09256,6.4,1.9,4.5,63.3
,79.98621,7.0922,6.4,1.9,4.5,64.8
,80.02014,7.09309,6.4,1.9,4.5,61.6
,80.00784,7.08133,6.4,1.9,4.5,62.1
,80.01364,7.09257,6.4,1.9,4.5,62.1
,80.0117,7.07973,6.4,1.9,4.5,61.6
,80.0179,7.07504,6.4,1.9,4.5,60.8
,80.01872,7.06649,6.4,1.9,4.5,60.2
,80.03373,7.09017,6.4,1.9,4.5,60.1
,80.03369,7.09001,6.4,1.9,4.5,60.1
,80.03093,7.09216,6.4,1.9,4.5,60.5
,80.03569,7.08666,6.4,1.9,4.5,59.7
,80.02915,7.08757,6.4,1.9,4.5,60.4
,80.01682,7.08923,6.4,1.9,4.5,61.7
,80.01422,7.08641,6.4,1.9,4.5,61.7
,79.99147,7.05056,6.4,1.9,4.5,62.1
,80.02499,7.08776,6.4,1.9,4.5,60.8
,80.0223,7.07364,6.4,1.9,4.5,60.3
,80.0209,7.08405,6.4,1.9,4.5,61.0
,80.01444,7.08256,6.4,1.9,4.5,61.5
,80.021,7.06392,6.4,1.9,4.5,59.9
,79.88963,7.10677,6.4,1.9,4.5,75.0
,80.02243,7.07307,6.4,1.9,4.5,60.2
,80.02247,7.07345,6.4,1.9,4.5,60.3
,80.02193,7.07917,6.4,1.9,4.5,60.6
,80.04943,7.09356,6.4,1.9,4.5,58.8
,79.88958,7.10383,6.4,1.9,4.5,74.8
,79.93468,7.09021,6.4,1.9,4.5,69.7
,79.96286,7.04439,6.4,1.9,4.5,64.7
,79.98696,7.03782,6.4,1.9,4.5,62.0
,79.98929,7.03675,6.4,1.9,4.5,61.7
,79.98678,7.03962,6.4,1.9,4.5,62.1
,79.98849,7.03666,6.4,1.9,4.5,61.8
,80.00146,7.03312,6.4,1.9,4.5,60.3
,79.99725,7.03345,6.4,1.9,4.5,60.8
,79.99724,7.03328,6.4,1.9,4.5,60.8
,79.99741,7.08609,9.6,5.1,4.5,63.4
,79.88605,7.0723,6.4,1.9,4.5,73.8
,79.98613,7.09236,6.4,1.9,4.5,64.8
,79.96106,7.07755,6.4,1.9,4.5,66.5
,79.98441,7.03855,6.4,1.9,4.5,62.3
,79.99153,7.09447,6.4,1.9,4.5,64.4
,80.00897,7.0901,6.4,1.9,4.5,62.5
,80.01479,7.09638,6.4,1.9,4.5,62.2
,80.01765,7.09804,6.4,1.9,4.5,62.1
,79.98679,7.08235,6.4,1.9,4.5,64.2
,79.98533,7.07781,6.4,1.9,4.5,64.1
,80.01385,7.05541,6.4,1.9,4.5,60.2
,79.99149,7.08984,6.4,1.9,4.5,64.1
,80.02042,7.09312,6.4,1.9,4.5,61.5
,80.00791,7.08594,6.4,1.9,4.5,62.3
,80.00115,7.08289,6.4,1.9,4.5,62.8
,80.04466,7.11106,6.4,1.9,4.5,60.3
,80.04621,7.10834,6.4,1.9,4.5,60.0
,79.94603,7.06744,6.4,1.9,4.5,67.5
,79.97448,7.02829,6.4,1.9,4.5,62.9
Samurdi bank,79.93945,7.1013,6.4,1.9,4.5,69.8
,79.95086,7.08011,6.4,1.9,4.5,67.6
,79.94273,7.10286,6.4,1.9,4.5,69.6
,80.0182,7.09806,6.4,1.9,4.5,62.0
,79.99706,7.03342,6.4,1.9,4.5,60.8
,80.03733,7.07837,6.4,1.9,4.5,59.1
,80.02398,7.07035,6.4,1.9,4.5,59.9
,79.9855,7.07787,6.4,1.9,4.5,64.1
,79.89109,7.09796,6.4,1.9,4.5,74.4
,79.90597,7.12003,6.4,1.9,4.5,74.0
,79.89173,7.09821,6.4,1.9,4.5,74.4
,79.88811,7.08026,9.6,5.1,4.5,73.9
,79.99558,7.08447,6.4,1.9,4.5,63.4
,79.91007,7.07776,6.4,1.9,4.5,71.6
,79.89256,7.06141,6.4,1.9,4.5,72.6
,79.89374,7.06266,6.4,1.9,4.5,72.6
,79.89718,7.06275,6.4,1.9,4.5,72.2
,79.89769,7.05792,6.4,1.9,4.5,72.0
,79.89776,7.05795,6.4,1.9,4.5,71.9
,79.96286,7.06298,6.4,1.9,4.5,65.6
,80.00805,7.08592,6.4,1.9,4.5,62.3
,79.91696,7.11877,6.4,1.9,4.5,72.9
,79.91334,7.12592,6.4,1.9,4.5,73.6
,80.00705,7.08569,6.4,1.9,4.5,62.4
,79.94752,7.06055,6.4,1.9,4.5,67.0
,79.89051,7.14112,6.4,1.9,4.5,76.6
,79.89388,7.06949,6.4,1.9,4.5,72.8
Farnaz Villa,79.86496,6.85313,6.4,1.9,4.5,70.3
Dept.o Fine Arts,80.60082,7.25744,6.4,1.9,4.5,50.8
,80.37258,6.65812,6.4,1.9,4.5,21.8
national telecommunication museum,80.09329,6.8533,6.4,1.9,4.5,45.2
Dutch Warehouse (National Maritime Museum),80.21844,6.02815,6.4,2.0,4.4,91.8
,79.95999,7.05443,6.4,2.0,4.4,65.5
,79.97908,7.08799,6.4,2.0,4.4,65.2
,79.95575,7.06603,6.4,2.0,4.4,66.4
,79.96441,7.0644,6.4,2.0,4.4,65.5
,79.97971,7.07627,6.4,2.0,4.4,64.6
,79.96885,7.07718,6.4,2.0,4.4,65.7
Sewa Piyasa,79.9346,7.10507,6.4,2.0,4.4,70.5
Shopping Complex,79.9925,7.09185,6.4,2.0,4.4,64.1
,80.01096,7.09503,6.4,2.0,4.4,62.5
,79.94653,7.08267,9.6,5.2,4.4,68.2
,80.00979,7.09023,6.4,2.0,4.4,62.4
,80.0375,7.09664,6.4,2.0,4.4,60.1
,80.03055,7.10977,6.4,2.0,4.4,61.5
,79.93624,7.10686,6.4,2.0,4.4,70.4
,79.93903,7.10446,6.4,2.0,4.4,70.0
,80.041,7.11489,6.4,2.0,4.4,60.9
,80.00289,7.08817,6.4,2.0,4.4,62.9
,79.99432,7.07535,6.4,2.0,4.4,63.1
,79.923,7.06944,6.4,2.0,4.4,69.9
,79.98728,7.07719,6.4,2.0,4.4,63.9
,80.00037,7.09068,6.4,2.0,4.4,63.3
,79.99972,7.09084,6.4,2.0,4.4,63.4
,80.02324,7.09206,6.4,2.0,4.4,61.2
,80.0203,7.09112,6.4,2.0,4.4,61.4
,80.01654,7.09315,6.4,2.0,4.4,61.9
,80.01722,7.07445,6.4,2.0,4.4,60.8
,79.88732,7.0728,6.4,2.0,4.4,73.6
,80.03237,7.08986,6.4,2.0,4.4,60.2
,80.02777,7.08957,6.4,2.0,4.4,60.6
,80.01387,7.08588,6.4,2.0,4.4,61.8
,80.01402,7.08587,6.4,2.0,4.4,61.7
,79.93097,7.08279,6.4,2.0,4.4,69.7
,79.93105,7.08301,6.4,2.0,4.4,69.7
,80.02686,7.08802,6.4,2.0,4.4,60.6
,80.03874,7.07694,6.4,2.0,4.4,58.9
,79.93119,7.08279,6.4,2.0,4.4,69.7
,79.93591,7.08814,6.4,2.0,4.4,69.5
,79.9253,7.08847,6.4,2.0,4.4,70.5
,80.02342,7.07119,6.4,2.0,4.4,60.0
,79.99983,7.05126,6.4,2.0,4.4,61.3
,79.91399,7.07236,6.4,2.0,4.4,70.9
,80.00887,7.04172,6.4,2.0,4.4,60.0
,79.90755,7.07265,6.4,2.0,4.4,71.6
,79.9626,7.03674,6.4,2.0,4.4,64.4
,79.98709,7.03661,6.4,2.0,4.4,61.9
,79.98724,7.03665,6.4,2.0,4.4,61.9
,79.9882,7.0368,6.4,2.0,4.4,61.8
,79.95597,7.06616,6.4,2.0,4.4,66.4
,80.01502,7.08986,6.4,2.0,4.4,61.9
,79.96788,7.07435,6.4,2.0,4.4,65.6
,79.90747,7.07252,6.4,2.0,4.4,71.6
,79.99297,7.08611,6.4,2.0,4.4,63.8
,80.0342,7.07992,6.4,2.0,4.4,59.5
,80.04059,7.09537,6.4,2.0,4.4,59.8
,80.013,7.09742,6.4,2.0,4.4,62.5
,79.9911,7.08813,6.4,2.0,4.4,64.1
,80.00447,7.08791,6.4,2.0,4.4,62.8
,79.99136,7.08999,6.4,2.0,4.4,64.1
,80.01423,7.09123,6.4,2.0,4.4,62.0
,79.9965,7.08975,6.4,2.0,4.4,63.6
,79.98719,7.07724,6.4,2.0,4.4,63.9
,80.05337,7.11312,6.4,2.0,4.4,59.6
,80.00719,7.08928,6.4,2.0,4.4,62.6
,80.00726,7.08935,6.4,2.0,4.4,62.6
,79.98097,7.05134,6.4,2.0,4.4,63.2
,79.99832,7.07002,6.4,2.0,4.4,62.4
,80.04777,7.10364,6.4,2.0,4.4,59.6
BOC,79.96127,7.06734,6.4,2.0,4.4,66.0
,79.94775,7.08339,6.4,2.0,4.4,68.1
,79.89873,7.0865,6.4,2.0,4.4,73.1
,80.01977,7.09016,6.4,2.0,4.4,61.4
,79.99649,7.03691,6.4,2.0,4.4,61.0
Litro Gas Deler,79.88905,7.08264,9.6,5.2,4.4,73.9
,79.89092,7.09095,6.4,2.0,4.4,74.1
,79.89091,7.09103,6.4,2.0,4.4,74.1
,79.89129,7.09343,6.4,2.0,4.4,74.2
,79.99304,7.08604,6.4,2.0,4.4,63.8
,79.99308,7.08612,6.4,2.0,4.4,63.8
,79.99314,7.08601,6.4,2.0,4.4,63.8
,79.89128,7.09061,6.4,2.0,4.4,74.0
,79.88721,7.0807,6.4,2.0,4.4,74.0
,79.89872,7.08632,6.4,2.0,4.4,73.1
,79.8939,7.06124,6.4,2.0,4.4,72.5
,79.89706,7.0856,6.4,2.0,4.4,73.2
,79.89327,7.08321,6.4,2.0,4.4,73.5
,79.89751,7.05793,6.4,2.0,4.4,72.0
,79.89616,7.05826,6.4,2.0,4.4,72.1
,80.00453,7.08779,6.4,2.0,4.4,62.8
,80.00429,7.08794,6.4,2.0,4.4,62.8
,79.91859,7.07063,6.4,2.0,4.4,70.4
,79.91284,7.15417,6.4,2.0,4.4,75.2
Sanasa Wijayakatupotha,79.85659,7.72776,7.0,2.6,4.4,123.9
,80.36889,6.6645,6.4,2.0,4.4,21.6
,80.36024,6.68667,6.4,2.0,4.4,20.5
Fareesha Aurvedic,80.4793,8.03486,9.6,5.2,4.4,135.5
Laksiri Fashions,80.06298,6.7156,16.0,11.6,4.4,49.4
,80.06314,6.71554,16.0,11.6,4.4,49.3
,79.96113,7.06716,6.4,2.1,4.3,66.0
,79.96113,7.06789,9.6,5.3,4.3,66.0
Brandix Lingerie Solutions Center,80.00553,6.96494,6.4,2.1,4.3,57.2
,80.00918,7.06611,6.4,2.1,4.3,61.2
Wee gabadawa,80.27307,7.82144,10.0,5.7,4.3,114.7
,79.96502,7.07261,6.4,2.1,4.3,65.8
,80.05463,7.11456,6.4,2.1,4.3,59.6
,79.97153,7.04707,6.4,2.1,4.3,64.0
,79.95889,7.06574,6.4,2.1,4.3,66.1
,79.96558,7.07062,6.4,2.1,4.3,65.7
,79.96506,7.07274,6.4,2.1,4.3,65.8
,79.97233,7.07029,6.4,2.1,4.3,65.0
Sandamal Tyre House,79.97689,7.09419,6.4,2.1,4.3,65.8
,80.00309,7.09297,6.4,2.1,4.3,63.2
,80.00542,7.09019,6.4,2.1,4.3,62.8
,80.0118,7.07323,6.4,2.1,4.3,61.3
,80.01153,7.05759,6.4,2.1,4.3,60.5
,80.01423,7.09665,6.4,2.1,4.3,62.3
,79.93477,7.10282,6.4,2.1,4.3,70.3
,79.93495,7.10284,6.4,2.1,4.3,70.3
,80.03551,7.08286,6.4,2.1,4.3,59.5
,79.95445,7.07924,6.4,2.1,4.3,67.2
,80.03061,7.08298,6.4,2.1,4.3,60.0
,79.99664,7.09039,6.4,2.1,4.3,63.7
,79.95242,7.07146,6.4,2.1,4.3,67.0
,79.92955,7.10135,6.4,2.1,4.3,70.8
,80.01741,7.0536,6.4,2.1,4.3,59.7
,79.94092,7.10131,6.4,2.1,4.3,69.6
,80.0029,7.08556,6.4,2.1,4.3,62.8
,79.94065,7.10074,6.4,2.1,4.3,69.6
,79.99827,7.0907,6.4,2.1,4.3,63.5
,79.99823,7.09055,6.4,2.1,4.3,63.5
,79.99576,7.07528,6.4,2.1,4.3,62.9
,79.98957,7.07489,6.4,2.1,4.3,63.5
,79.9821,7.07772,6.4,2.1,4.3,64.4
,79.97568,7.06799,6.4,2.1,4.3,64.6
,79.98464,7.07434,6.4,2.1,4.3,64.0
,80.00086,7.09057,6.4,2.1,4.3,63.3
,80.00205,7.09229,6.4,2.1,4.3,63.2
,80.02004,7.09017,6.4,2.1,4.3,61.4
,80.01173,7.0802,6.4,2.1,4.3,61.7
,80.01185,7.08,6.4,2.1,4.3,61.6
,80.04602,7.09259,6.4,2.1,4.3,59.1
,80.02818,7.08698,6.4,2.1,4.3,60.4
,80.02787,7.08513,6.4,2.1,4.3,60.4
,80.01799,7.08112,6.4,2.1,4.3,61.1
,79.93202,7.0888,6.4,2.1,4.3,69.9
,80.01645,7.06327,6.4,2.1,4.3,60.3
,79.98208,7.04732,6.4,2.1,4.3,62.9
,79.98345,7.04545,6.4,2.1,4.3,62.7
,79.98294,7.03645,6.4,2.1,4.3,62.4
,79.98308,7.03641,6.4,2.1,4.3,62.3
,79.97426,7.02709,6.4,2.1,4.3,62.8
,79.96496,7.04087,6.4,2.1,4.3,64.4
,79.89123,7.09236,6.4,2.1,4.3,74.1
,79.96777,7.03484,6.4,2.1,4.3,63.8
,79.98228,7.04733,6.4,2.1,4.3,62.9
,79.96059,7.05673,6.4,2.1,4.3,65.5
,79.99483,7.03246,6.4,2.1,4.3,61.0
,79.9272,7.06307,6.4,2.1,4.3,69.2
Sewara Resturant,80.02729,7.02784,6.4,2.1,4.3,57.5
,79.96233,7.06027,6.4,2.1,4.3,65.5
,79.90209,7.07228,6.4,2.1,4.3,72.1
,79.99095,7.08936,6.4,2.1,4.3,64.2
,80.01271,7.05771,6.4,2.1,4.3,60.4
,80.02412,7.08459,6.4,2.1,4.3,60.7
,80.00918,7.07308,6.4,2.1,4.3,61.5
,79.96778,7.03502,6.4,2.1,4.3,63.8
,79.96785,7.03498,6.4,2.1,4.3,63.8
,80.02144,7.10743,6.4,2.1,4.3,62.3
,80.01359,7.07791,6.4,2.1,4.3,61.4
,79.89673,7.07625,6.4,2.1,4.3,72.8
,80.05269,7.11907,6.4,2.1,4.3,60.1
,79.96094,7.0673,6.4,2.1,4.3,66.0
,79.96154,7.05844,6.4,2.1,4.3,65.5
,79.94195,7.08554,6.4,2.1,4.3,68.8
WP Beer Shop,79.94703,7.09981,6.4,2.1,4.3,69.0
,79.94297,7.1012,6.4,2.1,4.3,69.4
,79.96651,7.04803,6.4,2.1,4.3,64.5
,80.01794,7.08106,6.4,2.1,4.3,61.1
,80.05443,7.09248,6.4,2.1,4.3,58.3
,80.0284,7.08684,6.4,2.1,4.3,60.4
,80.04604,7.09267,6.4,2.1,4.3,59.1
,79.98806,7.05056,6.4,2.1,4.3,62.5
,80.00547,7.09098,6.4,2.1,4.3,62.8
,79.89587,7.07807,6.4,2.1,4.3,73.0
,79.89577,7.07793,6.4,2.1,4.3,73.0
,79.89589,7.07788,6.4,2.1,4.3,73.0
,79.90158,7.08264,6.4,2.1,4.3,72.6
,79.89906,7.08316,6.4,2.1,4.3,72.9
,79.91672,7.12523,6.4,2.1,4.3,73.2
,79.96093,7.06712,6.4,2.1,4.3,66.0
,79.96095,7.0672,6.4,2.1,4.3,66.0
,79.9117,7.13531,6.4,2.1,4.3,74.3
,79.93255,7.1155,6.4,2.1,4.3,71.2
Residential house,79.95909,7.37419,6.4,2.1,4.3,86.4
Residential house,79.94651,7.40719,6.4,2.1,4.3,90.0
,80.38998,6.63963,6.4,2.1,4.3,22.3
,80.07607,6.69339,6.4,2.1,4.3,48.5
,80.40596,8.32584,19.2,14.9,4.3,168.0
commercial building complex,80.06307,6.7166,9.0,4.7,4.3,49.3
,79.99146,7.08834,6.4,2.2,4.2,64.0
,79.94808,7.0611,6.4,2.2,4.2,67.0
,79.95775,7.05902,6.4,2.2,4.2,65.9
,79.98775,7.08101,6.4,2.2,4.2,64.0
,79.96484,7.07489,6.4,2.2,4.2,66.0
,80.03822,7.08035,6.4,2.2,4.2,59.1
,80.03805,7.08075,6.4,2.2,4.2,59.2
,80.01418,7.09646,6.4,2.2,4.2,62.3
,79.93515,7.10253,6.4,2.2,4.2,70.3
,79.99323,7.06405,6.4,2.2,4.2,62.6
,80.03255,7.07637,6.4,2.2,4.2,59.4
,80.00385,7.05213,6.4,2.2,4.2,61.0
,80.01688,7.05427,6.4,2.2,4.2,59.8
,79.9419,7.1015,6.4,2.2,4.2,69.6
,79.98875,7.07407,6.4,2.2,4.2,63.6
,79.99956,7.0865,6.4,2.2,4.2,63.2
,79.99855,7.08706,6.4,2.2,4.2,63.3
,79.99844,7.08714,6.4,2.2,4.2,63.3
,79.94991,7.09995,6.4,2.2,4.2,68.7
,80.0496,7.10837,6.4,2.2,4.2,59.7
,80.02793,7.09213,6.4,2.2,4.2,60.8
,79.9154,7.07415,6.4,2.2,4.2,70.9
,80.03554,7.08917,12.8,8.6,4.2,59.9
,80.02701,7.07745,6.4,2.2,4.2,60.0
,80.03043,7.08447,6.4,2.2,4.2,60.1
Tecnical Colleage - canteen,80.02595,7.08306,6.4,2.2,4.2,60.4
,80.05114,7.08995,6.4,2.2,4.2,58.4
,80.04963,7.09347,6.4,2.2,4.2,58.8
,79.98384,7.03664,6.4,2.2,4.2,62.3
,79.98403,7.03813,6.4,2.2,4.2,62.3
,79.91753,7.09043,6.4,2.2,4.2,71.4
,79.98654,7.04062,6.4,2.2,4.2,62.2
,79.97579,7.03342,6.4,2.2,4.2,62.9
,79.89525,7.06971,6.4,2.2,4.2,72.7
,79.94186,7.10134,6.4,2.2,4.2,69.6
,79.99701,7.0902,6.4,2.2,4.2,63.6
,79.91647,7.10061,6.4,2.2,4.2,72.0
,79.99468,7.03193,6.4,2.2,4.2,61.0
,79.94721,7.06395,6.4,2.2,4.2,67.2
,79.94059,7.06402,6.4,2.2,4.2,67.9
,79.93139,7.06887,6.4,2.2,4.2,69.0
,80.00342,7.09559,6.4,2.2,4.2,63.3
,80.01314,7.10099,6.4,2.2,4.2,62.7
,80.0027,7.08858,6.4,2.2,4.2,63.0
TMR Roofing,79.95449,7.09395,6.4,2.2,4.2,67.9
Sanasa,80.00468,7.06862,6.4,2.2,4.2,61.7
,80.01707,7.05436,6.4,2.2,4.2,59.8
,79.94758,7.09978,6.4,2.2,4.2,68.9
,79.92985,7.10462,6.4,2.2,4.2,70.9
,79.94979,7.09994,6.4,2.2,4.2,68.7
,80.01269,7.09246,6.4,2.2,4.2,62.2
,80.00277,7.09296,6.4,2.2,4.2,63.2
,79.98885,7.05034,6.4,2.2,4.2,62.4
,79.99395,7.09442,6.4,2.2,4.2,64.1
,79.97405,7.02808,6.4,2.2,4.2,62.9
,79.88739,7.08017,6.4,2.2,4.2,74.0
,79.8872,7.08084,6.4,2.2,4.2,74.0
,79.90407,7.08437,6.4,2.2,4.2,72.5
,79.91017,7.08457,6.4,2.2,4.2,71.9
,79.88702,7.08083,6.4,2.2,4.2,74.0
,79.88727,7.0801,6.4,2.2,4.2,74.0
,79.89703,7.05759,6.4,2.2,4.2,72.0
,79.91095,7.13131,6.4,2.2,4.2,74.1
,79.88714,7.12819,6.4,2.2,4.2,76.3
,80.01712,7.08431,6.4,2.2,4.2,61.4
Senior Prefect Guild Room,79.8758,6.92351,6.4,2.2,4.2,70.1
Nalanda College Stadium,79.87459,6.92363,6.4,2.2,4.2,70.2
,79.96272,7.06247,6.4,2.3,4.1,65.6
,79.96997,7.07967,6.4,2.3,4.1,65.7
,79.96376,7.065,6.4,2.3,4.1,65.6
,79.98565,7.08125,6.4,2.3,4.1,64.2
,79.97096,7.05696,6.4,2.3,4.1,64.5
,79.96161,7.06755,6.4,2.3,4.1,65.9
,79.95328,7.0946,6.4,2.3,4.1,68.1
,79.99321,7.06101,6.4,2.3,4.1,62.5
,79.96447,7.07493,6.4,2.3,4.1,66.0
,80.03775,7.08137,6.4,2.3,4.1,59.2
,80.03791,7.0816,6.4,2.3,4.1,59.2
,80.01883,7.09799,6.4,2.3,4.1,62.0
,79.99421,7.08531,6.4,2.3,4.1,63.6
,79.9329,7.10408,6.4,2.3,4.1,70.6
,80.00843,7.09075,6.4,2.3,4.1,62.5
,79.9442,7.0728,6.4,2.3,4.1,67.9
,80.03912,7.09673,6.4,2.3,4.1,60.0
,79.99373,7.09452,6.4,2.3,4.1,64.2
,79.93176,7.10748,6.4,2.3,4.1,70.9
,79.93729,7.10048,6.4,2.3,4.1,70.0
,80.0082,7.08622,6.4,2.3,4.1,62.3
,80.01033,7.0849,6.4,2.3,4.1,62.0
,80.00924,7.08758,6.4,2.3,4.1,62.3
,80.01463,7.06097,6.4,2.3,4.1,60.4
,80.00274,7.08613,6.4,2.3,4.1,62.8
,80.00469,7.08798,6.4,2.3,4.1,62.8
,79.99783,7.08519,6.4,2.3,4.1,63.3
,80.00097,7.08475,6.4,2.3,4.1,62.9
,80.00066,7.0906,6.4,2.3,4.1,63.3
,80.04676,7.10799,6.4,2.3,4.1,59.9
,80.01197,7.08082,6.4,2.3,4.1,61.7
,80.01337,7.08272,6.4,2.3,4.1,61.6
,80.01311,7.08186,6.4,2.3,4.1,61.6
Community hall,79.90051,7.15566,6.4,2.3,4.1,76.5
,79.91822,7.07165,6.4,2.3,4.1,70.5
,79.9818,7.04986,6.4,2.3,4.1,63.1
,80.03512,7.08675,6.4,2.3,4.1,59.8
,80.03226,7.08835,6.4,2.3,4.1,60.1
,80.0415,7.09322,6.4,2.3,4.1,59.5
,80.04157,7.09311,6.4,2.3,4.1,59.5
,80.02755,7.08532,6.4,2.3,4.1,60.4
,80.02688,7.08821,6.4,2.3,4.1,60.6
,80.02581,7.08423,6.4,2.3,4.1,60.5
,79.9342,7.09081,6.4,2.3,4.1,69.8
,79.96893,7.04224,6.4,2.3,4.1,64.0
,79.98734,7.04005,6.4,2.3,4.1,62.1
,79.89117,7.09454,6.4,2.3,4.1,74.2
,79.97895,7.06685,6.4,2.3,4.1,64.2
,80.02229,7.07264,6.4,2.3,4.1,60.2
,79.93021,7.0657,6.4,2.3,4.1,69.0
,80.03209,7.07691,6.4,2.3,4.1,59.5
,79.94319,7.08495,6.4,2.3,4.1,68.6
,80.01035,7.08502,6.4,2.3,4.1,62.0
,79.9741,7.07454,6.4,2.3,4.1,65.0
,79.89953,7.06022,6.4,2.3,4.1,71.9
,80.0066,7.08817,9.6,5.5,4.1,62.6
,80.04171,7.09917,6.4,2.3,4.1,59.9
,80.00676,7.06637,6.4,2.3,4.1,61.4
,79.97883,7.06682,6.4,2.3,4.1,64.2
,80.03494,7.07989,6.4,2.3,4.1,59.4
,80.0273,7.07254,6.4,2.3,4.1,59.7
,80.02389,7.07005,6.4,2.3,4.1,59.9
,79.88826,7.09505,6.4,2.3,4.1,74.6
,80.00289,7.08615,6.4,2.3,4.1,62.8
,79.90969,7.0782,6.4,2.3,4.1,71.6
,79.91656,7.10197,6.4,2.3,4.1,72.1
,79.89775,7.08356,6.4,2.3,4.1,73.1
,79.96255,7.05757,6.4,2.3,4.1,65.4
,80.00834,7.07839,6.4,2.3,4.1,61.9
,79.87869,7.12176,6.4,2.3,4.1,76.8
,79.91016,7.13078,6.4,2.3,4.1,74.2
President's House,79.8427,6.93611,6.4,2.3,4.1,73.9
Udumuduna Watta,80.57834,7.23905,6.4,2.3,4.1,48.3
Colombo Lighthouse,79.84079,6.9363,15.0,10.9,4.1,74.1
,79.90668,6.84989,6.4,2.3,4.1,65.7
,80.07672,6.6913,6.4,2.3,4.1,48.5
,80.36342,6.63509,6.4,2.3,4.1,24.5
Sri Thaksala Maha Vidyalaya,79.90379,6.75279,6.4,2.3,4.1,66.1
CR Export Pvt Ltd,80.00806,7.06522,6.4,2.4,4.0,61.2
,79.96271,7.06258,6.4,2.4,4.0,65.6
,79.97451,7.02697,6.4,2.4,4.0,62.8
,79.97,7.05888,6.4,2.4,4.0,64.7
,79.97957,7.07694,6.4,2.4,4.0,64.6
,79.99522,7.08397,6.4,2.4,4.0,63.5
,79.99506,7.08376,6.4,2.4,4.0,63.5
,79.97817,7.09364,6.4,2.4,4.0,65.6
,79.94431,7.08668,6.4,2.4,4.0,68.6
,80.03861,7.07996,6.4,2.4,4.0,59.1
,80.03876,7.07987,6.4,2.4,4.0,59.0
,80.01088,7.09935,6.4,2.4,4.0,62.8
,79.9926,7.09181,6.4,2.4,4.0,64.1
,80.03519,7.08328,6.4,2.4,4.0,59.6
,80.03459,7.07972,6.4,2.4,4.0,59.4
,80.02589,7.09592,6.4,2.4,4.0,61.2
,79.94489,7.09678,6.4,2.4,4.0,69.0
,80.00635,7.08803,6.4,2.4,4.0,62.6
,80.00667,7.08918,6.4,2.4,4.0,62.6
,79.99789,7.09063,6.4,2.4,4.0,63.5
,79.98946,7.08508,6.4,2.4,4.0,64.1
,79.99885,7.08649,6.4,2.4,4.0,63.2
,80.00008,7.08688,6.4,2.4,4.0,63.1
,79.98631,7.09202,6.4,2.4,4.0,64.7
,80.0168,7.09496,6.4,2.4,4.0,62.0
,80.04291,7.1065,6.4,2.4,4.0,60.2
,80.01658,7.09104,6.4,2.4,4.0,61.8
,80.01659,7.0908,6.4,2.4,4.0,61.8
,80.00983,7.0843,6.4,2.4,4.0,62.1
,80.00994,7.08431,6.4,2.4,4.0,62.0
,80.00996,7.08444,6.4,2.4,4.0,62.1
,80.01148,7.08088,6.4,2.4,4.0,61.7
,79.96434,7.05634,6.4,2.4,4.0,65.1
,79.96436,7.05646,6.4,2.4,4.0,65.1
,79.88732,7.07242,6.4,2.4,4.0,73.6
Animal Hospital,79.89279,7.07209,6.4,2.4,4.0,73.1
,80.02743,7.0906,6.4,2.4,4.0,60.7
,80.03233,7.08853,6.4,2.4,4.0,60.1
,80.02549,7.09401,6.4,2.4,4.0,61.1
,80.02552,7.09387,6.4,2.4,4.0,61.1
,80.02232,7.08978,6.4,2.4,4.0,61.2
,80.01624,7.07289,6.4,2.4,4.0,60.8
,80.01611,7.07285,6.4,2.4,4.0,60.8
,80.0205,7.08086,6.4,2.4,4.0,60.8
,80.0489,7.09456,6.4,2.4,4.0,58.9
,79.97943,7.04056,6.4,2.4,4.0,62.9
,79.98025,7.03644,6.4,2.4,4.0,62.6
,79.99004,7.03474,6.4,2.4,4.0,61.6
Uthitha Auruweada Home,79.93512,7.10274,6.4,2.4,4.0,70.3
,80.03395,7.08708,6.4,2.4,4.0,59.9
,79.94224,7.06591,6.4,2.4,4.0,67.8
,79.92814,7.06272,6.4,2.4,4.0,69.1
,80.01534,7.03482,6.4,2.4,4.0,59.0
,80.00104,7.08298,6.4,2.4,4.0,62.8
,79.93327,7.09253,6.4,2.4,4.0,70.0
,80.01797,7.09479,6.4,2.4,4.0,61.9
,79.97715,7.09722,6.4,2.4,4.0,65.9
,80.01243,7.08289,6.4,2.4,4.0,61.7
,79.98108,7.06574,6.4,2.4,4.0,63.9
,79.97955,7.04077,6.4,2.4,4.0,62.9
Dharmasoka College Auditorium,80.05489,6.24098,7.0,3.0,4.0,79.8
,80.01555,7.03486,6.4,2.4,4.0,59.0
,80.04476,7.10953,6.4,2.4,4.0,60.2
,80.03574,7.07444,6.4,2.4,4.0,59.0
,79.94678,7.08288,6.4,2.4,4.0,68.1
,79.94695,7.08222,6.4,2.4,4.0,68.1
,80.01804,7.09462,6.4,2.4,4.0,61.8
,79.97633,7.06829,6.4,2.4,4.0,64.5
,79.998,7.09051,6.4,2.4,4.0,63.5
,80.04716,7.09548,6.4,2.4,4.0,59.1
,79.89886,7.08561,6.4,2.4,4.0,73.1
,79.89479,7.0636,6.4,2.4,4.0,72.5
,79.95965,7.05659,6.4,2.4,4.0,65.6
,80.00623,7.08792,6.4,2.4,4.0,62.6
,79.91641,7.12406,6.4,2.4,4.0,73.2
,79.96128,7.06815,9.6,5.6,4.0,66.0
,79.91182,7.13445,6.4,2.4,4.0,74.2
,79.91185,7.13484,6.4,2.4,4.0,74.2
,79.91185,7.13505,6.4,2.4,4.0,74.2
,79.91167,7.13496,6.4,2.4,4.0,74.3
,79.91172,7.13505,6.4,2.4,4.0,74.3
,79.91176,7.13476,6.4,2.4,4.0,74.2
,80.04896,7.11305,6.4,2.4,4.0,60.0
,79.90072,7.14798,6.4,2.4,4.0,76.0
Reading Room,79.91519,6.97553,6.4,2.4,4.0,67.1
Prasad Fashion Square,80.0055,6.84241,9.0,5.0,4.0,54.7
,80.27353,7.82162,6.4,2.4,4.0,114.7
,79.87948,6.89511,7.0,3.0,4.0,69.2
,80.05347,7.11925,6.4,2.5,3.9,60.0
,79.95855,7.0659,6.4,2.5,3.9,66.2
,79.96568,7.07158,6.4,2.5,3.9,65.7
,79.96549,7.07154,6.4,2.5,3.9,65.7
,79.94453,7.09424,6.4,2.5,3.9,68.9
,79.94235,7.09418,6.4,2.5,3.9,69.1
,79.96647,7.07387,6.4,2.5,3.9,65.8
,80.01387,7.09733,6.4,2.5,3.9,62.4
,79.9542,7.07975,6.4,2.5,3.9,67.3
,79.95119,7.07057,6.4,2.5,3.9,67.1
,79.93164,7.10771,6.4,2.5,3.9,70.9
,80.02807,7.11086,6.4,2.5,3.9,61.8
,80.01691,7.05122,6.4,2.5,3.9,59.7
,79.94197,7.09666,6.4,2.5,3.9,69.3
,79.9998,7.07176,6.4,2.5,3.9,62.4
,80.00174,7.09237,6.4,2.5,3.9,63.3
,80.02118,7.09176,6.4,2.5,3.9,61.4
,80.00711,7.08453,6.4,2.5,3.9,62.3
,80.05179,7.11031,6.4,2.5,3.9,59.6
,80.04547,7.10885,9.6,5.7,3.9,60.1
,79.88963,7.0745,6.4,2.5,3.9,73.5
,79.91926,7.06882,6.4,2.5,3.9,70.2
,80.03354,7.09006,6.4,2.5,3.9,60.1
,79.98106,7.05129,6.4,2.5,3.9,63.2
,79.9106,7.15255,6.4,2.5,3.9,75.3
,80.03632,7.08495,6.4,2.5,3.9,59.6
,80.0279,7.07767,6.4,2.5,3.9,60.0
,80.03131,7.08865,6.4,2.5,3.9,60.2
,80.02795,7.08954,6.4,2.5,3.9,60.6
,79.90194,7.14761,6.4,2.5,3.9,75.9
,79.93418,7.08784,6.4,2.5,3.9,69.6
,79.93418,7.08767,6.4,2.5,3.9,69.6
,79.93569,7.08824,6.4,2.5,3.9,69.5
,79.91236,7.07087,6.4,2.5,3.9,71.0
,79.96433,7.03741,6.4,2.5,3.9,64.3
,80.01466,7.03825,6.4,2.5,3.9,59.2
,79.92432,7.09044,6.4,2.5,3.9,70.7
,79.96395,7.03706,6.4,2.5,3.9,64.3
P.S. Trading Company,79.9915,7.03698,9.6,5.7,3.9,61.5
,79.99323,7.03686,6.4,2.5,3.9,61.3
,79.9928,7.03649,6.4,2.5,3.9,61.4
,79.96089,7.0682,6.4,2.5,3.9,66.0
,79.94381,7.09396,6.4,2.5,3.9,69.0
,79.97606,7.06211,6.4,2.5,3.9,64.2
,79.9405,7.06628,6.4,2.5,3.9,68.0
,79.98261,7.03567,6.4,2.5,3.9,62.4
,80.01793,7.09515,6.4,2.5,3.9,61.9
,80.01355,7.08209,6.4,2.5,3.9,61.6
,79.98841,7.04323,6.4,2.5,3.9,62.1
,80.00512,7.05307,6.4,2.5,3.9,60.9
,80.01198,7.07356,6.4,2.5,3.9,61.3
,80.00392,7.05169,6.4,2.5,3.9,61.0
,80.00467,7.05244,6.4,2.5,3.9,60.9
,80.03136,7.09045,6.4,2.5,3.9,60.3
,80.02736,7.09422,6.4,2.5,3.9,60.9
,80.02746,7.09424,6.4,2.5,3.9,60.9
,80.00451,7.05462,6.4,2.5,3.9,61.0
,80.00738,7.08446,6.4,2.5,3.9,62.3
,80.01435,7.07565,6.4,2.5,3.9,61.2
,79.92884,7.06519,6.4,2.5,3.9,69.1
,80.01353,7.06575,6.4,2.5,3.9,60.7
,80.0135,7.09469,6.4,2.5,3.9,62.3
PN Fernando Restaurant,79.88819,7.08254,6.4,2.5,3.9,74.0
,79.99346,7.07376,6.4,2.5,3.9,63.1
,80.00469,7.07143,6.4,2.5,3.9,61.9
,79.97409,7.05002,6.4,2.5,3.9,63.9
,79.9713,7.06949,6.4,2.5,3.9,65.1
,79.888,7.08243,6.4,2.5,3.9,74.0
,79.88784,7.08248,6.4,2.5,3.9,74.0
,79.88822,7.07956,6.4,2.5,3.9,73.9
,80.02812,7.08948,6.4,2.5,3.9,60.6
,80.02844,7.09165,6.4,2.5,3.9,60.7
,79.88275,7.07601,6.4,2.5,3.9,74.3
,79.89676,7.07658,6.4,2.5,3.9,72.9
,79.89664,7.07659,6.4,2.5,3.9,72.9
,79.89365,7.06069,6.4,2.5,3.9,72.5
,79.89438,7.06367,6.4,2.5,3.9,72.5
,79.89083,7.08292,6.4,2.5,3.9,73.7
,80.04545,7.109,9.6,5.7,3.9,60.1
,79.91211,7.13502,6.4,2.5,3.9,74.2
,79.91248,7.13364,6.4,2.5,3.9,74.1
,79.91163,7.13425,6.4,2.5,3.9,74.2
,79.91359,7.12579,6.4,2.5,3.9,73.6
,79.91192,7.13494,6.4,2.5,3.9,74.2
,79.92195,7.07211,6.4,2.5,3.9,70.1
,80.41803,7.9939,6.4,2.5,3.9,131.3
,79.91479,6.97559,6.4,2.5,3.9,67.2
,80.0171,7.08367,6.4,2.5,3.9,61.3
,80.34205,6.70193,6.4,2.5,3.9,21.1
,80.8352,6.30426,6.4,2.5,3.9,67.1
,79.90785,6.85878,6.4,2.5,3.9,65.6
,80.30344,8.16414,6.4,2.5,3.9,151.4
,80.01145,7.08395,6.4,2.6,3.8,61.9
,79.95763,7.07159,6.4,2.6,3.8,66.5
,79.95679,7.07125,6.4,2.6,3.8,66.6
,79.97104,7.06251,6.4,2.6,3.8,64.8
,79.96692,7.06728,6.4,2.6,3.8,65.4
,79.97269,7.06968,6.4,2.6,3.8,64.9
Remarko,80.00186,6.97221,6.4,2.6,3.8,57.9
,80.00574,7.09465,6.4,2.6,3.8,63.0
,80.00478,7.09288,6.4,2.6,3.8,63.0
,80.00474,7.0927,6.4,2.6,3.8,63.0
,80.00456,7.09281,6.4,2.6,3.8,63.0
,80.01189,7.09216,6.4,2.6,3.8,62.3
,79.99357,7.09481,6.4,2.6,3.8,64.2
,80.04136,7.09886,6.4,2.6,3.8,59.9
,80.004,7.05197,6.4,2.6,3.8,61.0
,80.00659,7.06954,6.4,2.6,3.8,61.6
,80.0127,7.08953,6.4,2.6,3.8,62.1
,79.93947,7.09999,6.4,2.6,3.8,69.7
,80.00372,7.08887,6.4,2.6,3.8,62.9
,80.00367,7.08872,6.4,2.6,3.8,62.9
,80.00777,7.08886,6.4,2.6,3.8,62.5
,80.00068,7.08723,6.4,2.6,3.8,63.1
,80.00079,7.08722,6.4,2.6,3.8,63.1
,80.00159,7.0926,6.4,2.6,3.8,63.3
,80.01252,7.07516,6.4,2.6,3.8,61.3
,80.01255,7.07531,6.4,2.6,3.8,61.3
,80.01096,7.08152,6.4,2.6,3.8,61.8
,80.02702,7.09136,6.4,2.6,3.8,60.8
,79.91539,7.07447,6.4,2.6,3.8,70.9
,80.03631,7.08622,6.4,2.6,3.8,59.6
,80.02698,7.07769,6.4,2.6,3.8,60.0
,80.01522,7.08999,6.4,2.6,3.8,61.9
,80.02599,7.0866,6.4,2.6,3.8,60.6
,80.02676,7.08975,6.4,2.6,3.8,60.7
,80.02783,7.08975,6.4,2.6,3.8,60.6
,80.01976,7.08289,6.4,2.6,3.8,61.0
,80.0162,7.07305,6.4,2.6,3.8,60.8
,79.92588,7.08672,6.4,2.6,3.8,70.4
,79.91557,7.08377,6.4,2.6,3.8,71.3
,79.96653,7.05391,6.4,2.6,3.8,64.8
,79.93238,7.09293,6.4,2.6,3.8,70.1
,79.98949,7.03797,6.4,2.6,3.8,61.8
,79.91866,7.09093,6.4,2.6,3.8,71.3
,79.89133,7.09217,6.4,2.6,3.8,74.1
,79.97575,7.03046,6.4,2.6,3.8,62.8
,79.96718,7.03433,6.4,2.6,3.8,63.9
,79.99944,7.03323,6.4,2.6,3.8,60.5
,79.95192,7.05869,6.4,2.6,3.8,66.5
,79.95933,7.06082,6.4,2.6,3.8,65.8
,79.99357,7.03401,6.4,2.6,3.8,61.2
,79.93915,7.07179,6.4,2.6,3.8,68.4
,79.9594,7.06071,6.4,2.6,3.8,65.8
,79.96652,7.09241,6.4,2.6,3.8,66.7
,80.00647,7.09824,6.4,2.6,3.8,63.1
,80.03448,7.08621,6.4,2.6,3.8,59.8
,80.03516,7.08742,6.4,2.6,3.8,59.8
,80.00746,7.05243,9.6,5.8,3.8,60.6
,79.96979,7.06554,6.4,2.6,3.8,65.0
,80.02712,7.09064,6.4,2.6,3.8,60.8
,80.00718,7.08674,9.6,5.8,3.8,62.4
,80.00725,7.08686,9.6,5.8,3.8,62.4
,80.00845,7.0414,6.4,2.6,3.8,60.0
,79.96498,7.07482,6.4,2.6,3.8,65.9
"Anura Hotel ,Chandrika Hotel",79.93459,7.10423,6.4,2.6,3.8,70.4
Pre School,79.94064,7.10102,6.4,2.6,3.8,69.7
,80.02591,7.08047,6.4,2.6,3.8,60.3
,80.02667,7.08992,6.4,2.6,3.8,60.8
,79.89364,7.09429,6.4,2.6,3.8,74.0
,79.8936,7.09418,6.4,2.6,3.8,74.0
,79.89359,7.06085,6.4,2.6,3.8,72.5
,79.89377,7.06075,6.4,2.6,3.8,72.5
,79.91424,7.12476,6.4,2.6,3.8,73.5
,79.91615,7.12475,6.4,2.6,3.8,73.3
,79.96128,7.06819,6.4,2.6,3.8,66.0
,79.96092,7.0671,6.4,2.6,3.8,66.0
,79.9609,7.06702,6.4,2.6,3.8,66.0
,79.91152,7.13519,6.4,2.6,3.8,74.3
,79.91949,7.13747,6.4,2.6,3.8,73.6
,80.05641,7.11396,6.4,2.6,3.8,59.4
SOM of sltc,80.09183,6.85364,6.4,2.6,3.8,45.3
,80.27332,7.82103,6.0,2.2,3.8,114.6
Science Section,79.87583,6.9231,9.6,5.9,3.7,70.1
,80.00678,7.08805,9.6,5.9,3.7,62.6
,79.96491,7.07271,6.4,2.7,3.7,65.9
,79.9954,7.08846,6.4,2.7,3.7,63.7
,79.95285,7.06291,6.4,2.7,3.7,66.6
,79.98033,7.04948,6.4,2.7,3.7,63.2
,79.97051,7.08132,6.4,2.7,3.7,65.7
,79.98126,7.08339,6.4,2.7,3.7,64.8
,79.97849,7.09332,6.4,2.7,3.7,65.6
Central Bus Station,79.85463,6.93502,6.4,2.7,3.7,72.6
,80.02832,7.08065,6.4,2.7,3.7,60.1
,80.01204,7.07336,6.4,2.7,3.7,61.3
,80.01192,7.07338,6.4,2.7,3.7,61.3
,79.96422,7.07479,6.4,2.7,3.7,66.0
,79.96533,7.07574,6.4,2.7,3.7,66.0
,79.99675,7.08625,6.4,2.7,3.7,63.4
,79.93311,7.10164,6.4,2.7,3.7,70.4
,79.93989,7.07623,6.4,2.7,3.7,68.5
,79.98478,7.06521,6.4,2.7,3.7,63.5
,79.9896,7.04858,6.4,2.7,3.7,62.2
,80.03889,7.08824,6.4,2.7,3.7,59.5
,80.02771,7.11038,6.4,2.7,3.7,61.8
,80.00942,7.08982,6.4,2.7,3.7,62.4
Jeyantha Florist,80.0,7.09185,6.4,2.7,3.7,63.4
,79.98825,7.08996,6.4,2.7,3.7,64.4
,79.98825,7.09006,6.4,2.7,3.7,64.5
,80.02049,7.09098,6.4,2.7,3.7,61.4
,80.01949,7.09134,6.4,2.7,3.7,61.5
,79.93335,7.07152,6.4,2.7,3.7,68.9
,80.02577,7.09252,6.4,2.7,3.7,61.0
,80.02584,7.09268,6.4,2.7,3.7,61.0
,80.02558,7.07826,6.4,2.7,3.7,60.2
,80.02835,7.08724,6.4,2.7,3.7,60.4
,80.02692,7.09423,6.4,2.7,3.7,61.0
,80.03523,7.07355,6.4,2.7,3.7,59.0
,80.03219,7.07751,6.4,2.7,3.7,59.5
,80.03214,7.07737,6.4,2.7,3.7,59.5
,79.96333,7.04816,6.4,2.7,3.7,64.9
,79.9742,7.02783,6.4,2.7,3.7,62.9
,79.9728,7.04367,6.4,2.7,3.7,63.7
,79.98735,7.03681,6.4,2.7,3.7,61.9
,79.98739,7.03702,6.4,2.7,3.7,61.9
,79.89039,7.09465,6.4,2.7,3.7,74.3
,79.90188,7.07185,6.4,2.7,3.7,72.1
,79.99744,7.03307,6.4,2.7,3.7,60.7
,80.05029,7.09546,6.4,2.7,3.7,58.9
,79.98487,7.0652,6.4,2.7,3.7,63.5
,79.98484,7.06507,6.4,2.7,3.7,63.5
,79.94535,7.06762,6.4,2.7,3.7,67.6
,79.95084,7.06444,6.4,2.7,3.7,66.9
,79.97852,7.09324,6.4,2.7,3.7,65.6
,80.01805,7.09809,6.4,2.7,3.7,62.0
,79.99532,7.08832,6.4,2.7,3.7,63.7
,80.01197,7.07321,6.4,2.7,3.7,61.3
,80.01305,7.0657,6.4,2.7,3.7,60.8
,80.02928,7.09428,6.4,2.7,3.7,60.8
,80.03267,7.07572,6.4,2.7,3.7,59.4
,79.96238,7.03832,6.4,2.7,3.7,64.5
,80.0181,7.09794,6.4,2.7,3.7,62.0
,80.02038,7.09097,6.4,2.7,3.7,61.4
,80.03522,7.07718,6.4,2.7,3.7,59.2
,79.96442,7.07243,6.4,2.7,3.7,65.9
,79.96447,7.07249,6.4,2.7,3.7,65.9
,79.89633,7.07798,6.4,2.7,3.7,73.0
,79.89641,7.07803,6.4,2.7,3.7,73.0
,79.89277,7.06089,6.4,2.7,3.7,72.6
,79.89418,7.06219,6.4,2.7,3.7,72.5
,79.8929,7.0609,6.4,2.7,3.7,72.6
,79.8934,7.08363,6.4,2.7,3.7,73.5
,79.91887,7.12034,6.4,2.7,3.7,72.8
,79.95099,7.06458,6.4,2.7,3.7,66.9
Tiong Woon Crane & Transport Lanka (Pvt) Ltd,79.87854,7.12221,6.4,2.7,3.7,76.8
Evone Collection,79.91754,7.1196,6.4,2.7,3.7,72.9
,79.92107,7.07271,6.4,2.7,3.7,70.2
,80.10365,6.12889,6.4,2.7,3.7,87.1
,80.23709,6.03774,6.4,2.7,3.7,90.1
,80.60101,7.26394,6.4,2.7,3.7,51.5
,80.07677,6.69114,6.4,2.7,3.7,48.5
,80.38924,6.64337,6.4,2.7,3.7,22.0
,80.06295,6.71723,16.0,12.3,3.7,49.3
Thilini,80.12682,6.4781,6.0,2.3,3.7,55.1
Welle Wadiya Beach Villa and Restaurant,79.71999,8.22136,6.4,2.7,3.7,178.3
,80.0074,7.08809,6.4,2.8,3.6,62.5
,79.96195,7.07335,6.4,2.8,3.6,66.2
,79.96698,7.04824,6.4,2.8,3.6,64.5
,80.00524,7.09289,6.4,2.8,3.6,63.0
,80.03837,7.08032,6.4,2.8,3.6,59.1
,80.01441,7.09648,6.4,2.8,3.6,62.3
,80.01777,7.09737,6.4,2.8,3.6,62.0
,80.00286,7.06243,6.4,2.8,3.6,61.6
,79.93875,7.07707,6.4,2.8,3.6,68.7
,80.03429,7.07637,6.4,2.8,3.6,59.3
,80.03864,7.09636,6.4,2.8,3.6,60.0
,80.03409,7.07987,6.4,2.8,3.6,59.5
,80.03964,7.08743,6.4,2.8,3.6,59.4
,80.03959,7.08732,6.4,2.8,3.6,59.4
,80.04671,7.09639,6.4,2.8,3.6,59.2
,79.93391,7.1089,6.4,2.8,3.6,70.7
,79.93731,7.10082,6.4,2.8,3.6,70.0
,80.01151,7.08767,6.4,2.8,3.6,62.1
,79.99105,7.08962,6.4,2.8,3.6,64.2
,79.98594,7.08796,6.4,2.8,3.6,64.6
,79.98588,7.08779,6.4,2.8,3.6,64.6
,80.01608,7.09495,6.4,2.8,3.6,62.0
,80.01388,7.09102,6.4,2.8,3.6,62.0
,80.01298,7.08282,6.4,2.8,3.6,61.7
,80.02699,7.09116,6.4,2.8,3.6,60.8
,79.99066,7.05375,6.4,2.8,3.6,62.4
,79.99031,7.05382,6.4,2.8,3.6,62.4
,80.02703,7.07819,6.4,2.8,3.6,60.1
,80.02694,7.0781,6.4,2.8,3.6,60.1
,80.02698,7.07829,6.4,2.8,3.6,60.1
,80.02771,7.08828,6.4,2.8,3.6,60.6
,80.01838,7.08778,6.4,2.8,3.6,61.4
,80.01384,7.08909,6.4,2.8,3.6,61.9
,80.02657,7.0811,6.4,2.8,3.6,60.3
,79.93447,7.0883,6.4,2.8,3.6,69.6
,80.04701,7.09341,6.4,2.8,3.6,59.0
,79.98222,7.03689,6.4,2.8,3.6,62.4
,79.97935,7.04017,6.4,2.8,3.6,62.9
,79.9677,7.04211,6.4,2.8,3.6,64.1
,79.91464,7.09523,6.4,2.8,3.6,71.9
,79.89856,7.06606,6.4,2.8,3.6,72.2
,79.91146,7.07158,6.4,2.8,3.6,71.1
,79.9496,7.08042,6.4,2.8,3.6,67.7
,79.9271,7.06261,6.4,2.8,3.6,69.2
,80.02108,7.01983,6.4,2.8,3.6,57.8
,80.02877,7.03154,6.4,2.8,3.6,57.5
,79.93497,7.06366,6.4,2.8,3.6,68.4
,79.93076,7.06607,6.4,2.8,3.6,69.0
,79.92028,7.08887,6.4,2.8,3.6,71.1
,79.9337,7.09173,6.4,2.8,3.6,69.9
,80.00377,7.09722,6.4,2.8,3.6,63.3
,80.01399,7.0977,6.4,2.8,3.6,62.4
,79.99858,7.0771,6.4,2.8,3.6,62.8
,80.03417,7.07636,6.4,2.8,3.6,59.3
,80.01755,7.07411,6.4,2.8,3.6,60.8
,79.93467,7.1042,6.4,2.8,3.6,70.4
,79.94955,7.08444,6.4,2.8,3.6,67.9
,80.0202,7.08335,6.4,2.8,3.6,61.0
,79.99619,7.03642,6.4,2.8,3.6,61.0
,80.02772,7.08874,6.4,2.8,3.6,60.6
,80.02783,7.08889,6.4,2.8,3.6,60.6
,79.99852,7.08688,6.4,2.8,3.6,63.3
,79.96134,7.0669,6.4,2.8,3.6,65.9
,79.96448,7.05728,6.4,2.8,3.6,65.2
,79.91839,7.1242,6.4,2.8,3.6,73.0
,80.01286,7.08894,6.4,2.8,3.6,62.0
,79.96187,7.03812,6.4,2.8,3.6,64.6
Minuwangoda DS office,79.9516,7.16898,6.0,2.4,3.6,72.4
Stupa,80.21533,6.02699,9.6,6.0,3.6,92.1
,80.04168,6.82496,9.6,6.0,3.6,50.6
com & Mobile,79.92183,7.03008,15.0,11.4,3.6,68.3
,80.59727,7.21874,9.6,6.0,3.6,46.5
,79.9346,6.88071,12.8,9.2,3.6,62.9
,79.94,6.88612,6.4,2.8,3.6,62.4
,80.03754,6.83424,6.4,2.8,3.6,51.1
Nipun's house,79.836,7.41769,6.4,2.8,3.6,99.5
,79.95959,7.05556,6.4,2.9,3.5,65.6
Ambalangoda Fishery Harbour Building 2,80.05195,6.23389,6.0,2.5,3.5,80.6
,79.96743,7.04715,6.4,2.9,3.5,64.4
,79.98645,7.08249,6.4,2.9,3.5,64.2
,79.98646,7.08235,6.4,2.9,3.5,64.2
,79.95972,7.06382,6.4,2.9,3.5,65.9
Perera and Sons,80.00598,7.08823,6.4,2.9,3.5,62.6
,79.93533,7.10535,6.4,2.9,3.5,70.4
,79.94699,7.08194,6.4,2.9,3.5,68.1
,80.01345,7.09039,6.4,2.9,3.5,62.0
,80.00454,7.07245,6.4,2.9,3.5,61.9
,80.01184,7.08861,6.4,2.9,3.5,62.1
,80.01004,7.0898,6.4,2.9,3.5,62.3
,79.9871,7.07651,6.4,2.9,3.5,63.9
,80.01727,7.09491,6.4,2.9,3.5,61.9
,80.04758,7.10885,6.4,2.9,3.5,59.9
,79.91769,7.07699,6.4,2.9,3.5,70.8
,80.03374,7.08645,9.6,6.1,3.5,59.9
,80.03299,7.08942,6.4,2.9,3.5,60.1
,80.03279,7.08923,6.4,2.9,3.5,60.1
,80.02696,7.07853,6.4,2.9,3.5,60.1
,80.03218,7.08502,6.4,2.9,3.5,60.0
,80.03259,7.08947,6.4,2.9,3.5,60.2
,80.02513,7.08967,6.4,2.9,3.5,60.9
,80.03336,7.07658,6.4,2.9,3.5,59.4
,79.92036,7.08934,6.4,2.9,3.5,71.1
,79.92498,7.08534,6.4,2.9,3.5,70.4
,80.05338,7.09398,6.4,2.9,3.5,58.5
,80.01962,7.0802,6.4,2.9,3.5,60.9
,79.91134,7.07108,6.4,2.9,3.5,71.1
,79.97958,7.03743,6.4,2.9,3.5,62.7
,79.97831,7.03303,6.4,2.9,3.5,62.7
,79.98023,7.03123,6.4,2.9,3.5,62.4
,79.9983,7.03694,6.4,2.9,3.5,60.8
,79.9983,7.08643,6.4,2.9,3.5,63.3
,79.91868,7.08634,6.4,2.9,3.5,71.1
,79.99337,7.03359,6.4,2.9,3.5,61.2
,79.99335,7.03418,6.4,2.9,3.5,61.2
,79.94087,7.07109,6.4,2.9,3.5,68.2
,79.99603,7.07698,6.4,2.9,3.5,63.0
,79.95162,7.06517,6.4,2.9,3.5,66.8
,80.01273,7.0871,6.4,2.9,3.5,61.9
,80.01024,7.09698,6.4,2.9,3.5,62.7
,80.00839,7.06569,6.4,2.9,3.5,61.2
,80.01418,7.05184,6.4,2.9,3.5,60.0
,80.05153,7.11065,6.4,2.9,3.5,59.7
,79.97813,7.04889,6.4,2.9,3.5,63.4
,80.04565,7.099,6.4,2.9,3.5,59.5
,80.02631,7.07254,6.4,2.9,3.5,59.8
,80.0168,7.05351,6.4,2.9,3.5,59.8
,79.87808,7.13091,6.4,2.9,3.5,77.3
,79.96538,7.036,6.4,2.9,3.5,64.1
,80.02476,7.06388,6.4,2.9,3.5,59.5
,80.0409,7.08784,6.4,2.9,3.5,59.3
,80.03353,7.07655,6.4,2.9,3.5,59.4
,80.02649,7.08545,6.4,2.9,3.5,60.5
,79.89031,7.10159,6.4,2.9,3.5,74.7
,79.88717,7.0727,6.4,2.9,3.5,73.7
,79.89287,7.06118,6.4,2.9,3.5,72.6
,79.89299,7.06112,6.4,2.9,3.5,72.6
,79.9592,7.05785,6.4,2.9,3.5,65.7
,80.0455,7.10665,6.4,2.9,3.5,60.0
,80.04541,7.10236,9.6,6.1,3.5,59.7
,79.91146,7.13478,6.4,2.9,3.5,74.3
,79.89819,7.06529,9.6,6.1,3.5,72.2
,80.24127,7.29295,6.4,2.9,3.5,60.6
,79.92596,6.89128,6.4,2.9,3.5,64.0
,79.87496,6.92403,6.4,2.9,3.5,70.2
,79.95679,7.07109,6.4,3.0,3.4,66.6
,79.95619,7.06163,6.4,3.0,3.4,66.2
,79.9531,7.06101,6.4,3.0,3.4,66.5
,79.9642,7.06276,6.4,3.0,3.4,65.4
,79.97387,7.04961,6.4,3.0,3.4,63.9
,79.96405,7.06672,6.4,3.0,3.4,65.6
,79.9738,7.07417,6.4,3.0,3.4,65.0
,79.98072,7.08348,6.4,3.0,3.4,64.8
,79.98942,7.08058,6.4,3.0,3.4,63.8
,79.96601,7.09368,6.4,3.0,3.4,66.8
,80.00444,6.96854,6.4,3.0,3.4,57.5
,80.0043,6.96855,6.4,3.0,3.4,57.5
,80.00535,7.09485,6.4,3.0,3.4,63.1
,79.95181,7.07699,6.4,3.0,3.4,67.4
,80.00775,7.09828,6.4,3.0,3.4,63.0
,79.95778,7.07581,6.4,3.0,3.4,66.7
,80.03461,7.08391,6.4,3.0,3.4,59.7
,80.03468,7.08403,6.4,3.0,3.4,59.7
,80.03932,7.09695,6.4,3.0,3.4,60.0
,80.0185,7.05449,6.4,3.0,3.4,59.7
,80.00621,7.08964,6.4,3.0,3.4,62.7
,79.99025,7.07084,6.4,3.0,3.4,63.3
,80.03889,7.08585,6.4,3.0,3.4,59.4
,80.02697,7.08525,6.4,3.0,3.4,60.5
,80.01455,7.08907,6.4,3.0,3.4,61.9
,80.02452,7.08524,6.4,3.0,3.4,60.7
,80.02773,7.08028,6.4,3.0,3.4,60.1
,79.9321,7.08849,6.4,3.0,3.4,69.9
,80.02023,7.08056,6.4,3.0,3.4,60.9
,80.01942,7.07974,6.4,3.0,3.4,60.9
,79.98586,7.04656,6.4,3.0,3.4,62.5
,79.9858,7.04669,6.4,3.0,3.4,62.5
,79.96556,7.04192,6.4,3.0,3.4,64.4
,79.99009,7.03817,6.4,3.0,3.4,61.7
,80.0197,7.08304,6.4,3.0,3.4,61.0
,80.03449,7.08403,6.4,3.0,3.4,59.7
,80.04881,7.10896,6.4,3.0,3.4,59.8
,80.02349,7.09228,6.4,3.0,3.4,61.2
,79.98053,7.05105,6.4,3.0,3.4,63.3
,79.96121,7.07818,6.4,3.0,3.4,66.5
,79.95186,7.07689,6.4,3.0,3.4,67.4
,79.94024,7.0661,6.4,3.0,3.4,68.0
,79.8974,7.08691,6.4,3.0,3.4,73.3
Excise Station,79.89358,7.08358,6.4,3.0,3.4,73.5
,79.9614,7.0679,9.6,6.2,3.4,66.0
,79.98756,7.04263,6.4,3.0,3.4,62.2
,79.88018,7.11833,6.4,3.0,3.4,76.5
,79.91966,7.13719,6.4,3.0,3.4,73.6
,80.10358,6.12868,6.4,3.0,3.4,87.1
,80.02504,6.44403,6.4,3.0,3.4,66.2
74/5,79.91189,6.83952,6.4,3.0,3.4,65.0
,80.38886,6.66727,9.6,6.2,3.4,19.9
,79.95265,7.00207,6.0,2.6,3.4,64.1
Vallibel finance,79.95273,7.00219,6.0,2.6,3.4,64.1
,79.94024,6.88648,6.4,3.0,3.4,62.4
,79.94027,6.88643,6.4,3.0,3.4,62.4
,79.95403,7.0724,6.4,3.1,3.3,66.9
,79.95539,7.06287,6.4,3.1,3.3,66.3
,79.9714,7.06371,6.4,3.1,3.3,64.8
,79.96443,7.06736,6.4,3.1,3.3,65.6
,79.96234,7.09526,6.4,3.1,3.3,67.2
,80.38066,6.70989,9.6,6.3,3.3,17.1
,80.0076,7.09111,6.4,3.1,3.3,62.6
,80.039,7.08053,6.4,3.1,3.3,59.1
,80.03888,7.08062,6.4,3.1,3.3,59.1
,80.01389,7.10041,6.4,3.1,3.3,62.6
,79.94266,7.07841,6.4,3.1,3.3,68.3
,80.00495,7.05271,6.4,3.1,3.3,60.9
,80.01743,7.05244,6.4,3.1,3.3,59.7
,80.00598,7.08885,6.4,3.1,3.3,62.7
Orient Finance,80.00595,7.08864,6.4,3.1,3.3,62.7
,80.02238,7.09645,6.4,3.1,3.3,61.5
,80.02284,7.09669,6.4,3.1,3.3,61.5
,80.00217,7.08456,6.4,3.1,3.3,62.8
,80.00029,7.0867,6.4,3.1,3.3,63.1
,79.98487,7.0572,6.4,3.1,3.3,63.1
,80.02531,7.09238,6.4,3.1,3.3,61.0
,80.02874,7.09477,6.4,3.1,3.3,60.8
,80.04169,7.09344,6.4,3.1,3.3,59.5
,80.02486,7.08567,6.4,3.1,3.3,60.7
,80.02775,7.08115,9.6,6.3,3.3,60.2
,80.02548,7.08383,6.4,3.1,3.3,60.5
,80.02597,7.08077,6.4,3.1,3.3,60.3
,80.02809,7.07986,6.4,3.1,3.3,60.1
,80.03233,7.07772,6.4,3.1,3.3,59.5
,79.96232,7.04797,6.4,3.1,3.3,65.0
,79.91436,7.07303,6.4,3.1,3.3,70.9
,79.93329,7.09443,6.4,3.1,3.3,70.1
,79.99055,7.03695,6.4,3.1,3.3,61.6
,79.8906,7.09116,6.4,3.1,3.3,74.1
,79.93053,7.06605,6.4,3.1,3.3,69.0
,79.89998,7.06031,6.4,3.1,3.3,71.8
,79.93201,7.10856,6.4,3.1,3.3,70.9
,80.00594,7.08874,6.4,3.1,3.3,62.7
,79.98027,7.05046,6.4,3.1,3.3,63.3
,79.98026,7.05037,6.4,3.1,3.3,63.3
,80.008,7.0892,6.4,3.1,3.3,62.5
,80.02549,7.078,6.4,3.1,3.3,60.2
,79.93799,7.10102,6.4,3.1,3.3,69.9
,80.01363,7.09224,6.4,3.1,3.3,62.1
,80.02467,7.06401,6.4,3.1,3.3,59.5
,80.02699,7.07252,6.4,3.1,3.3,59.8
,79.88857,7.07963,6.4,3.1,3.3,73.8
,79.8828,7.10583,6.4,3.1,3.3,75.6
,79.89439,7.07429,6.4,3.1,3.3,73.0
,79.89309,7.0614,6.4,3.1,3.3,72.6
,79.89337,7.06026,6.4,3.1,3.3,72.5
,79.89325,7.06144,6.4,3.1,3.3,72.6
,79.89414,7.06376,6.4,3.1,3.3,72.6
,79.88726,7.11292,6.4,3.1,3.3,75.5
,79.8923,7.13346,6.4,3.1,3.3,76.1
The Stables Oceanfront Hotel,80.3955,5.96257,6.4,3.1,3.3,94.4
,79.89213,7.13343,6.4,3.1,3.3,76.1
,79.91495,6.97611,6.4,3.1,3.3,67.2
,80.34204,6.70367,6.4,3.1,3.3,21.0
,79.89763,6.87434,6.4,3.1,3.3,66.9
,79.89762,6.87423,6.4,3.1,3.3,66.9
,80.32159,7.47231,5.0,1.7,3.3,75.9
Kamila_food house,79.92165,7.02908,10.0,6.7,3.3,68.3
Fresh fish,79.92164,7.02913,10.0,6.7,3.3,68.3
food center,79.92164,7.02917,10.0,6.7,3.3,68.3
,79.93407,6.8807,12.8,9.5,3.3,63.0
Rawahiya Arabic Collage,80.55712,7.29651,12.8,9.5,3.3,54.2
Ambalangoda Fishery Harbour Building 1,80.05202,6.23428,6.0,2.8,3.2,80.6
,79.96686,7.06433,6.4,3.2,3.2,65.3
,79.98741,7.07978,6.4,3.2,3.2,64.0
,79.96103,7.06763,6.4,3.2,3.2,66.0
,79.96619,7.09394,6.4,3.2,3.2,66.8
,79.99432,7.06238,6.4,3.2,3.2,62.4
,80.0066,7.09654,6.4,3.2,3.2,63.0
,80.00669,7.09665,6.4,3.2,3.2,63.0
,79.9546,7.08084,6.4,3.2,3.2,67.3
,79.93915,7.07646,6.4,3.2,3.2,68.6
,80.00889,7.09207,6.4,3.2,3.2,62.6
,79.98759,7.04986,6.4,3.2,3.2,62.5
,79.98837,7.0502,6.4,3.2,3.2,62.4
,80.03232,7.07596,6.4,3.2,3.2,59.4
,80.04005,7.09299,6.4,3.2,3.2,59.7
,79.97191,7.03053,6.4,3.2,3.2,63.2
,80.01331,7.08585,6.4,3.2,3.2,61.8
,80.00954,7.0895,6.4,3.2,3.2,62.4
,79.99981,7.07237,6.4,3.2,3.2,62.4
,79.94275,7.0967,6.4,3.2,3.2,69.2
,80.00086,7.08686,6.4,3.2,3.2,63.1
Survey Department,80.01187,7.08412,6.4,3.2,3.2,61.9
,80.03398,7.08599,6.4,3.2,3.2,59.8
Singer,80.03388,7.08612,6.4,3.2,3.2,59.9
,80.01424,7.08668,6.4,3.2,3.2,61.8
,80.03594,7.07397,9.6,6.4,3.2,59.0
,80.02783,7.08084,9.6,6.4,3.2,60.1
,79.93317,7.08984,6.4,3.2,3.2,69.8
,79.96821,7.05641,6.4,3.2,3.2,64.7
,79.98236,7.03565,6.4,3.2,3.2,62.4
,79.91376,7.07226,6.4,3.2,3.2,70.9
,79.96528,7.03719,6.4,3.2,3.2,64.2
,79.97919,7.03343,9.6,6.4,3.2,62.6
,79.97779,7.03219,6.4,3.2,3.2,62.7
,80.00566,7.09492,6.4,3.2,3.2,63.0
,79.92694,7.10261,6.4,3.2,3.2,71.1
,80.0326,7.08253,6.4,3.2,3.2,59.8
,79.99171,7.03093,6.4,3.2,3.2,61.2
,79.92815,7.06528,6.4,3.2,3.2,69.2
,80.03976,7.09468,6.4,3.2,3.2,59.8
,80.04415,7.09656,6.4,3.2,3.2,59.5
,79.96582,7.06296,6.4,3.2,3.2,65.3
,80.01484,7.10159,6.4,3.2,3.2,62.5
,80.02064,7.09272,6.4,3.2,3.2,61.5
,80.00742,7.08931,6.4,3.2,3.2,62.6
,80.04076,7.07491,6.4,3.2,3.2,58.6
,79.96091,7.06749,6.4,3.2,3.2,66.0
,79.96848,7.03526,6.4,3.2,3.2,63.8
,80.01335,7.09199,6.4,3.2,3.2,62.1
,80.01337,7.09209,6.4,3.2,3.2,62.1
,80.01338,7.09757,6.4,3.2,3.2,62.5
,80.0169,7.09068,6.4,3.2,3.2,61.7
,79.98103,7.05224,6.4,3.2,3.2,63.3
,79.91232,7.07213,6.4,3.2,3.2,71.1
,79.91678,7.10156,6.4,3.2,3.2,72.0
,79.8944,7.08368,6.4,3.2,3.2,73.4
,79.92081,7.11941,6.4,3.2,3.2,72.5
,79.96204,7.03814,6.4,3.2,3.2,64.5
,79.96209,7.03824,6.4,3.2,3.2,64.5
Divi Neguma Office,79.91748,7.1197,6.4,3.2,3.2,72.9
,79.89794,6.87432,6.4,3.2,3.2,66.9
,79.89795,6.87418,6.4,3.2,3.2,66.9
,79.8978,6.8742,6.4,3.2,3.2,66.9
,80.33294,5.98614,6.4,3.2,3.2,92.9
,80.21685,6.73015,6.4,3.2,3.2,32.4
,80.29051,6.70921,6.4,3.2,3.2,25.6
,80.0535,7.11948,6.4,3.3,3.1,60.0
,79.9661,7.06381,6.4,3.3,3.1,65.3
,79.97773,7.04781,6.4,3.3,3.1,63.4
,79.95917,7.09203,6.4,3.3,3.1,67.4
,80.03769,7.08028,6.4,3.3,3.1,59.2
,79.9559,7.07618,6.4,3.3,3.1,66.9
,79.98408,7.06745,6.4,3.3,3.1,63.7
,79.95246,7.06869,6.4,3.3,3.1,66.9
,80.03281,7.08249,6.4,3.3,3.1,59.8
,79.99356,7.09508,6.4,3.3,3.1,64.2
,79.92914,7.10515,6.4,3.3,3.1,71.0
,80.0195,7.0535,6.4,3.3,3.1,59.5
,80.00462,7.06285,6.4,3.3,3.1,61.4
,80.01207,7.08864,6.4,3.3,3.1,62.1
,79.99958,7.06567,6.4,3.3,3.1,62.1
,79.98835,7.09062,6.4,3.3,3.1,64.5
,79.9884,7.09019,6.4,3.3,3.1,64.4
,80.01377,7.09189,6.4,3.3,3.1,62.1
,80.04982,7.11069,6.4,3.3,3.1,59.8
,79.99911,7.0604,6.4,3.3,3.1,61.9
,79.97583,7.05515,6.4,3.3,3.1,63.9
,80.03141,7.08902,6.4,3.3,3.1,60.3
,79.99268,7.05141,6.4,3.3,3.1,62.1
,80.026,7.08599,6.4,3.3,3.1,60.6
,80.02328,7.0859,6.4,3.3,3.1,60.9
,79.91783,7.15188,6.4,3.3,3.1,74.6
,80.03588,7.07417,6.4,3.3,3.1,59.0
,80.02208,7.07758,6.4,3.3,3.1,60.5
,79.93269,7.0899,6.4,3.3,3.1,69.9
,80.01462,7.06284,6.4,3.3,3.1,60.5
,79.97019,7.05267,6.4,3.3,3.1,64.4
,79.97037,7.05253,6.4,3.3,3.1,64.4
,79.98385,7.04574,6.4,3.3,3.1,62.7
,79.91342,7.07205,6.4,3.3,3.1,71.0
,79.97636,7.04183,6.4,3.3,3.1,63.3
,79.96643,7.03773,6.4,3.3,3.1,64.1
,79.98679,7.03737,6.4,3.3,3.1,62.0
,79.98712,7.04075,6.4,3.3,3.1,62.1
,79.97777,7.06312,6.4,3.3,3.1,64.1
,79.91682,7.09013,6.4,3.3,3.1,71.5
,79.948,7.07955,6.4,3.3,3.1,67.9
,79.94023,7.06563,6.4,3.3,3.1,68.0
,80.0126,7.05593,6.4,3.3,3.1,60.3
,80.01863,7.09835,6.4,3.3,3.1,62.0
,79.99693,7.09008,6.4,3.3,3.1,63.6
,79.9968,7.09017,6.4,3.3,3.1,63.6
Srilanka Sekai Kiuses Foundation Office,79.9967,7.09003,6.4,3.3,3.1,63.6
,80.01945,7.09619,6.4,3.3,3.1,61.8
,80.00478,7.06303,6.4,3.3,3.1,61.4
Happy Bright Hotel,79.95897,7.09193,6.4,3.3,3.1,67.4
,80.02719,7.09429,6.4,3.3,3.1,61.0
,79.95852,7.06556,6.4,3.3,3.1,66.1
,79.94556,7.06734,6.4,3.3,3.1,67.5
,79.98421,7.08929,6.4,3.3,3.1,64.8
,80.03578,7.07979,6.4,3.3,3.1,59.3
,80.04182,7.0994,6.4,3.3,3.1,59.9
,80.02197,7.07754,6.4,3.3,3.1,60.5
Purnodhaya ngo,79.88854,7.07923,6.4,3.3,3.1,73.8
,79.88887,7.08294,6.4,3.3,3.1,73.9
,79.89396,7.06374,6.4,3.3,3.1,72.6
,79.89771,7.06579,6.4,3.3,3.1,72.3
,79.9211,7.12175,6.4,3.3,3.1,72.6
,80.04889,7.11214,6.4,3.3,3.1,60.0
,80.21632,6.03031,6.4,3.3,3.1,91.7
Kularatne Building,79.87519,6.924,6.4,3.3,3.1,70.1
,79.92366,6.89281,5.0,1.9,3.1,64.3
,80.09078,6.84078,6.0,2.9,3.1,45.3
,80.0889,6.83742,5.0,1.9,3.1,45.5
Old Dutch Hospital,79.84354,6.9335,6.0,2.9,3.1,73.8
,79.9613,7.06156,6.4,3.4,3.0,65.7
,79.97177,7.05743,6.4,3.4,3.0,64.4
,79.98583,7.08211,6.4,3.4,3.0,64.3
,79.95171,7.07766,6.4,3.4,3.0,67.4
,79.9641,7.07491,6.4,3.4,3.0,66.0
,80.03656,7.09228,9.6,6.6,3.0,60.0
,80.00267,7.07006,6.4,3.4,3.0,62.0
,80.0188,7.05399,6.4,3.4,3.0,59.6
,80.01429,7.06118,6.4,3.4,3.0,60.4
,79.99635,7.07661,6.4,3.4,3.0,63.0
,80.00775,7.08755,6.4,3.4,3.0,62.4
,79.99782,7.07028,6.4,3.4,3.0,62.5
,79.97848,7.09355,6.4,3.4,3.0,65.6
,80.04732,7.10925,9.6,6.6,3.0,60.0
,79.90691,7.16161,6.4,3.4,3.0,76.2
,79.90691,7.16149,6.4,3.4,3.0,76.2
,80.05175,7.09582,6.4,3.4,3.0,58.7
,79.99832,7.05656,6.4,3.4,3.0,61.8
,79.88996,7.07441,6.4,3.4,3.0,73.4
,79.91995,7.0683,6.4,3.4,3.0,70.1
,79.91472,7.07422,6.4,3.4,3.0,70.9
,80.01402,7.08608,6.4,3.4,3.0,61.8
,80.01384,7.0861,6.4,3.4,3.0,61.8
,80.01517,7.07288,9.6,6.6,3.0,60.9
,79.91656,7.08994,6.4,3.4,3.0,71.5
,79.97368,7.05466,6.4,3.4,3.0,64.1
,79.98367,7.04414,6.4,3.4,3.0,62.6
,79.9806,7.03686,6.4,3.4,3.0,62.6
,79.92504,7.09133,6.4,3.4,3.0,70.7
,79.95658,7.06293,6.4,3.4,3.0,66.2
,79.98921,7.05444,6.4,3.4,3.0,62.6
Sanasa Bank,79.9385,7.06333,6.4,3.4,3.0,68.1
,80.00869,7.09229,6.4,3.4,3.0,62.6
,79.93277,7.1026,6.4,3.4,3.0,70.5
,80.01113,7.05797,6.4,3.4,3.0,60.6
,80.0472,7.1092,9.6,6.6,3.0,60.0
,80.04213,7.09828,6.4,3.4,3.0,59.8
Otel Chalets,80.00849,7.06608,6.4,3.4,3.0,61.2
,79.94891,7.10005,6.4,3.4,3.0,68.8
,79.88641,7.09998,6.4,3.4,3.0,75.0
,79.89513,7.07864,9.6,6.6,3.0,73.1
,79.89603,7.07787,6.4,3.4,3.0,73.0
,79.90658,7.11947,6.4,3.4,3.0,73.9
,79.93108,7.08735,6.4,3.4,3.0,69.9
,79.91249,7.0836,6.4,3.4,3.0,71.6
,79.90985,7.0781,6.4,3.4,3.0,71.6
,79.89753,7.08299,6.4,3.4,3.0,73.1
,79.92123,7.12172,6.4,3.4,3.0,72.6
,80.0419,7.10696,6.4,3.4,3.0,60.3
,80.04873,7.11277,6.4,3.4,3.0,60.0
Wayamba Technical college,80.32139,7.47198,5.0,2.0,3.0,75.9
,80.09353,6.84521,5.0,2.0,3.0,45.0
Co-operative Building,80.0157,7.07305,6.4,3.5,2.9,60.9
,79.96609,7.06304,6.4,3.5,2.9,65.3
,79.96522,7.0819,6.4,3.5,2.9,66.3
,79.92115,7.02731,5.0,2.1,2.9,68.3
,80.00535,7.09051,6.4,3.5,2.9,62.8
,80.00533,7.09036,6.4,3.5,2.9,62.8
,79.95754,7.07657,6.4,3.5,2.9,66.8
,80.03901,7.08007,6.4,3.5,2.9,59.0
Wilson Hardware,79.93349,7.10381,6.4,3.5,2.9,70.5
Pre school,80.0348,7.08378,6.4,3.5,2.9,59.6
Uththano Kithu Samindunge Dewmedura,80.03494,7.084,6.4,3.5,2.9,59.6
,79.98601,7.04627,6.4,3.5,2.9,62.5
,80.0417,7.09844,6.4,3.5,2.9,59.8
,80.00433,7.05418,6.4,3.5,2.9,61.0
,79.93678,7.10423,6.4,3.5,2.9,70.2
,80.00285,7.06673,6.4,3.5,2.9,61.8
,80.0075,7.06571,6.4,3.5,2.9,61.3
,80.00879,7.08699,6.4,3.5,2.9,62.3
,80.00695,7.08957,6.4,3.5,2.9,62.6
,80.00347,7.07391,6.4,3.5,2.9,62.1
,79.98283,7.07872,6.4,3.5,2.9,64.4
,80.0113,7.07902,6.4,3.5,2.9,61.6
,80.01566,7.09011,6.4,3.5,2.9,61.8
,80.01806,7.07519,6.4,3.5,2.9,60.8
,79.9948,7.05242,6.4,3.5,2.9,61.9
,80.03159,7.08711,6.4,3.5,2.9,60.1
,79.99266,7.05091,6.4,3.5,2.9,62.0
,80.02827,7.08811,6.4,3.5,2.9,60.5
,80.02833,7.08826,6.4,3.5,2.9,60.5
,80.02149,7.08513,6.4,3.5,2.9,61.0
,80.03901,7.07426,6.4,3.5,2.9,58.7
,80.02687,7.08079,6.4,3.5,2.9,60.2
,79.9219,7.09005,6.4,3.5,2.9,71.0
,80.04825,7.09394,6.4,3.5,2.9,59.0
,79.96268,7.04665,6.4,3.5,2.9,64.9
,79.91175,7.07117,6.4,3.5,2.9,71.1
,79.91192,7.07123,6.4,3.5,2.9,71.1
,79.97419,7.02724,6.4,3.5,2.9,62.8
,79.96701,7.04146,6.4,3.5,2.9,64.2
,79.96278,7.04578,6.4,3.5,2.9,64.8
,79.96551,7.03621,6.4,3.5,2.9,64.1
,79.98935,7.03788,6.4,3.5,2.9,61.8
,79.96375,7.03554,6.4,3.5,2.9,64.3
,79.98149,7.03367,6.4,3.5,2.9,62.4
,79.99115,7.05322,6.4,3.5,2.9,62.3
,80.03149,7.0872,6.4,3.5,2.9,60.1
,79.96959,7.07982,6.4,3.5,2.9,65.7
,79.98787,7.08052,6.4,3.5,2.9,64.0
,79.93906,7.10094,6.4,3.5,2.9,69.8
,80.00864,7.08707,6.4,3.5,2.9,62.3
,79.96375,7.06639,6.4,3.5,2.9,65.7
,80.01772,7.09782,6.4,3.5,2.9,62.1
,79.98587,7.07805,6.4,3.5,2.9,64.1
,80.02381,7.09416,6.4,3.5,2.9,61.3
,80.00683,7.08962,6.4,3.5,2.9,62.6
,80.03269,7.07617,6.4,3.5,2.9,59.4
,80.03258,7.07613,6.4,3.5,2.9,59.4
,79.94086,7.06496,6.4,3.5,2.9,67.9
,79.9547,7.08056,6.4,3.5,2.9,67.2
,80.02194,7.07762,6.4,3.5,2.9,60.5
,79.97599,7.06842,6.4,3.5,2.9,64.5
Purnodhaya pre school,79.88878,7.07957,6.4,3.5,2.9,73.8
,80.02763,7.08458,6.4,3.5,2.9,60.4
,80.05454,7.09216,6.4,3.5,2.9,58.3
,80.02508,7.09242,6.4,3.5,2.9,61.0
,79.91454,7.07371,6.4,3.5,2.9,70.9
,79.89862,7.08628,6.4,3.5,2.9,73.1
,79.89752,7.06522,6.4,3.5,2.9,72.3
,79.89303,7.05992,6.4,3.5,2.9,72.5
,79.96261,7.06292,6.4,3.5,2.9,65.6
,79.96264,7.06299,6.4,3.5,2.9,65.6
,79.89262,7.13223,6.4,3.5,2.9,76.0
,79.98467,6.73724,8.0,5.1,2.9,57.5
,79.93401,6.87952,6.4,3.5,2.9,63.0
,80.00717,7.06598,6.4,3.6,2.8,61.4
,79.95126,7.06411,6.4,3.6,2.8,66.8
,79.9657,7.06283,6.4,3.6,2.8,65.3
,79.97643,7.07353,6.4,3.6,2.8,64.8
,80.01208,7.05665,6.4,3.6,2.8,60.4
,80.00789,7.09739,6.4,3.6,2.8,63.0
,79.95278,7.07981,6.4,3.6,2.8,67.4
,80.03677,7.0797,6.4,3.6,2.8,59.2
,80.038,7.0796,6.4,3.6,2.8,59.1
,80.00666,7.05825,6.4,3.6,2.8,61.0
,79.95164,7.0708,6.4,3.6,2.8,67.1
,79.9939,7.09463,6.4,3.6,2.8,64.2
,79.99372,7.09489,6.4,3.6,2.8,64.2
,80.04003,7.08978,6.4,3.6,2.8,59.5
,80.00274,7.07235,6.4,3.6,2.8,62.1
,80.01063,7.08525,6.4,3.6,2.8,62.0
,80.00553,7.08894,6.4,3.6,2.8,62.7
,80.00716,7.08754,9.6,6.8,2.8,62.5
,80.00754,7.08793,6.4,3.6,2.8,62.5
,79.99772,7.08533,6.4,3.6,2.8,63.3
,79.99772,7.08517,6.4,3.6,2.8,63.3
,80.04157,7.10317,9.6,6.8,2.8,60.1
,79.99108,7.05508,6.4,3.6,2.8,62.4
,80.02869,7.09127,6.4,3.6,2.8,60.6
,79.97564,7.05476,6.4,3.6,2.8,63.9
,80.03506,7.0893,6.4,3.6,2.8,59.9
,80.02671,7.08602,6.4,3.6,2.8,60.5
,80.02898,7.08143,6.4,3.6,2.8,60.1
,80.02148,7.07757,6.4,3.6,2.8,60.6
,79.93677,7.08991,6.4,3.6,2.8,69.5
,80.01899,7.06382,6.4,3.6,2.8,60.1
,79.92599,7.08562,6.4,3.6,2.8,70.3
,79.92414,7.08833,9.6,6.8,2.8,70.7
,80.02418,7.0732,6.4,3.6,2.8,60.1
,79.98464,7.04412,6.4,3.6,2.8,62.5
,79.96848,7.05671,9.6,6.8,2.8,64.7
,79.91302,7.07242,6.4,3.6,2.8,71.0
,79.97903,7.03764,6.4,3.6,2.8,62.8
,79.92921,7.09196,6.4,3.6,2.8,70.3
,79.97369,7.0347,6.4,3.6,2.8,63.2
,79.99148,7.03515,6.4,3.6,2.8,61.4
,79.99369,7.09465,6.4,3.6,2.8,64.2
,79.98387,7.06587,6.4,3.6,2.8,63.6
,79.961,7.07559,6.4,3.6,2.8,66.4
,79.9955,7.03273,6.4,3.6,2.8,60.9
,79.99428,7.03128,6.4,3.6,2.8,61.0
,80.01728,7.09461,6.4,3.6,2.8,61.9
,79.99579,7.06152,6.4,3.6,2.8,62.2
,80.05795,7.10736,6.4,3.6,2.8,58.9
,80.0073,7.08968,6.4,3.6,2.8,62.6
,80.00572,7.05341,6.4,3.6,2.8,60.9
,80.02806,7.07849,6.4,3.6,2.8,60.0
,80.03994,7.07721,6.4,3.6,2.8,58.8
Ranawiru Apparels,80.03705,7.07827,6.4,3.6,2.8,59.1
,80.0323,7.07818,6.4,3.6,2.8,59.6
,80.01913,7.06374,6.4,3.6,2.8,60.1
,79.98751,7.04962,6.4,3.6,2.8,62.5
,79.97353,7.02737,6.4,3.6,2.8,62.9
,79.97722,7.03347,6.4,3.6,2.8,62.8
,79.97614,7.09334,6.4,3.6,2.8,65.8
,80.02421,7.08486,6.4,3.6,2.8,60.7
,80.02435,7.07342,6.4,3.6,2.8,60.1
,79.9719,7.06981,6.4,3.6,2.8,65.0
,79.99901,7.06075,6.4,3.6,2.8,61.9
,79.98981,7.07487,6.4,3.6,2.8,63.5
,79.91286,7.13348,6.4,3.6,2.8,74.1
Jasmine Garden Beach Guesthouse,80.11796,6.11705,9.6,6.8,2.8,87.4
BRICK VILLA Kathaluwa,80.33922,5.98521,6.4,3.6,2.8,92.9
,80.09185,6.83701,5.0,2.2,2.8,45.2
Divulapitiya Public Play Ground Stadium,80.02224,7.22715,6.4,3.6,2.8,70.1
,79.95658,7.0717,6.4,3.7,2.7,66.6
,79.94689,7.06131,6.4,3.7,2.7,67.1
,79.9595,7.07316,6.4,3.7,2.7,66.4
,79.96282,7.06624,6.4,3.7,2.7,65.7
,80.00741,7.09137,6.4,3.7,2.7,62.7
,80.03828,7.07951,6.4,3.7,2.7,59.1
,80.01921,7.05374,6.4,3.7,2.7,59.5
,80.01919,7.0539,6.4,3.7,2.7,59.6
,79.99667,7.07359,6.4,3.7,2.7,62.8
,80.02,7.09577,6.4,3.7,2.7,61.7
,79.96604,7.05722,6.4,3.7,2.7,65.0
,79.98568,7.05714,6.4,3.7,2.7,63.0
,80.03165,7.09218,6.4,3.7,2.7,60.4
,79.9897,7.05333,6.4,3.7,2.7,62.5
,79.88756,7.15153,6.4,3.7,2.7,77.5
,80.02691,7.08591,6.4,3.7,2.7,60.5
,80.02492,7.08816,6.4,3.7,2.7,60.8
,80.01505,7.07251,6.4,3.7,2.7,60.9
,80.04741,7.09377,6.4,3.7,2.7,59.0
,79.92224,7.09358,6.4,3.7,2.7,71.1
,79.99398,7.09482,6.4,3.7,2.7,64.2
,80.00052,7.09206,6.4,3.7,2.7,63.4
,79.91377,7.15247,6.4,3.7,2.7,75.0
,80.02656,7.08791,6.4,3.7,2.7,60.7
,79.95789,7.05934,6.4,3.7,2.7,65.9
,80.00539,7.09273,6.4,3.7,2.7,62.9
,79.93846,7.10106,9.6,6.9,2.7,69.9
Otel Chalets,80.00865,7.06612,6.4,3.7,2.7,61.2
,80.03333,7.07604,6.4,3.7,2.7,59.3
,79.88967,7.08266,6.4,3.7,2.7,73.8
,79.89272,7.06117,6.4,3.7,2.7,72.6
,79.91472,7.12888,6.4,3.7,2.7,73.6
,80.07814,6.90533,6.4,3.7,2.7,47.8
,79.88758,7.07251,6.4,3.7,2.7,73.6
"6/3A2,",80.06888,6.70173,6.4,3.7,2.7,49.1
,79.91546,6.9756,6.4,3.7,2.7,67.1
LOT05,80.79217,6.96089,9.6,6.9,2.7,36.4
LOT06,80.79233,6.96085,9.6,6.9,2.7,36.4
Barefoot Gallery,79.85378,6.89647,6.4,3.7,2.7,72.0
,80.35942,6.64001,6.4,3.7,2.7,24.3
Shan Pharmacy & Channelling Center,80.47879,8.0365,9.6,6.9,2.7,135.7
Commercial Building,80.47876,8.03658,9.6,6.9,2.7,135.7
Administration,79.91568,6.97535,6.4,3.7,2.7,67.1
,79.95552,7.07001,6.4,3.8,2.6,66.7
,79.97837,7.09317,6.4,3.8,2.6,65.6
,79.9891,7.06286,6.4,3.8,2.6,63.0
,79.94819,6.90177,6.4,3.8,2.6,61.8
,79.94829,6.90186,6.4,3.8,2.6,61.8
,80.03384,7.07637,6.4,3.8,2.6,59.3
,80.03927,7.09638,6.4,3.8,2.6,59.9
,80.01717,7.05359,6.4,3.8,2.6,59.7
,80.0172,7.0535,6.4,3.8,2.6,59.7
,80.01277,7.08802,6.4,3.8,2.6,62.0
,80.00782,7.08897,6.4,3.8,2.6,62.5
,79.99362,7.06982,6.4,3.8,2.6,62.9
,80.02105,7.09258,6.4,3.8,2.6,61.4
,80.01391,7.09186,6.4,3.8,2.6,62.1
,80.03172,7.09043,6.4,3.8,2.6,60.3
,80.03193,7.09052,6.4,3.8,2.6,60.3
,80.03218,7.08866,6.4,3.8,2.6,60.2
,80.0407,7.07745,6.4,3.8,2.6,58.7
,80.04082,7.07749,6.4,3.8,2.6,58.7
,80.02388,7.07803,6.4,3.8,2.6,60.4
,80.02406,7.07804,6.4,3.8,2.6,60.3
,80.03193,7.07654,6.4,3.8,2.6,59.5
,80.03436,7.07861,6.4,3.8,2.6,59.4
,79.97946,7.03706,6.4,3.8,2.6,62.7
,79.97941,7.03727,6.4,3.8,2.6,62.7
,79.90745,7.07293,6.4,3.8,2.6,71.6
,79.90764,7.0726,6.4,3.8,2.6,71.6
,79.96542,7.03651,6.4,3.8,2.6,64.1
,79.96533,7.03661,6.4,3.8,2.6,64.1
,80.0054,7.09066,6.4,3.8,2.6,62.8
,79.96983,7.08126,6.4,3.8,2.6,65.8
,79.98984,7.08773,6.4,3.8,2.6,64.2
,80.01357,7.05546,6.4,3.8,2.6,60.2
,79.99516,7.03285,6.4,3.8,2.6,61.0
,80.02842,7.08129,9.6,7.0,2.6,60.1
,80.03181,7.07657,6.4,3.8,2.6,59.5
,80.04588,7.09938,6.4,3.8,2.6,59.5
,79.896,7.08321,6.4,3.8,2.6,73.2
,79.96426,7.06219,6.4,3.8,2.6,65.4
,80.07701,6.90521,6.4,3.8,2.6,47.9
,80.51693,5.93662,6.4,3.8,2.6,96.5
,79.93231,6.87907,6.4,3.8,2.6,63.2
,79.98536,6.73706,6.4,3.8,2.6,57.4
,80.03701,6.82452,6.4,3.8,2.6,51.1
,80.03687,6.82427,6.4,3.8,2.6,51.2
,79.91102,6.85689,6.4,3.8,2.6,65.2
,79.96163,7.06174,6.4,3.9,2.5,65.7
,80.03465,7.08551,6.4,3.9,2.5,59.7
,79.95134,7.0596,6.4,3.9,2.5,66.6
,79.98125,7.05846,6.4,3.9,2.5,63.5
,79.96738,7.06357,6.4,3.9,2.5,65.2
,79.98597,7.09198,6.4,3.9,2.5,64.8
,79.9659,7.07359,6.4,3.9,2.5,65.8
,79.99445,7.06198,6.4,3.9,2.5,62.4
,79.99451,7.06188,6.4,3.9,2.5,62.4
,80.03623,7.07944,6.4,3.9,2.5,59.3
,80.03715,7.07979,6.4,3.9,2.5,59.2
,80.01405,7.10076,6.4,3.9,2.5,62.6
,79.96255,7.07595,6.4,3.9,2.5,66.2
,80.01627,7.0558,6.4,3.9,2.5,59.9
,80.01006,7.08954,6.4,3.9,2.5,62.3
,79.94895,7.09968,6.4,3.9,2.5,68.8
,80.04289,7.10669,6.4,3.9,2.5,60.2
,80.0473,7.10312,6.4,3.9,2.5,59.6
,79.90078,7.15594,6.4,3.9,2.5,76.4
,80.05138,7.09551,6.4,3.9,2.5,58.8
,80.0515,7.09558,6.4,3.9,2.5,58.7
,79.96577,7.05718,6.4,3.9,2.5,65.0
,79.98542,7.05581,6.4,3.9,2.5,63.0
,79.98539,7.05593,6.4,3.9,2.5,63.0
,80.02807,7.09389,6.4,3.9,2.5,60.8
,80.03449,7.0856,6.4,3.9,2.5,59.8
,80.03671,7.08486,6.4,3.9,2.5,59.5
,80.03278,7.08915,6.4,3.9,2.5,60.1
,80.03454,7.08788,6.4,3.9,2.5,59.9
,80.01896,7.08805,6.4,3.9,2.5,61.4
,79.93217,7.08388,6.4,3.9,2.5,69.6
,79.91641,7.08766,6.4,3.9,2.5,71.4
,80.01491,7.06393,6.4,3.9,2.5,60.5
,80.04675,7.09401,6.4,3.9,2.5,59.1
,79.89005,7.10528,6.4,3.9,2.5,74.9
,79.89216,7.10326,6.4,3.9,2.5,74.6
,79.98208,7.04216,6.4,3.9,2.5,62.7
,79.98207,7.0373,6.4,3.9,2.5,62.5
,79.96222,7.04455,6.4,3.9,2.5,64.8
,79.96453,7.03812,6.4,3.9,2.5,64.3
,79.96372,7.03582,6.4,3.9,2.5,64.3
,79.98781,7.03716,6.4,3.9,2.5,61.9
,79.99559,7.03616,6.4,3.9,2.5,61.1
,79.96268,7.07599,6.4,3.9,2.5,66.2
,80.13044,7.04271,6.4,3.9,2.5,48.3
,80.03533,7.07389,6.4,3.9,2.5,59.0
,79.93048,7.06579,6.4,3.9,2.5,69.0
,79.97916,7.07207,6.4,3.9,2.5,64.4
,79.98596,7.09187,6.4,3.9,2.5,64.8
,80.02734,7.09338,6.4,3.9,2.5,60.9
,79.99539,7.07392,6.4,3.9,2.5,62.9
,79.97392,7.02754,6.4,3.9,2.5,62.9
,79.96949,7.05841,6.4,3.9,2.5,64.7
,79.88705,7.0932,6.4,3.9,2.5,74.6
,79.88699,7.09326,6.4,3.9,2.5,74.6
,79.89237,7.1031,6.4,3.9,2.5,74.5
,79.90889,7.08243,6.4,3.9,2.5,71.9
,79.90874,7.08239,6.4,3.9,2.5,71.9
,79.89782,7.06546,6.4,3.9,2.5,72.3
,79.91978,7.13714,6.4,3.9,2.5,73.6
,79.9275,6.89352,6.4,3.9,2.5,63.9
,80.36675,6.65428,6.4,3.9,2.5,22.6
Ice Factory,80.05295,6.23457,6.0,3.5,2.5,80.5
,80.39091,6.63655,6.4,3.9,2.5,22.6
,80.09083,6.83858,5.0,2.5,2.5,45.3
,80.09089,6.83842,5.0,2.5,2.5,45.3
Pahalawatta Stores,80.47794,8.03316,6.4,3.9,2.5,135.3
,80.08906,6.83703,5.0,2.5,2.5,45.5
,79.97295,7.05022,6.4,4.0,2.4,64.0
,79.96623,7.05727,6.4,4.0,2.4,65.0
,79.99426,7.08425,6.4,4.0,2.4,63.6
,79.95375,7.09365,6.4,4.0,2.4,68.0
,80.01256,7.05688,6.4,4.0,2.4,60.4
,79.94996,7.07749,6.4,4.0,2.4,67.6
,80.00568,7.09048,6.4,4.0,2.4,62.8
,79.9576,7.07632,6.4,4.0,2.4,66.8
,80.03757,7.07977,6.4,4.0,2.4,59.1
,80.03793,7.08086,6.4,4.0,2.4,59.2
,79.98061,7.06412,6.4,4.0,2.4,63.9
,79.99604,7.06598,6.4,4.0,2.4,62.4
,80.01925,7.05402,6.4,4.0,2.4,59.6
,80.00767,7.06549,6.4,4.0,2.4,61.3
,80.00976,7.08988,6.4,4.0,2.4,62.4
,79.99776,7.08634,6.4,4.0,2.4,63.3
,80.02215,7.09623,6.4,4.0,2.4,61.5
,80.03508,7.0876,9.6,7.2,2.4,59.8
,80.01639,7.08987,6.4,4.0,2.4,61.7
,80.02766,7.08598,6.4,4.0,2.4,60.4
,79.9354,7.08935,6.4,4.0,2.4,69.6
,80.01886,7.07983,6.4,4.0,2.4,60.9
,79.98155,7.04248,6.4,4.0,2.4,62.8
,79.97078,7.04264,6.4,4.0,2.4,63.9
,80.01463,7.03856,6.4,4.0,2.4,59.3
,79.98833,7.03596,6.4,4.0,2.4,61.8
,79.92162,7.09025,6.4,4.0,2.4,71.0
,79.89086,7.09153,6.4,4.0,2.4,74.1
,79.89093,7.09491,6.4,4.0,2.4,74.3
Shanti Jayakodi Fuel Mart,79.991,7.03501,6.4,4.0,2.4,61.5
,79.99158,7.03591,9.6,7.2,2.4,61.5
,79.98063,7.06382,6.4,4.0,2.4,63.9
,80.03195,7.07671,6.4,4.0,2.4,59.5
,80.03282,7.07622,6.4,4.0,2.4,59.4
,79.9378,7.06604,6.4,4.0,2.4,68.2
,80.03198,7.07694,6.4,4.0,2.4,59.5
,79.99435,7.0844,6.4,4.0,2.4,63.6
,80.00795,7.06542,6.4,4.0,2.4,61.2
,80.04674,7.09605,6.4,4.0,2.4,59.2
,79.94968,7.07181,6.4,4.0,2.4,67.3
,79.93919,7.06756,6.4,4.0,2.4,68.2
,79.96137,7.06175,6.4,4.0,2.4,65.7
,79.93359,7.1022,6.4,4.0,2.4,70.4
,80.05066,7.09587,6.4,4.0,2.4,58.8
,80.05054,7.09585,6.4,4.0,2.4,58.9
,80.01134,7.0875,6.4,4.0,2.4,62.1
,80.00986,7.08987,6.4,4.0,2.4,62.4
TukTuk Rental International,79.86864,6.82944,6.4,4.0,2.4,69.8
,80.35536,6.66428,6.4,4.0,2.4,22.6
,80.37017,6.66482,9.6,7.2,2.4,21.4
,80.08621,6.69449,9.6,7.2,2.4,47.4
,80.09041,6.83663,5.0,2.6,2.4,45.3
Department of Geography,80.59669,7.25563,6.4,4.1,2.3,50.5
Indra Trades,80.50651,5.94238,6.4,4.1,2.3,95.9
,79.92447,7.09548,6.4,4.1,2.3,71.0
,79.95712,7.06693,6.4,4.1,2.3,66.4
,79.9802,7.05071,6.4,4.1,2.3,63.3
,79.97003,7.08162,6.4,4.1,2.3,65.8
,79.98538,7.08141,6.4,4.1,2.3,64.3
,79.98553,7.08151,6.4,4.1,2.3,64.3
,79.9946,7.08302,6.4,4.1,2.3,63.5
,79.97572,7.06835,6.4,4.1,2.3,64.6
,80.01186,7.0578,6.4,4.1,2.3,60.5
,79.99371,7.085,6.4,4.1,2.3,63.7
,79.95774,7.07567,6.4,4.1,2.3,66.7
,79.95461,7.08107,6.4,4.1,2.3,67.3
,79.94658,7.08114,6.4,4.1,2.3,68.1
,79.94927,7.07204,6.4,4.1,2.3,67.4
,80.00399,7.06678,6.4,4.1,2.3,61.7
,79.97066,7.03072,6.4,4.1,2.3,63.4
,80.01307,7.08949,6.4,4.1,2.3,62.0
,79.99016,7.07035,6.4,4.1,2.3,63.2
,80.04315,7.10615,6.4,4.1,2.3,60.2
,80.04705,7.10265,6.4,4.1,2.3,59.6
Airport Tourists Inn,79.89435,7.15866,6.4,4.1,2.3,77.2
,80.03555,7.08925,9.6,7.3,2.3,59.9
,80.03574,7.08964,6.4,4.1,2.3,59.9
,80.03474,7.08703,6.4,4.1,2.3,59.8
,80.02757,7.08575,6.4,4.1,2.3,60.4
,80.02738,7.08579,6.4,4.1,2.3,60.5
,80.02155,7.07819,6.4,4.1,2.3,60.6
,80.0183,7.08084,6.4,4.1,2.3,61.1
,79.92694,7.08694,6.4,4.1,2.3,70.3
,80.01944,7.08197,6.4,4.1,2.3,61.0
,79.97974,7.03688,6.4,4.1,2.3,62.7
,79.97968,7.03708,6.4,4.1,2.3,62.7
,79.97985,7.03678,6.4,4.1,2.3,62.7
,79.96859,7.04242,6.4,4.1,2.3,64.1
,79.98955,7.03439,6.4,4.1,2.3,61.6
,79.99732,7.08618,6.4,4.1,2.3,63.4
,80.03469,7.08013,6.4,4.1,2.3,59.4
,80.01338,7.08985,6.4,4.1,2.3,62.0
,80.0065,7.08778,6.4,4.1,2.3,62.6
,80.03256,7.08921,6.4,4.1,2.3,60.2
,80.00715,7.08983,6.4,4.1,2.3,62.6
,80.03221,7.07594,6.4,4.1,2.3,59.4
,79.96942,7.05856,6.4,4.1,2.3,64.7
,79.95105,7.07098,6.4,4.1,2.3,67.1
,79.94832,7.07942,6.4,4.1,2.3,67.8
,79.94068,7.10651,6.4,4.1,2.3,69.9
,79.97546,7.03175,6.4,4.1,2.3,62.9
,80.00701,7.09102,6.4,4.1,2.3,62.7
,79.9892,7.08055,6.4,4.1,2.3,63.9
Coast guard,80.10068,6.13256,6.4,4.1,2.3,86.9
,79.91515,6.97652,6.4,4.1,2.3,67.2
,79.91531,6.97662,6.4,4.1,2.3,67.2
,79.9325,6.87913,6.4,4.1,2.3,63.1
,80.07384,6.65432,6.4,4.1,2.3,50.1
Kaveesha Tailors,80.47814,8.03398,6.4,4.1,2.3,135.4
,80.09241,6.83934,4.0,1.7,2.3,45.1
Thusara foods,80.06309,6.71602,4.0,1.7,2.3,49.3
Hostel D,80.18958,6.08143,12.8,10.5,2.3,87.5
,80.00763,7.08977,6.4,4.2,2.2,62.6
,79.95647,7.05825,6.4,4.2,2.2,66.0
,79.95649,7.05814,6.4,4.2,2.2,66.0
,79.95632,7.05833,6.4,4.2,2.2,66.0
,79.95648,7.05839,6.4,4.2,2.2,66.0
,79.9642,7.06496,6.4,4.2,2.2,65.6
,79.96414,7.06509,6.4,4.2,2.2,65.6
,79.96465,7.0675,6.4,4.2,2.2,65.6
,79.95977,7.05832,6.4,4.2,2.2,65.7
,79.97994,7.07157,6.4,4.2,2.2,64.3
,79.94804,6.90176,6.4,4.2,2.2,61.8
,79.96413,7.07503,6.4,4.2,2.2,66.0
,79.9643,7.07507,6.4,4.2,2.2,66.0
,80.01995,7.11046,6.4,4.2,2.2,62.6
,80.0333,7.07927,6.4,4.2,2.2,59.5
,80.01945,7.05395,6.4,4.2,2.2,59.5
,80.01949,7.05408,6.4,4.2,2.2,59.5
,80.00338,7.06386,6.4,4.2,2.2,61.6
,80.01152,7.08726,6.4,4.2,2.2,62.1
,80.01335,7.08962,6.4,4.2,2.2,62.0
,80.00912,7.08732,6.4,4.2,2.2,62.3
,80.01159,7.08702,6.4,4.2,2.2,62.0
,80.00955,7.08977,6.4,4.2,2.2,62.4
,80.0097,7.08974,6.4,4.2,2.2,62.4
,79.98504,7.07789,6.4,4.2,2.2,64.1
,79.98515,7.07783,6.4,4.2,2.2,64.1
,79.9999,7.0863,6.4,4.2,2.2,63.1
,80.042,7.10269,6.4,4.2,2.2,60.1
,80.04874,7.11315,6.4,4.2,2.2,60.1
,80.01644,7.09023,6.4,4.2,2.2,61.7
,79.99845,7.05946,6.4,4.2,2.2,61.9
,79.91854,7.07135,6.4,4.2,2.2,70.4
,80.02543,7.09026,6.4,4.2,2.2,60.9
,79.92639,7.08249,6.4,4.2,2.2,70.2
,80.02639,7.08995,6.4,4.2,2.2,60.8
,80.02643,7.08983,6.4,4.2,2.2,60.8
,80.03569,7.0742,6.4,4.2,2.2,59.0
,80.03547,7.07632,6.4,4.2,2.2,59.2
,79.9366,7.08927,6.4,4.2,2.2,69.5
,79.92352,7.08783,6.4,4.2,2.2,70.7
,80.04181,7.07679,6.4,4.2,2.2,58.6
,79.9857,7.04715,6.4,4.2,2.2,62.6
,79.97959,7.0328,6.4,4.2,2.2,62.5
,79.99019,7.0343,6.4,4.2,2.2,61.5
Darshana Studio,79.99004,7.0343,6.4,4.2,2.2,61.5
,79.99744,7.03277,6.4,4.2,2.2,60.7
,80.00757,7.09205,9.6,7.4,2.2,62.7
,79.98909,7.09096,6.4,4.2,2.2,64.4
,79.97581,7.05498,6.4,4.2,2.2,63.9
Cargills Food City,80.02692,7.0343,6.4,4.2,2.2,57.8
,79.97766,7.04805,6.4,4.2,2.2,63.4
,80.00949,7.08995,6.4,4.2,2.2,62.4
,79.93325,7.10406,6.4,4.2,2.2,70.5
KFC and Food City,79.89078,7.08261,6.4,4.2,2.2,73.7
,79.98865,7.09069,6.4,4.2,2.2,64.4
,79.99931,7.07048,6.4,4.2,2.2,62.4
,79.88869,7.07973,6.4,4.2,2.2,73.8
,79.88616,7.1001,6.4,4.2,2.2,75.0
,80.00596,7.08835,6.4,4.2,2.2,62.6
,80.05774,7.10701,6.4,4.2,2.2,58.9
Ragu jewelry,79.89101,7.07831,9.6,7.4,2.2,73.5
Commercial Building - Under construction,80.47905,8.03407,6.4,4.2,2.2,135.4
,80.07079,6.84342,4.0,1.8,2.2,47.5
,79.96077,7.06792,6.4,4.3,2.1,66.0
,79.9471,7.06067,6.4,4.3,2.1,67.1
,79.9805,7.05129,6.4,4.3,2.1,63.3
,79.95493,7.08299,6.4,4.3,2.1,67.3
,80.01324,7.09124,6.4,4.3,2.1,62.1
,80.03954,7.09648,6.4,4.3,2.1,59.9
,79.9953,7.07158,6.4,4.3,2.1,62.8
,80.04648,7.1086,6.4,4.3,2.1,60.0
,79.99953,7.05806,6.4,4.3,2.1,61.7
,80.03207,7.08909,6.4,4.3,2.1,60.2
,80.01595,7.07272,6.4,4.3,2.1,60.8
,80.02026,7.08084,6.4,4.3,2.1,60.9
,79.98556,7.04692,6.4,4.3,2.1,62.6
,79.9627,7.04643,6.4,4.3,2.1,64.8
,80.01457,7.03884,6.4,4.3,2.1,59.3
Neoview Pvt Ltd,80.03527,7.08857,9.6,7.5,2.1,59.9
,80.04177,7.09873,6.4,4.3,2.1,59.8
,79.96174,7.05749,6.4,4.3,2.1,65.4
,80.01171,7.05406,6.4,4.3,2.1,60.3
Sipsetha,79.88861,7.07923,6.4,4.3,2.1,73.8
,80.01585,7.07263,6.4,4.3,2.1,60.9
,79.89653,7.07838,6.4,4.3,2.1,73.0
,79.91118,7.09496,6.4,4.3,2.1,72.3
,79.92158,7.1215,6.4,4.3,2.1,72.6
,79.92149,7.12136,6.4,4.3,2.1,72.6
,80.00984,7.07664,6.4,4.3,2.1,61.6
Restaurant,79.96281,6.57725,9.6,7.5,2.1,64.6
,79.96866,7.06354,6.4,4.4,2.0,65.0
,79.97085,7.06235,6.4,4.4,2.0,64.8
,79.96593,7.05873,6.4,4.4,2.0,65.1
,80.0115,7.05588,6.4,4.4,2.0,60.4
,80.01236,7.05645,6.4,4.4,2.0,60.4
,80.00562,7.09032,6.4,4.4,2.0,62.8
,79.96515,7.07681,6.4,4.4,2.0,66.0
,80.00848,7.09181,6.4,4.4,2.0,62.6
,80.03509,7.07428,6.4,4.4,2.0,59.1
,80.00396,7.07087,6.4,4.4,2.0,61.9
,80.03427,7.1121,6.4,4.4,2.0,61.3
,79.98993,7.07505,6.4,4.4,2.0,63.5
,80.01181,7.07539,6.4,4.4,2.0,61.4
,79.90772,7.16133,6.4,4.4,2.0,76.1
,80.02539,7.07797,6.4,4.4,2.0,60.2
,80.01546,7.08983,6.4,4.4,2.0,61.8
,79.89238,7.10327,6.4,4.4,2.0,74.5
,79.98068,7.03589,6.4,4.4,2.0,62.6
,79.98232,7.0401,6.4,4.4,2.0,62.6
,79.97887,7.03464,6.4,4.4,2.0,62.7
,79.97889,7.03474,6.4,4.4,2.0,62.7
,80.05341,7.09413,6.4,4.4,2.0,58.5
,80.01158,7.05598,6.4,4.4,2.0,60.4
,79.92931,7.06084,6.4,4.4,2.0,68.9
,79.92911,7.06086,6.4,4.4,2.0,68.9
,80.03302,7.07613,6.4,4.4,2.0,59.4
,79.94625,7.06741,6.4,4.4,2.0,67.5
,79.98561,7.07815,6.4,4.4,2.0,64.1
,79.91871,7.12116,6.4,4.4,2.0,72.8
,79.89767,7.07495,6.4,4.4,2.0,72.7
,79.91721,7.10151,6.4,4.4,2.0,72.0
,79.89789,7.06556,6.4,4.4,2.0,72.3
,79.89796,7.06537,6.4,4.4,2.0,72.2
,79.97631,7.06059,6.4,4.4,2.0,64.1
,79.92529,7.0298,9.6,7.6,2.0,68.0
Ice Factory,80.05246,6.23479,6.0,4.0,2.0,80.5
,80.33052,6.71251,6.4,4.4,2.0,21.5
,80.33547,6.71094,6.4,4.4,2.0,21.1
Cargills Food City,80.06378,6.71471,5.0,3.0,2.0,49.3
,79.94032,6.8864,6.4,4.4,2.0,62.4
Family Mart,80.07154,7.32431,6.4,4.4,2.0,74.0
,79.96066,7.05739,6.4,4.5,1.9,65.5
,79.96267,7.05875,6.4,4.5,1.9,65.4
,79.9656,7.07318,6.4,4.5,1.9,65.8
,79.95148,7.06487,6.4,4.5,1.9,66.8
,79.98504,7.05752,6.4,4.5,1.9,63.1
,79.96386,7.08162,6.4,4.5,1.9,66.4
,79.93433,7.10403,6.4,4.5,1.9,70.4
,79.95224,7.07083,6.4,4.5,1.9,67.0
,79.95005,7.07009,6.4,4.5,1.9,67.2
,79.95126,7.07129,6.4,4.5,1.9,67.1
,79.95109,7.0714,6.4,4.5,1.9,67.2
,80.00018,7.07242,6.4,4.5,1.9,62.4
,80.04835,7.11412,6.4,4.5,1.9,60.2
,80.01242,7.0753,6.4,4.5,1.9,61.3
,80.04554,7.1087,9.6,7.7,1.9,60.1
,80.03119,7.09215,6.4,4.5,1.9,60.5
,80.02782,7.08789,6.4,4.5,1.9,60.5
,80.02737,7.08564,6.4,4.5,1.9,60.4
,80.02645,7.06054,6.4,4.5,1.9,59.2
,80.0272,7.08148,6.4,4.5,1.9,60.2
,80.02055,7.08333,6.4,4.5,1.9,61.0
,80.02203,7.0792,6.4,4.5,1.9,60.6
,79.98379,7.03836,6.4,4.5,1.9,62.4
,79.99282,7.07329,6.4,4.5,1.9,63.1
,79.93305,7.105,6.4,4.5,1.9,70.6
,79.93302,7.10482,6.4,4.5,1.9,70.6
,79.94208,7.06589,6.4,4.5,1.9,67.8
,79.94193,7.06596,6.4,4.5,1.9,67.8
,80.01218,7.03484,6.4,4.5,1.9,59.3
,79.96429,7.04033,6.4,4.5,1.9,64.4
,80.01632,7.08936,6.4,4.5,1.9,61.7
,79.96924,7.04408,6.4,4.5,1.9,64.1
,79.88679,7.10023,6.4,4.5,1.9,74.9
,79.8868,7.10011,6.4,4.5,1.9,74.9
,79.893,7.06022,6.4,4.5,1.9,72.5
,79.91407,7.06595,6.4,4.5,1.9,70.6
,79.92984,7.08818,6.4,4.5,1.9,70.1
House 22,80.48142,8.0357,6.4,4.5,1.9,135.6
HBR Residence,80.30669,5.99357,9.6,7.7,1.9,92.7
,80.84033,6.35145,6.4,4.5,1.9,63.1
,80.61441,6.85972,4.0,2.1,1.9,13.9
GOOD STORY Club,80.3488,5.98267,5.0,3.1,1.9,92.9
Bank of Ceylon,79.96129,7.06743,6.4,4.6,1.8,66.0
,79.95673,7.06701,6.4,4.6,1.8,66.4
,79.98008,7.06192,6.4,4.6,1.8,63.8
,79.96471,7.06183,6.4,4.6,1.8,65.4
,79.98784,7.08082,6.4,4.6,1.8,64.0
,79.96411,7.0819,6.4,4.6,1.8,66.4
,80.01047,7.04906,6.4,4.6,1.8,60.2
,80.00552,7.09525,6.4,4.6,1.8,63.1
,80.03862,7.08062,6.4,4.6,1.8,59.1
,80.02216,7.06204,6.4,4.6,1.8,59.7
,79.99385,7.06699,6.4,4.6,1.8,62.7
,79.9523,7.07136,6.4,4.6,1.8,67.0
,79.95228,7.07118,6.4,4.6,1.8,67.0
,79.9878,7.04378,6.4,4.6,1.8,62.2
,79.98754,7.04328,6.4,4.6,1.8,62.2
,80.03344,7.07628,6.4,4.6,1.8,59.3
,79.99202,7.07728,6.4,4.6,1.8,63.4
,79.9852,7.07756,6.4,4.6,1.8,64.1
,79.98504,7.0777,6.4,4.6,1.8,64.1
,80.00204,7.08521,6.4,4.6,1.8,62.9
,80.03857,7.08606,6.4,4.6,1.8,59.4
,80.03869,7.08605,6.4,4.6,1.8,59.4
,79.97863,7.05408,6.4,4.6,1.8,63.6
,79.92567,7.08182,6.4,4.6,1.8,70.2
,80.02462,7.08564,6.4,4.6,1.8,60.7
,79.98027,7.03665,6.4,4.6,1.8,62.6
,79.97594,7.04036,6.4,4.6,1.8,63.2
,79.96994,7.03621,6.4,4.6,1.8,63.7
,79.9654,7.07324,6.4,4.6,1.8,65.8
,79.97503,7.06471,6.4,4.6,1.8,64.5
,79.96458,7.04022,6.4,4.6,1.8,64.4
,79.99325,7.07681,6.4,4.6,1.8,63.3
,79.94046,7.07115,6.4,4.6,1.8,68.2
,79.93682,7.06674,6.4,4.6,1.8,68.4
,79.93696,7.06675,6.4,4.6,1.8,68.4
,79.9414,7.06685,6.4,4.6,1.8,67.9
,79.92864,7.06521,6.4,4.6,1.8,69.1
,79.94115,7.10689,6.4,4.6,1.8,69.9
Himashi's Studio,79.89063,7.0821,9.6,7.8,1.8,73.7
,79.88757,7.0806,6.4,4.6,1.8,74.0
,79.91392,7.08216,6.4,4.6,1.8,71.4
,79.96218,7.06213,6.4,4.6,1.8,65.6
,79.98799,7.08092,6.4,4.6,1.8,64.0
,79.90246,7.07184,6.4,4.6,1.8,72.1
Regional Director of Health Services - Puttlam,79.83182,7.48668,4.0,2.2,1.8,105.1
vivo Mobile,79.92178,7.03035,15.0,13.2,1.8,68.4
Silver Line Mobile & Grocery,80.47847,8.03439,6.4,4.6,1.8,135.5
,79.93294,6.66164,5.2,3.4,1.8,64.7
,80.09104,6.84087,6.0,4.2,1.8,45.3
,79.94024,6.8862,6.4,4.6,1.8,62.4
,79.96169,7.05811,6.4,4.7,1.7,65.5
,79.95527,7.07031,6.4,4.7,1.7,66.7
,79.95856,7.07322,6.4,4.7,1.7,66.5
,79.97619,7.04812,6.4,4.7,1.7,63.6
,80.01216,7.05592,6.4,4.7,1.7,60.4
,80.01217,7.05616,6.4,4.7,1.7,60.4
,79.95013,7.07736,6.4,4.7,1.7,67.5
,80.0122,7.07283,6.4,4.7,1.7,61.2
,80.01235,7.07276,6.4,4.7,1.7,61.2
,80.00751,7.09821,6.4,4.7,1.7,63.0
,80.03538,7.0839,6.4,4.7,1.7,59.6
,80.03543,7.08377,6.4,4.7,1.7,59.6
,79.9316,7.10363,6.4,4.7,1.7,70.7
Sanasa Building and GN Office,79.94101,7.0766,6.4,4.7,1.7,68.4
,79.95469,7.07567,6.4,4.7,1.7,67.0
,79.98796,7.04946,6.4,4.7,1.7,62.4
,79.98802,7.04932,6.4,4.7,1.7,62.4
,80.03526,7.08378,6.4,4.7,1.7,59.6
,79.99894,7.07022,6.4,4.7,1.7,62.4
,79.99915,7.07039,6.4,4.7,1.7,62.4
,79.90725,7.16184,6.4,4.7,1.7,76.2
,80.03201,7.08862,6.4,4.7,1.7,60.2
,80.03202,7.0885,6.4,4.7,1.7,60.2
,80.01635,7.08952,6.4,4.7,1.7,61.7
Budu Madura,80.02261,7.07779,6.4,4.7,1.7,60.5
,79.92373,7.08827,6.4,4.7,1.7,70.7
,80.02395,7.07347,6.4,4.7,1.7,60.1
,80.02401,7.07356,6.4,4.7,1.7,60.1
,79.97681,7.04258,6.4,4.7,1.7,63.2
,79.97673,7.04259,6.4,4.7,1.7,63.3
,79.96849,7.04231,6.4,4.7,1.7,64.1
,79.99532,7.07728,6.4,4.7,1.7,63.1
,79.9615,7.05749,6.4,4.7,1.7,65.5
,79.92879,7.09035,6.4,4.7,1.7,70.3
,80.04698,7.10918,9.6,7.9,1.7,60.0
,80.01265,7.07272,6.4,4.7,1.7,61.2
,80.01258,7.07281,6.4,4.7,1.7,61.2
,80.04711,7.10912,9.6,7.9,1.7,60.0
,79.989,7.09006,6.4,4.7,1.7,64.4
,80.02798,7.0811,9.6,7.9,1.7,60.1
a,79.89062,7.08227,6.4,4.7,1.7,73.7
,79.9693,7.06551,6.4,4.7,1.7,65.1
,79.98717,7.05436,6.4,4.7,1.7,62.8
,79.96098,7.05825,9.6,7.9,1.7,65.6
,80.0471,7.1092,9.6,7.9,1.7,60.0
,80.10393,6.12858,6.4,4.7,1.7,87.1
,80.37345,6.65816,6.4,4.7,1.7,21.8
,80.08199,6.84286,4.0,2.3,1.7,46.3
,80.06259,7.15348,3.5,1.8,1.7,61.5
,79.93423,6.88058,6.4,4.7,1.7,63.0
,79.93416,6.88064,6.4,4.7,1.7,63.0
,79.9856,7.08003,6.4,4.8,1.6,64.2
,79.96471,7.08046,6.4,4.8,1.6,66.3
,80.0075,7.09167,6.4,4.8,1.6,62.7
,80.00785,7.09136,6.4,4.8,1.6,62.6
,80.01234,7.07294,6.4,4.8,1.6,61.2
,79.96224,7.0744,6.4,4.8,1.6,66.2
,79.95451,7.07577,6.4,4.8,1.6,67.0
,79.94962,7.0691,6.4,4.8,1.6,67.2
,79.93724,7.10708,6.4,4.8,1.6,70.3
,80.00014,7.07169,6.4,4.8,1.6,62.3
,79.99386,7.07546,6.4,4.8,1.6,63.1
,79.98543,7.07803,6.4,4.8,1.6,64.1
,80.04224,7.1034,9.6,8.0,1.6,60.1
,80.0511,7.09555,6.4,4.8,1.6,58.8
,80.01404,7.08641,6.4,4.8,1.6,61.8
,80.02397,7.08616,6.4,4.8,1.6,60.8
,80.02835,7.08087,6.4,4.8,1.6,60.1
,79.97057,7.05248,6.4,4.8,1.6,64.3
,79.98101,7.04887,6.4,4.8,1.6,63.1
,79.98283,7.03653,6.4,4.8,1.6,62.4
,79.9833,7.03773,6.4,4.8,1.6,62.4
,79.98269,7.03665,6.4,4.8,1.6,62.4
,79.92328,7.09032,6.4,4.8,1.6,70.8
,79.89113,7.09131,6.4,4.8,1.6,74.1
,80.0139,7.08643,6.4,4.8,1.6,61.8
,79.9796,7.04898,6.4,4.8,1.6,63.3
,79.98964,7.04753,6.4,4.8,1.6,62.2
,79.98323,7.03777,6.4,4.8,1.6,62.4
,80.00788,7.09152,6.4,4.8,1.6,62.6
,79.98557,7.08167,6.4,4.8,1.6,64.3
,79.88899,7.10787,6.4,4.8,1.6,75.1
,79.89288,7.10308,6.4,4.8,1.6,74.5
Sandagirl Super Market,80.10308,6.13008,9.6,8.0,1.6,87.0
,79.9882,7.04743,6.4,4.8,1.6,62.3
,79.89938,7.0654,6.4,4.8,1.6,72.1
,79.92115,7.13767,6.4,4.8,1.6,73.5
,79.9491,6.90209,6.4,4.8,1.6,61.7
,80.3578,6.64049,6.4,4.8,1.6,24.4
,80.36983,6.66504,6.4,4.8,1.6,21.5
,80.04276,6.82224,6.4,4.8,1.6,50.5
,80.02499,7.32882,4.0,2.4,1.6,77.8
,80.07106,6.84344,4.0,2.4,1.6,47.5
Flora Shop -Ragama,79.92197,7.02991,15.0,13.4,1.6,68.3
,79.87091,6.85183,6.4,4.8,1.6,69.6
Food court and study area,79.90062,6.79633,3.2,1.7,1.5,66.2
,80.00308,7.0481,3.2,1.7,1.5,60.9
,80.01563,7.01774,3.2,1.7,1.5,58.2
,80.05311,7.11931,3.2,1.7,1.5,60.1
,79.95492,7.07038,6.4,4.9,1.5,66.7
,79.97513,7.05774,3.2,1.7,1.5,64.1
,79.96776,7.06493,3.2,1.7,1.5,65.2
,79.9666,7.06682,3.2,1.7,1.5,65.4
,79.96411,7.06738,6.4,4.9,1.5,65.7
,79.96712,7.05878,3.2,1.7,1.5,65.0
,79.96622,7.06253,3.2,1.7,1.5,65.2
,79.96615,7.0627,3.2,1.7,1.5,65.2
,79.97866,7.09641,3.2,1.7,1.5,65.7
,79.97925,7.09792,3.2,1.7,1.5,65.7
,79.96644,7.08971,3.2,1.7,1.5,66.6
,79.98999,7.07931,3.2,1.7,1.5,63.7
,79.94823,7.10158,3.2,1.7,1.5,68.9
,79.96375,7.06717,6.4,4.9,1.5,65.7
,79.95992,7.06796,3.2,1.7,1.5,66.1
,79.96028,7.06457,6.4,4.9,1.5,65.9
,79.96523,7.07157,3.2,1.7,1.5,65.8
,79.97778,7.09399,3.2,1.7,1.5,65.7
,79.97678,7.09516,3.2,1.7,1.5,65.8
,80.01167,7.05637,6.4,4.9,1.5,60.4
,80.00478,7.09308,6.4,4.9,1.5,63.0
,79.94912,7.07714,6.4,4.9,1.5,67.6
,80.00753,7.09388,3.2,1.7,1.5,62.8
,79.95799,7.07958,3.2,1.7,1.5,66.9
,79.95701,7.0758,3.2,1.7,1.5,66.8
,79.93357,7.10185,3.2,1.7,1.5,70.4
,79.93341,7.1051,3.2,1.7,1.5,70.6
,79.93363,7.10522,3.2,1.7,1.5,70.6
,80.0081,7.09752,3.2,1.7,1.5,62.9
,80.0083,7.09646,3.2,1.7,1.5,62.9
,80.00819,7.09735,3.2,1.7,1.5,62.9
,79.93358,7.10507,3.2,1.7,1.5,70.6
,80.02244,7.05889,3.2,1.7,1.5,59.5
,80.01272,7.09009,3.2,1.7,1.5,62.1
,79.93146,7.07592,3.2,1.7,1.5,69.3
,79.99057,7.04698,3.2,1.7,1.5,62.1
,79.99056,7.04692,3.2,1.7,1.5,62.1
,79.99691,7.09025,3.2,1.7,1.5,63.6
,79.943,7.07764,3.2,1.7,1.5,68.3
,79.99306,7.04396,3.2,1.7,1.5,61.7
,80.04022,7.08901,3.2,1.7,1.5,59.4
,79.92887,7.10518,3.2,1.7,1.5,71.0
,79.92899,7.10514,3.2,1.7,1.5,71.0
,79.92886,7.10507,3.2,1.7,1.5,71.0
,80.03953,7.09274,3.2,1.7,1.5,59.7
,79.93385,7.10977,3.2,1.7,1.5,70.8
,79.92974,7.10175,3.2,1.7,1.5,70.8
,80.02797,7.11058,3.2,1.7,1.5,61.8
,80.04058,7.09173,3.2,1.7,1.5,59.5
,80.02683,7.11013,3.2,1.7,1.5,61.9
,80.00614,7.05185,3.2,1.7,1.5,60.7
,80.02223,7.05338,3.2,1.7,1.5,59.2
,80.02225,7.05361,3.2,1.7,1.5,59.2
,80.02205,7.05362,3.2,1.7,1.5,59.3
,80.00469,7.07251,3.2,1.7,1.5,61.9
,80.00482,7.07242,3.2,1.7,1.5,61.9
,80.00414,7.07071,3.2,1.7,1.5,61.9
,80.0046,7.07238,3.2,1.7,1.5,61.9
,80.00467,7.072,3.2,1.7,1.5,61.9
,80.00262,7.06789,3.2,1.7,1.5,61.9
,80.01379,7.05518,6.4,4.9,1.5,60.2
,80.01013,7.08469,3.2,1.7,1.5,62.0
,79.9968,7.07843,3.2,1.7,1.5,63.0
,79.9982,7.06624,3.2,1.7,1.5,62.2
,79.99843,7.0875,3.2,1.7,1.5,63.3
,79.99839,7.08726,3.2,1.7,1.5,63.3
,79.99551,7.07326,3.2,1.7,1.5,62.9
,79.98909,7.07403,3.2,1.7,1.5,63.5
,79.92527,7.07019,3.2,1.7,1.5,69.7
,79.98848,7.07435,3.2,1.7,1.5,63.6
,79.9883,7.07447,3.2,1.7,1.5,63.6
,79.99991,7.06547,6.4,4.9,1.5,62.0
,80.00045,7.09043,3.2,1.7,1.5,63.3
,80.0004,7.09029,3.2,1.7,1.5,63.3
,80.02132,7.09239,3.2,1.7,1.5,61.4
,80.02123,7.09229,3.2,1.7,1.5,61.4
,79.97786,7.09421,3.2,1.7,1.5,65.7
,79.97775,7.09421,3.2,1.7,1.5,65.7
,80.00775,7.08109,3.2,1.7,1.5,62.1
,80.04139,7.10254,3.2,1.7,1.5,60.1
Auto Collection,80.04197,7.10237,3.2,1.7,1.5,60.0
,80.04275,7.11,3.2,1.7,1.5,60.4
,80.012,7.07982,3.2,1.7,1.5,61.6
,80.01196,7.07991,3.2,1.7,1.5,61.6
,80.04515,7.10834,6.4,4.9,1.5,60.1
,80.01738,7.06615,3.2,1.7,1.5,60.4
,80.01749,7.06629,3.2,1.7,1.5,60.4
,79.99999,7.06218,3.2,1.7,1.5,61.9
,80.00021,7.06227,3.2,1.7,1.5,61.8
,79.99698,7.05998,3.2,1.7,1.5,62.1
,80.00667,7.05184,3.2,1.7,1.5,60.7
,79.90839,7.15565,3.2,1.7,1.5,75.7
,79.88884,7.07606,3.2,1.7,1.5,73.6
,79.99163,7.05394,3.2,1.7,1.5,62.3
,79.99348,7.05192,6.4,4.9,1.5,62.0
,80.02747,7.09103,3.2,1.7,1.5,60.7
,79.98449,7.04912,3.2,1.7,1.5,62.8
,79.91825,7.07424,3.2,1.7,1.5,70.6
,79.91086,7.15254,3.2,1.7,1.5,75.3
,80.03712,7.08893,6.4,4.9,1.5,59.7
,80.03635,7.08905,6.4,4.9,1.5,59.8
,79.91435,7.1526,3.2,1.7,1.5,75.0
,80.03381,7.08605,6.4,4.9,1.5,59.9
Royal Bakery,80.03375,7.08598,6.4,4.9,1.5,59.9
,80.03303,7.0889,3.2,1.7,1.5,60.1
,80.03294,7.08875,3.2,1.7,1.5,60.1
,80.03208,7.08825,6.4,4.9,1.5,60.1
,80.026,7.09355,3.2,1.7,1.5,61.0
,80.0288,7.08879,9.6,8.1,1.5,60.5
,80.01405,7.08945,3.2,1.7,1.5,61.9
,80.02179,7.08521,6.4,4.9,1.5,61.0
,80.02073,7.08796,3.2,1.7,1.5,61.2
,80.02517,7.08868,3.2,1.7,1.5,60.8
,80.02444,7.06293,6.4,4.9,1.5,59.5
,80.03596,7.07442,3.2,1.7,1.5,59.0
,79.88224,7.10638,3.2,1.7,1.5,75.7
,79.93131,7.08447,3.2,1.7,1.5,69.8
,79.90518,7.1456,3.2,1.7,1.5,75.5
,79.93216,7.08061,3.2,1.7,1.5,69.5
,80.02103,7.08275,6.4,4.9,1.5,60.9
,79.90257,7.14854,3.2,1.7,1.5,75.9
,80.02331,7.07813,3.2,1.7,1.5,60.4
,79.93119,7.08761,6.4,4.9,1.5,69.9
,79.92094,7.08912,3.2,1.7,1.5,71.0
,79.92009,7.08778,3.2,1.7,1.5,71.0
,79.92082,7.09008,6.4,4.9,1.5,71.1
,79.92522,7.0874,3.2,1.7,1.5,70.5
,80.01958,7.08238,6.4,4.9,1.5,61.0
,80.01562,7.06516,3.2,1.7,1.5,60.5
,80.01424,7.06283,6.4,4.9,1.5,60.5
,79.93979,7.08209,3.2,1.7,1.5,68.8
,79.92149,7.08714,3.2,1.7,1.5,70.9
,79.91728,7.08686,3.2,1.7,1.5,71.3
,79.91729,7.08702,3.2,1.7,1.5,71.3
,79.91431,7.14962,3.2,1.7,1.5,74.8
,79.97264,7.05193,6.4,4.9,1.5,64.1
,80.02292,7.03396,3.2,1.7,1.5,58.2
,80.02406,7.03267,3.2,1.7,1.5,58.0
,79.98445,7.04897,3.2,1.7,1.5,62.8
,79.9629,7.04713,3.2,1.7,1.5,64.9
,79.91418,7.07143,3.2,1.7,1.5,70.9
,79.97926,7.03845,3.2,1.7,1.5,62.8
,79.98012,7.04081,3.2,1.7,1.5,62.8
,79.96364,7.05145,3.2,1.7,1.5,65.0
,80.01114,7.04167,3.2,1.7,1.5,59.8
,80.02187,7.04768,3.2,1.7,1.5,59.0
,80.00877,7.04358,3.2,1.7,1.5,60.1
,80.00885,7.04342,3.2,1.7,1.5,60.1
,79.97201,7.03736,6.4,4.9,1.5,63.5
,79.90753,7.07242,3.2,1.7,1.5,71.6
,80.02543,7.0384,3.2,1.7,1.5,58.2
,80.01989,7.03799,3.2,1.7,1.5,58.7
,80.01994,7.03816,3.2,1.7,1.5,58.7
,80.02001,7.03803,3.2,1.7,1.5,58.7
,79.92847,7.09015,3.2,1.7,1.5,70.3
,80.00783,7.04157,6.4,4.9,1.5,60.1
,79.92406,7.09494,6.4,4.9,1.5,71.0
,79.98979,7.03674,3.2,1.7,1.5,61.7
,79.98657,7.03696,3.2,1.7,1.5,62.0
,80.02201,7.03755,3.2,1.7,1.5,58.5
,80.02195,7.03747,3.2,1.7,1.5,58.5
,79.99047,7.03724,3.2,1.7,1.5,61.6
,79.98993,7.03705,6.4,4.9,1.5,61.7
,79.92273,7.09033,3.2,1.7,1.5,70.9
,79.92188,7.09045,3.2,1.7,1.5,71.0
,79.92278,7.09017,3.2,1.7,1.5,70.9
,79.9226,7.09031,3.2,1.7,1.5,70.9
,79.92256,7.09012,3.2,1.7,1.5,70.9
,79.96297,7.04215,3.2,1.7,1.5,64.6
,79.89094,7.09251,3.2,1.7,1.5,74.2
,79.99623,7.0372,3.2,1.7,1.5,61.0
,79.99173,7.03756,3.2,1.7,1.5,61.5
,80.00274,7.03994,3.2,1.7,1.5,60.5
,80.00296,7.03979,3.2,1.7,1.5,60.5
,79.99632,7.03712,3.2,1.7,1.5,61.0
,80.00229,7.03548,3.2,1.7,1.5,60.4
,80.0,7.03588,3.2,1.7,1.5,60.6
,80.0072,7.03621,3.2,1.7,1.5,59.9
,80.0035,7.03663,6.4,4.9,1.5,60.3
,79.99733,7.03026,3.2,1.7,1.5,60.6
,79.99745,7.03012,3.2,1.7,1.5,60.6
,79.96385,7.0516,3.2,1.7,1.5,65.0
,79.9933,7.04918,3.2,1.7,1.5,61.9
,79.99337,7.04911,3.2,1.7,1.5,61.9
,79.89213,7.09273,3.2,1.7,1.5,74.1
,79.88904,7.108,3.2,1.7,1.5,75.1
,79.89019,7.10355,3.2,1.7,1.5,74.8
,79.89006,7.1035,3.2,1.7,1.5,74.8
,79.90804,7.15408,3.2,1.7,1.5,75.6
,80.03166,7.04216,3.2,1.7,1.5,57.7
,80.03151,7.04222,3.2,1.7,1.5,57.8
,80.03167,7.04226,3.2,1.7,1.5,57.7
,80.03155,7.04202,3.2,1.7,1.5,57.7
,79.9931,7.08515,3.2,1.7,1.5,63.7
,79.99297,7.08511,3.2,1.7,1.5,63.7
,80.01995,7.0591,3.2,1.7,1.5,59.7
,79.97858,7.09798,3.2,1.7,1.5,65.8
,79.91434,7.07154,3.2,1.7,1.5,70.9
,79.93372,7.10368,6.4,4.9,1.5,70.5
,80.09465,7.13755,3.2,1.7,1.5,57.6
,79.94823,7.08359,3.2,1.7,1.5,68.0
,80.0062,7.05178,3.2,1.7,1.5,60.7
,79.94594,7.0726,3.2,1.7,1.5,67.7
,79.94607,7.0725,3.2,1.7,1.5,67.7
,80.03908,7.03777,3.2,1.7,1.5,56.8
,79.99442,7.03116,3.2,1.7,1.5,61.0
,79.9419,7.07221,3.2,1.7,1.5,68.1
,80.01763,7.02403,3.2,1.7,1.5,58.3
,79.93996,7.06436,3.2,1.7,1.5,67.9
,79.9382,7.06336,3.2,1.7,1.5,68.1
,80.00499,7.02481,3.2,1.7,1.5,59.6
,80.01902,7.01821,3.2,1.7,1.5,57.9
,80.02556,7.03445,3.2,1.7,1.5,58.0
,80.02576,7.03451,3.2,1.7,1.5,58.0
,80.02911,7.0306,3.2,1.7,1.5,57.4
,79.93543,7.06426,3.2,1.7,1.5,68.4
,80.02995,7.02801,3.2,1.7,1.5,57.2
,80.0251,7.02765,3.2,1.7,1.5,57.7
,80.00617,7.02872,3.2,1.7,1.5,59.7
,80.00609,7.02882,3.2,1.7,1.5,59.7
,80.00608,7.02888,3.2,1.7,1.5,59.7
,80.03156,7.0422,3.2,1.7,1.5,57.8
,79.92147,7.08731,3.2,1.7,1.5,70.9
,79.92307,7.09381,6.4,4.9,1.5,71.0
,80.04031,7.08915,3.2,1.7,1.5,59.4
,80.03859,7.08811,6.4,4.9,1.5,59.5
,80.028,7.09597,3.2,1.7,1.5,61.0
,80.02803,7.09623,3.2,1.7,1.5,61.0
,80.00822,7.09633,3.2,1.7,1.5,62.9
,79.96665,7.06673,3.2,1.7,1.5,65.4
,79.96664,7.06659,3.2,1.7,1.5,65.4
,79.97976,7.08233,3.2,1.7,1.5,64.9
,79.9297,7.10165,3.2,1.7,1.5,70.8
,79.92963,7.10174,3.2,1.7,1.5,70.8
,80.01778,7.09668,3.2,1.7,1.5,62.0
,79.9697,7.07823,3.2,1.7,1.5,65.7
,80.05228,7.11248,3.2,1.7,1.5,59.7
,79.99407,7.0828,6.4,4.9,1.5,63.5
,80.04255,7.11006,3.2,1.7,1.5,60.4
,80.01501,7.08828,3.2,1.7,1.5,61.8
,79.99292,7.08522,3.2,1.7,1.5,63.7
,79.97855,7.09629,3.2,1.7,1.5,65.7
,80.00268,7.06782,3.2,1.7,1.5,61.9
,80.00257,7.06783,3.2,1.7,1.5,61.9
,80.00244,7.06783,3.2,1.7,1.5,61.9
,79.99488,7.06269,3.2,1.7,1.5,62.4
,79.99064,7.047,3.2,1.7,1.5,62.1
,79.98896,7.08986,6.4,4.9,1.5,64.4
,80.01287,7.07325,3.2,1.7,1.5,61.2
,80.01278,7.07336,3.2,1.7,1.5,61.2
,80.01279,7.07324,3.2,1.7,1.5,61.2
,79.97697,7.04765,3.2,1.7,1.5,63.5
,80.0119,7.05644,6.4,4.9,1.5,60.4
,80.01181,7.05637,6.4,4.9,1.5,60.4
,80.00603,7.05186,3.2,1.7,1.5,60.8
,80.00597,7.05181,3.2,1.7,1.5,60.8
,80.01326,7.06452,3.2,1.7,1.5,60.7
,80.04273,7.11009,3.2,1.7,1.5,60.4
,79.99456,7.06406,3.2,1.7,1.5,62.5
,79.99497,7.0628,3.2,1.7,1.5,62.4
,80.02916,7.09467,3.2,1.7,1.5,60.8
,80.01749,7.02387,3.2,1.7,1.5,58.3
,80.00393,7.06886,3.2,1.7,1.5,61.8
,80.0447,7.10933,6.4,4.9,1.5,60.2
,80.02356,7.07832,3.2,1.7,1.5,60.4
,79.95048,7.06101,6.4,4.9,1.5,66.7
,79.99987,7.03588,3.2,1.7,1.5,60.6
,80.01958,7.04912,3.2,1.7,1.5,59.3
,80.05332,7.11929,3.2,1.7,1.5,60.0
,79.9336,7.10201,3.2,1.7,1.5,70.4
,79.93788,7.06267,3.2,1.7,1.5,68.1
,80.02456,7.06291,6.4,4.9,1.5,59.5
,79.92681,7.06278,3.2,1.7,1.5,69.2
,80.03271,7.08194,3.2,1.7,1.5,59.7
,79.9346,7.06388,3.2,1.7,1.5,68.5
,80.01858,7.08053,6.4,4.9,1.5,61.0
,80.04018,7.08913,3.2,1.7,1.5,59.4
,79.96428,7.07265,3.2,1.7,1.5,65.9
,79.98006,7.04072,3.2,1.7,1.5,62.8
,79.97992,7.04077,3.2,1.7,1.5,62.9
Sri Sumangala Weerasingharamaya,79.94948,7.07769,3.2,1.7,1.5,67.6
,79.99643,7.03712,3.2,1.7,1.5,61.0
,80.03743,7.09647,3.2,1.7,1.5,60.1
,80.00211,7.074,3.2,1.7,1.5,62.3
,79.96605,7.05969,3.2,1.7,1.5,65.1
,79.88895,7.10802,3.2,1.7,1.5,75.1
,79.88885,7.10799,3.2,1.7,1.5,75.1
,79.89205,7.10721,3.2,1.7,1.5,74.8
,79.89187,7.10723,3.2,1.7,1.5,74.8
,79.88573,7.08898,3.2,1.7,1.5,74.5
,79.88562,7.08904,3.2,1.7,1.5,74.5
,79.89087,7.09992,3.2,1.7,1.5,74.5
,80.02897,7.09101,6.4,4.9,1.5,60.6
,79.8928,7.08796,3.2,1.7,1.5,73.8
,79.93423,7.09332,3.2,1.7,1.5,69.9
,79.9325,7.09011,3.2,1.7,1.5,69.9
,79.9931,7.08522,3.2,1.7,1.5,63.7
,79.89101,7.09993,3.2,1.7,1.5,74.5
,79.89086,7.09982,3.2,1.7,1.5,74.5
,79.90173,7.11769,3.2,1.7,1.5,74.3
,79.9101,7.11027,3.2,1.7,1.5,73.1
,79.91004,7.11026,3.2,1.7,1.5,73.1
,79.88951,7.06152,3.2,1.7,1.5,72.9
,79.88956,7.06147,3.2,1.7,1.5,72.9
,79.88949,7.06137,3.2,1.7,1.5,72.9
,79.91261,7.08419,3.2,1.7,1.5,71.6
,79.91152,7.0821,3.2,1.7,1.5,71.6
,79.91169,7.08204,3.2,1.7,1.5,71.6
,79.91122,7.07797,3.2,1.7,1.5,71.5
,79.90723,7.08355,6.4,4.9,1.5,72.1
,79.89222,7.06132,3.2,1.7,1.5,72.7
,79.89242,7.06135,3.2,1.7,1.5,72.6
,79.91242,7.10005,3.2,1.7,1.5,72.4
,79.89301,7.06096,3.2,1.7,1.5,72.6
,79.8947,7.06374,3.2,1.7,1.5,72.5
,79.89313,7.0637,3.2,1.7,1.5,72.7
,79.89796,7.06567,6.4,4.9,1.5,72.3
,79.89592,7.06433,3.2,1.7,1.5,72.4
,79.91508,7.06697,3.2,1.7,1.5,70.6
,79.89275,7.08287,3.2,1.7,1.5,73.5
,79.89274,7.08277,3.2,1.7,1.5,73.5
,79.89284,7.08295,3.2,1.7,1.5,73.5
,79.89294,7.08296,3.2,1.7,1.5,73.5
,79.91443,7.12685,3.2,1.7,1.5,73.6
,79.91603,7.12292,3.2,1.7,1.5,73.2
,79.91618,7.12309,3.2,1.7,1.5,73.2
,79.89013,7.1035,3.2,1.7,1.5,74.8
Raddoluwa West GN office,79.89426,7.13381,3.2,1.7,1.5,75.9
,80.01147,7.08859,3.2,1.7,1.5,62.1
,79.89075,7.09989,3.2,1.7,1.5,74.5
,79.99225,7.03877,3.2,1.7,1.5,61.5
,79.88632,7.11375,3.2,1.7,1.5,75.6
,79.88628,7.11365,3.2,1.7,1.5,75.6
,79.88624,7.11374,3.2,1.7,1.5,75.7
,79.99008,7.07929,3.2,1.7,1.5,63.7
,79.8884,7.12107,3.2,1.7,1.5,75.8
,79.92,7.11997,3.2,1.7,1.5,72.7
,79.92405,7.14387,3.2,1.7,1.5,73.6
,79.92102,7.12314,3.2,1.7,1.5,72.7
,79.9145,7.15269,3.2,1.7,1.5,75.0
,79.97949,7.03654,3.2,1.7,1.5,62.7
,79.88167,7.13138,3.2,1.7,1.5,77.0
,79.95056,7.06986,3.2,1.7,1.5,67.1
,79.88735,7.12778,3.2,1.7,1.5,76.2
,79.88718,7.12774,3.2,1.7,1.5,76.3
,79.88727,7.12777,3.2,1.7,1.5,76.3
,79.87568,7.12728,3.2,1.7,1.5,77.4
,80.01579,7.01773,3.2,1.7,1.5,58.2
,80.05705,7.107,3.2,1.7,1.5,58.9
,80.05322,7.1193,3.2,1.7,1.5,60.0
,79.89288,7.08274,3.2,1.7,1.5,73.5
,79.89292,7.08286,3.2,1.7,1.5,73.5
,79.89802,7.06579,6.4,4.9,1.5,72.3
,79.88723,7.12794,3.2,1.7,1.5,76.3
,79.88724,7.12789,3.2,1.7,1.5,76.3
,79.88733,7.12794,3.2,1.7,1.5,76.3
,79.87561,7.1274,3.2,1.7,1.5,77.4
,79.92298,7.1334,6.4,4.9,1.5,73.1
Silk Road International,79.85712,6.88442,3.2,1.7,1.5,71.5
,80.08248,7.39774,3.2,1.7,1.5,79.7
,80.27316,7.81545,3.2,1.7,1.5,114.0
,80.1131,6.63621,3.2,1.7,1.5,46.8
,80.09102,6.68999,3.2,1.7,1.5,47.0
,80.09218,6.64355,3.2,1.7,1.5,48.6
,80.09379,6.63926,3.2,1.7,1.5,48.6
,80.09784,6.64463,3.2,1.7,1.5,48.0
,80.09768,6.6308,3.2,1.7,1.5,48.6
,80.07392,6.64518,3.2,1.7,1.5,50.4
,80.0782,6.64625,3.2,1.7,1.5,49.9
,80.09711,6.7167,3.2,1.7,1.5,45.6
,80.07596,6.69323,3.2,1.7,1.5,48.5
,80.07577,6.67451,3.2,1.7,1.5,49.2
,80.0688,6.68259,3.2,1.7,1.5,49.6
,80.06873,6.6824,3.2,1.7,1.5,49.6
,80.08855,6.69146,3.2,1.7,1.5,47.3
,80.08865,6.69152,3.2,1.7,1.5,47.2
,80.21844,6.35428,3.2,1.7,1.5,59.2
,80.36537,6.65846,3.2,1.7,1.5,22.3
,80.3643,6.65551,3.2,1.7,1.5,22.6
,80.35982,6.6359,3.2,1.7,1.5,24.6
,80.35983,6.63576,3.2,1.7,1.5,24.6
,80.37874,6.66285,3.2,1.7,1.5,21.0
,80.3649,6.67054,3.2,1.7,1.5,21.4
,80.36881,6.66574,3.2,1.7,1.5,21.5
,80.08317,6.6605,3.2,1.7,1.5,48.9
,80.06816,6.69636,3.2,1.7,1.5,49.3
,80.08636,6.69335,3.2,1.7,1.5,47.4
,80.08152,6.68253,3.2,1.7,1.5,48.3
,80.3244,6.71508,3.2,1.7,1.5,22.0
,80.30412,6.71244,3.2,1.7,1.5,24.1
,80.39804,6.6431,3.2,1.7,1.5,21.5
,80.07601,6.69334,3.2,1.7,1.5,48.5
,80.11105,6.64336,3.2,1.7,1.5,46.7
,80.31483,6.71697,3.2,1.7,1.5,22.8
,80.34786,6.66225,3.2,1.7,1.5,23.4
,80.36582,6.69363,3.2,1.7,1.5,19.6
,80.33794,6.70066,3.2,1.7,1.5,21.5
,80.36749,6.64307,3.2,1.7,1.5,23.5
IOC filling Station,80.09271,6.84234,5.0,3.5,1.5,45.1
,80.34075,6.92805,4.0,2.5,1.5,21.9
,80.34071,6.92797,4.0,2.5,1.5,21.9
,80.59868,7.2201,6.4,4.9,1.5,46.7
,80.06331,6.7158,4.0,2.5,1.5,49.3
,80.58375,7.37593,9.6,8.1,1.5,63.3
,80.2736,7.81264,3.2,1.7,1.5,113.7
,80.27333,7.81544,3.2,1.7,1.5,114.0
,79.96042,7.0561,3.2,1.8,1.4,65.5
,79.96047,7.05598,3.2,1.8,1.4,65.5
,79.96037,7.056,3.2,1.8,1.4,65.5
,79.95164,7.05798,3.2,1.8,1.4,66.5
,79.95139,7.05813,3.2,1.8,1.4,66.5
,79.96272,7.05842,3.2,1.8,1.4,65.4
,80.0033,7.0297,3.2,1.8,1.4,60.0
,80.00412,7.02158,3.2,1.8,1.4,59.6
,80.00773,7.02146,3.2,1.8,1.4,59.2
,80.01435,7.01917,3.2,1.8,1.4,58.4
,80.01412,7.01623,3.2,1.8,1.4,58.3
,80.0142,7.01897,3.2,1.8,1.4,58.4
,79.95851,7.07163,3.2,1.8,1.4,66.4
,79.9572,7.07165,3.2,1.8,1.4,66.6
,79.95071,7.0656,3.2,1.8,1.4,66.9
,80.05804,7.11321,3.2,1.8,1.4,59.2
,80.05824,7.11335,3.2,1.8,1.4,59.2
,80.05683,7.11405,3.2,1.8,1.4,59.4
,79.96211,7.07145,3.2,1.8,1.4,66.1
,80.05787,7.10646,3.2,1.8,1.4,58.8
,80.05787,7.10656,3.2,1.8,1.4,58.8
,79.97101,7.06309,3.2,1.8,1.4,64.8
,79.97114,7.06332,3.2,1.8,1.4,64.8
,79.97497,7.06426,3.2,1.8,1.4,64.4
,79.96678,7.05859,3.2,1.8,1.4,65.0
,79.96953,7.06183,3.2,1.8,1.4,64.9
,79.97033,7.0618,3.2,1.8,1.4,64.8
,79.97022,7.06192,3.2,1.8,1.4,64.8
,79.97345,7.0494,3.2,1.8,1.4,63.9
,79.97521,7.05085,6.4,5.0,1.4,63.8
,79.97923,7.04897,6.4,5.0,1.4,63.3
,79.96625,7.06625,3.2,1.8,1.4,65.4
,79.96228,7.06177,3.2,1.8,1.4,65.6
,79.96045,7.06111,3.2,1.8,1.4,65.7
,79.96629,7.06021,3.2,1.8,1.4,65.1
,79.96614,7.0602,3.2,1.8,1.4,65.1
,79.97021,7.07825,3.2,1.8,1.4,65.6
,79.97976,7.07681,3.2,1.8,1.4,64.6
,79.98009,7.07666,3.2,1.8,1.4,64.6
,79.97808,7.07626,3.2,1.8,1.4,64.7
,79.98001,7.07678,3.2,1.8,1.4,64.6
,79.97459,7.09358,3.2,1.8,1.4,66.0
,79.96346,7.08835,3.2,1.8,1.4,66.8
,79.96334,7.08829,3.2,1.8,1.4,66.8
,79.98049,7.08304,3.2,1.8,1.4,64.8
,79.98063,7.08312,3.2,1.8,1.4,64.8
,79.98958,7.08034,3.2,1.8,1.4,63.8
,79.96621,7.04746,6.4,5.0,1.4,64.5
,79.9943,7.08273,6.4,5.0,1.4,63.5
,79.99499,7.08397,6.4,5.0,1.4,63.5
,79.96463,7.06948,3.2,1.8,1.4,65.7
,79.98283,7.0707,3.2,1.8,1.4,64.0
,79.97668,7.0718,3.2,1.8,1.4,64.6
,79.95352,7.09407,3.2,1.8,1.4,68.0
,79.99053,7.0729,6.4,5.0,1.4,63.3
,80.01075,7.04904,3.2,1.8,1.4,60.2
,79.99475,7.06191,3.2,1.8,1.4,62.4
,79.95203,7.07692,3.2,1.8,1.4,67.3
,80.0015,7.09707,3.2,1.8,1.4,63.6
,80.01231,7.10223,3.2,1.8,1.4,62.8
,79.9431,7.08558,3.2,1.8,1.4,68.6
,79.94292,7.08553,3.2,1.8,1.4,68.7
,80.01777,7.09633,3.2,1.8,1.4,62.0
,80.01438,7.09947,3.2,1.8,1.4,62.5
,80.01447,7.09923,3.2,1.8,1.4,62.4
,79.93197,7.10186,3.2,1.8,1.4,70.6
,79.93118,7.10108,3.2,1.8,1.4,70.6
,79.95665,7.07629,3.2,1.8,1.4,66.8
,80.00656,7.05747,3.2,1.8,1.4,61.0
,80.0067,7.05757,3.2,1.8,1.4,61.0
,80.01214,7.09644,3.2,1.8,1.4,62.5
,80.00907,7.10025,3.2,1.8,1.4,63.0
,80.00902,7.10016,3.2,1.8,1.4,63.0
,80.01065,7.09943,3.2,1.8,1.4,62.8
,79.96229,7.0749,3.2,1.8,1.4,66.2
,79.96241,7.07494,3.2,1.8,1.4,66.2
,79.999,7.09356,3.2,1.8,1.4,63.6
corporative Hospital,79.9989,7.09358,3.2,1.8,1.4,63.6
,79.95331,7.08058,3.2,1.8,1.4,67.4
,80.01025,7.09005,3.2,1.8,1.4,62.3
,80.01002,7.09018,3.2,1.8,1.4,62.4
,79.9543,7.07601,3.2,1.8,1.4,67.1
,79.99609,7.06617,3.2,1.8,1.4,62.4
,79.95217,7.08038,3.2,1.8,1.4,67.5
,79.99247,7.06405,3.2,1.8,1.4,62.7
,79.99208,7.06385,3.2,1.8,1.4,62.7
,79.99685,7.06517,3.2,1.8,1.4,62.3
,79.9496,7.07242,3.2,1.8,1.4,67.4
,79.95194,7.07051,3.2,1.8,1.4,67.0
,79.95214,7.0704,3.2,1.8,1.4,67.0
,79.99076,7.04865,3.2,1.8,1.4,62.1
,79.99065,7.04853,3.2,1.8,1.4,62.1
,80.02795,7.11246,3.2,1.8,1.4,61.9
,80.02813,7.11229,3.2,1.8,1.4,61.9
,79.99034,7.04522,3.2,1.8,1.4,62.0
,79.93087,7.07762,3.2,1.8,1.4,69.5
,79.93077,7.07761,3.2,1.8,1.4,69.5
,80.01917,7.10418,3.2,1.8,1.4,62.3
,80.01903,7.1042,3.2,1.8,1.4,62.3
,79.98625,7.04264,3.2,1.8,1.4,62.3
,79.98617,7.04253,3.2,1.8,1.4,62.3
,79.94385,7.07865,3.2,1.8,1.4,68.2
,80.02951,7.09573,3.2,1.8,1.4,60.8
,80.0449,7.09965,3.2,1.8,1.4,59.6
,80.04499,7.09965,3.2,1.8,1.4,59.6
,80.03251,7.08023,3.2,1.8,1.4,59.7
,80.04059,7.0955,3.2,1.8,1.4,59.8
,80.03898,7.09656,3.2,1.8,1.4,60.0
,80.04519,7.09936,3.2,1.8,1.4,59.6
,80.04506,7.09929,3.2,1.8,1.4,59.6
,80.04097,7.0992,3.2,1.8,1.4,59.9
,80.0386,7.10087,3.2,1.8,1.4,60.3
,80.03838,7.08817,6.4,5.0,1.4,59.5
,80.04831,7.09588,3.2,1.8,1.4,59.1
,80.04108,7.09916,3.2,1.8,1.4,59.9
,80.03135,7.10337,3.2,1.8,1.4,61.1
,80.03119,7.10342,3.2,1.8,1.4,61.1
,79.934,7.10915,3.2,1.8,1.4,70.7
Gas Point,79.93094,7.10108,3.2,1.8,1.4,70.6
,80.02891,7.11039,3.2,1.8,1.4,61.7
,80.02872,7.11057,3.2,1.8,1.4,61.8
,80.03591,7.09004,3.2,1.8,1.4,59.9
,80.03594,7.09015,3.2,1.8,1.4,59.9
,80.03603,7.09013,3.2,1.8,1.4,59.9
,79.94301,7.10133,3.2,1.8,1.4,69.4
,80.00683,7.06906,3.2,1.8,1.4,61.5
,80.00677,7.0689,3.2,1.8,1.4,61.5
,80.00445,7.069,3.2,1.8,1.4,61.8
,80.01729,7.05322,6.4,5.0,1.4,59.7
,80.00333,7.06761,3.2,1.8,1.4,61.8
,80.00257,7.06802,3.2,1.8,1.4,61.9
,80.00246,7.08194,3.2,1.8,1.4,62.6
,80.00258,7.08193,3.2,1.8,1.4,62.6
,80.00255,7.08206,3.2,1.8,1.4,62.6
,80.03359,7.1126,3.2,1.8,1.4,61.4
,80.01045,7.08947,3.2,1.8,1.4,62.3
,80.01409,7.06195,6.4,5.0,1.4,60.5
,80.01756,7.06106,3.2,1.8,1.4,60.1
,80.00307,7.08583,3.2,1.8,1.4,62.8
,80.0031,7.08602,3.2,1.8,1.4,62.8
,80.00384,7.08738,3.2,1.8,1.4,62.8
,79.99681,7.07818,3.2,1.8,1.4,63.0
,79.94127,7.09815,3.2,1.8,1.4,69.5
,80.00575,7.08912,3.2,1.8,1.4,62.7
,80.00232,7.07259,6.4,5.0,1.4,62.2
,80.00216,7.07224,6.4,5.0,1.4,62.2
,79.99281,7.07622,3.2,1.8,1.4,63.3
,79.92608,7.0695,3.2,1.8,1.4,69.6
,80.00323,7.07397,3.2,1.8,1.4,62.1
,80.00331,7.07408,3.2,1.8,1.4,62.1
,80.00348,7.07417,3.2,1.8,1.4,62.1
,80.0034,7.07399,3.2,1.8,1.4,62.1
,80.00342,7.07422,3.2,1.8,1.4,62.1
,79.98875,7.0737,6.4,5.0,1.4,63.6
,79.99693,7.06503,3.2,1.8,1.4,62.3
,79.94428,7.09788,3.2,1.8,1.4,69.1
,79.94219,7.09676,3.2,1.8,1.4,69.3
,79.94442,7.09782,3.2,1.8,1.4,69.1
,79.94213,7.09687,3.2,1.8,1.4,69.3
,79.98911,7.09117,3.2,1.8,1.4,64.4
,79.98913,7.09127,3.2,1.8,1.4,64.4
,79.98924,7.09121,3.2,1.8,1.4,64.4
,79.99795,7.08488,3.2,1.8,1.4,63.2
,80.02266,7.0966,3.2,1.8,1.4,61.5
,79.97782,7.06369,3.2,1.8,1.4,64.1
,79.93413,7.07303,3.2,1.8,1.4,68.9
,80.00222,7.09125,3.2,1.8,1.4,63.2
,79.97926,7.09303,3.2,1.8,1.4,65.5
,79.93171,7.0721,3.2,1.8,1.4,69.1
,79.93364,7.07146,3.2,1.8,1.4,68.9
,79.93357,7.07154,3.2,1.8,1.4,68.9
,79.97658,7.09194,3.2,1.8,1.4,65.7
,79.97674,7.09205,3.2,1.8,1.4,65.7
,79.97569,7.09193,3.2,1.8,1.4,65.8
,79.97563,7.09186,3.2,1.8,1.4,65.8
,79.98665,7.07242,3.2,1.8,1.4,63.7
,80.03671,7.10472,3.2,1.8,1.4,60.7
,80.03683,7.10487,3.2,1.8,1.4,60.7
,80.03748,7.10412,3.2,1.8,1.4,60.6
,80.03759,7.10423,3.2,1.8,1.4,60.6
,80.03847,7.10486,3.2,1.8,1.4,60.5
,80.01708,7.09376,3.2,1.8,1.4,61.9
,79.98637,7.06054,3.2,1.8,1.4,63.1
,80.00922,7.07978,3.2,1.8,1.4,61.9
,80.04104,7.10714,3.2,1.8,1.4,60.4
,80.00928,7.08136,3.2,1.8,1.4,62.0
,80.01154,7.07897,3.2,1.8,1.4,61.6
,80.01889,7.09033,3.2,1.8,1.4,61.5
,80.05255,7.10834,3.2,1.8,1.4,59.4
,80.00945,7.08135,3.2,1.8,1.4,61.9
,80.00943,7.07974,3.2,1.8,1.4,61.8
,80.04576,7.10742,3.2,1.8,1.4,60.0
,80.0456,7.10754,3.2,1.8,1.4,60.0
,80.01822,7.07526,3.2,1.8,1.4,60.8
,80.05648,7.10563,3.2,1.8,1.4,58.9
,80.02473,7.09377,3.2,1.8,1.4,61.2
,80.02507,7.09361,3.2,1.8,1.4,61.1
,79.99891,7.05846,3.2,1.8,1.4,61.8
,80.05166,7.09559,3.2,1.8,1.4,58.7
,80.01575,7.04847,3.2,1.8,1.4,59.6
,79.90521,7.1553,3.2,1.8,1.4,76.0
,79.88819,7.0758,3.2,1.8,1.4,73.7
,79.88817,7.07568,3.2,1.8,1.4,73.7
,79.96437,7.05622,3.2,1.8,1.4,65.1
,79.8939,7.15443,3.2,1.8,1.4,77.0
,80.00046,7.05248,3.2,1.8,1.4,61.3
,79.89237,7.07197,3.2,1.8,1.4,73.1
,79.99166,7.05336,3.2,1.8,1.4,62.3
,79.99171,7.05348,3.2,1.8,1.4,62.3
,79.99251,7.05518,3.2,1.8,1.4,62.3
,79.99256,7.05504,3.2,1.8,1.4,62.3
,79.99689,7.054,3.2,1.8,1.4,61.8
,79.91308,7.16208,3.2,1.8,1.4,75.6
,79.98522,7.05595,3.2,1.8,1.4,63.0
,79.91822,7.07223,3.2,1.8,1.4,70.5
,79.98211,7.05457,3.2,1.8,1.4,63.3
,79.98068,7.05706,3.2,1.8,1.4,63.5
,79.98229,7.05454,3.2,1.8,1.4,63.3
,79.92125,7.07476,3.2,1.8,1.4,70.3
,79.97701,7.05225,3.2,1.8,1.4,63.7
,80.03002,7.0941,3.2,1.8,1.4,60.7
,79.98184,7.04972,3.2,1.8,1.4,63.1
,79.98204,7.04962,3.2,1.8,1.4,63.0
,79.91547,7.07603,3.2,1.8,1.4,70.9
,79.98646,7.05568,3.2,1.8,1.4,62.9
,80.03117,7.08969,6.4,5.0,1.4,60.3
,80.0314,7.08864,3.2,1.8,1.4,60.2
,79.92727,7.08226,3.2,1.8,1.4,70.1
,79.92743,7.08227,3.2,1.8,1.4,70.0
,80.04217,7.09511,3.2,1.8,1.4,59.6
,80.04224,7.09502,3.2,1.8,1.4,59.6
,80.0247,7.09357,3.2,1.8,1.4,61.1
,80.02503,7.09372,3.2,1.8,1.4,61.1
,80.01826,7.08747,3.2,1.8,1.4,61.4
,80.01611,7.08971,6.4,5.0,1.4,61.8
,80.01343,7.08616,6.4,5.0,1.4,61.8
,80.01368,7.08901,3.2,1.8,1.4,61.9
,80.01361,7.08915,3.2,1.8,1.4,62.0
,80.0135,7.08594,6.4,5.0,1.4,61.8
,80.01366,7.0891,3.2,1.8,1.4,62.0
,80.01377,7.0889,3.2,1.8,1.4,61.9
,79.92884,7.08342,3.2,1.8,1.4,70.0
,79.99301,7.04947,3.2,1.8,1.4,61.9
,79.9931,7.04942,3.2,1.8,1.4,61.9
,79.99314,7.04929,3.2,1.8,1.4,61.9
,80.02003,7.08956,3.2,1.8,1.4,61.4
,80.02424,7.08639,3.2,1.8,1.4,60.8
,80.02012,7.0897,3.2,1.8,1.4,61.4
,80.02238,7.0897,3.2,1.8,1.4,61.2
,80.021,7.08826,3.2,1.8,1.4,61.2
,80.02246,7.08959,3.2,1.8,1.4,61.1
,80.02418,7.08624,3.2,1.8,1.4,60.8
,79.92522,7.08402,3.2,1.8,1.4,70.3
,80.02458,7.05974,3.2,1.8,1.4,59.3
,80.03947,7.07593,3.2,1.8,1.4,58.8
,80.03966,7.07577,3.2,1.8,1.4,58.7
,80.03959,7.07615,3.2,1.8,1.4,58.8
,80.03789,7.07903,3.2,1.8,1.4,59.1
,80.02579,7.084,3.2,1.8,1.4,60.5
,80.02596,7.08376,3.2,1.8,1.4,60.5
,80.02578,7.08382,3.2,1.8,1.4,60.5
,80.02107,7.08235,3.2,1.8,1.4,60.9
,79.93654,7.08897,3.2,1.8,1.4,69.5
,79.93663,7.08903,3.2,1.8,1.4,69.5
,80.04319,7.08633,3.2,1.8,1.4,59.0
,80.01756,7.08333,3.2,1.8,1.4,61.3
,80.01395,7.08205,3.2,1.8,1.4,61.5
,80.01383,7.08208,3.2,1.8,1.4,61.6
,80.01408,7.07946,3.2,1.8,1.4,61.4
,80.02231,7.06571,3.2,1.8,1.4,59.9
,80.02243,7.06573,3.2,1.8,1.4,59.8
,80.01579,7.07329,3.2,1.8,1.4,60.9
,79.92076,7.08863,3.2,1.8,1.4,71.0
,79.92088,7.08867,3.2,1.8,1.4,71.0
,79.92313,7.08963,3.2,1.8,1.4,70.8
,79.92313,7.08972,3.2,1.8,1.4,70.8
,80.01405,7.06517,3.2,1.8,1.4,60.6
,80.01397,7.06524,3.2,1.8,1.4,60.6
,79.91521,7.08789,3.2,1.8,1.4,71.5
,80.01364,7.06556,3.2,1.8,1.4,60.7
,79.92002,7.08991,3.2,1.8,1.4,71.1
,79.91994,7.08986,3.2,1.8,1.4,71.1
,79.89201,7.10751,3.2,1.8,1.4,74.8
,79.99975,7.05154,6.4,5.0,1.4,61.4
,80.00301,7.04519,3.2,1.8,1.4,60.7
,80.01996,7.08007,3.2,1.8,1.4,60.9
,79.89214,7.10588,3.2,1.8,1.4,74.7
,79.89114,7.10582,3.2,1.8,1.4,74.8
,79.89111,7.10448,3.2,1.8,1.4,74.7
,79.89127,7.1046,3.2,1.8,1.4,74.7
,79.89102,7.10467,3.2,1.8,1.4,74.7
,80.01709,7.04293,3.2,1.8,1.4,59.2
,79.98123,7.04676,3.2,1.8,1.4,63.0
,79.98121,7.04659,3.2,1.8,1.4,63.0
,79.98104,7.04663,3.2,1.8,1.4,63.0
,79.9856,7.04758,3.2,1.8,1.4,62.6
,79.91274,7.07828,3.2,1.8,1.4,71.3
,80.02858,7.04282,3.2,1.8,1.4,58.1
,80.02879,7.04295,3.2,1.8,1.4,58.1
,79.98578,7.04054,3.2,1.8,1.4,62.3
,79.98565,7.04055,3.2,1.8,1.4,62.3
,79.98392,7.03735,3.2,1.8,1.4,62.3
,79.99809,7.0423,3.2,1.8,1.4,61.1
,79.96325,7.04719,3.2,1.8,1.4,64.8
,79.96332,7.04668,3.2,1.8,1.4,64.8
,80.02248,7.04632,3.2,1.8,1.4,58.9
,79.914,7.07159,3.2,1.8,1.4,70.9
,79.91392,7.07152,3.2,1.8,1.4,70.9
,79.91228,7.07251,3.2,1.8,1.4,71.1
,79.91262,7.07061,3.2,1.8,1.4,71.0
,79.97958,7.04228,3.2,1.8,1.4,63.0
,79.97807,7.04398,3.2,1.8,1.4,63.2
,79.89686,7.17612,3.2,1.8,1.4,78.0
,79.89685,7.17621,3.2,1.8,1.4,78.0
,80.00824,7.04108,3.2,1.8,1.4,60.0
,80.0128,7.0437,3.2,1.8,1.4,59.7
,80.01282,7.04385,3.2,1.8,1.4,59.7
,80.02004,7.04025,3.2,1.8,1.4,58.8
,79.93324,7.09366,3.2,1.8,1.4,70.0
,79.93319,7.09387,3.2,1.8,1.4,70.0
,79.96358,7.04415,3.2,1.8,1.4,64.7
,79.96659,7.03733,3.2,1.8,1.4,64.1
,79.96627,7.03714,3.2,1.8,1.4,64.1
,79.92275,7.09375,3.2,1.8,1.4,71.1
,79.92256,7.09371,3.2,1.8,1.4,71.1
,80.01484,7.03951,3.2,1.8,1.4,59.3
,79.98684,7.03686,3.2,1.8,1.4,62.0
,79.92478,7.09099,3.2,1.8,1.4,70.7
,79.92483,7.09115,3.2,1.8,1.4,70.7
,80.02605,7.03586,3.2,1.8,1.4,58.0
,80.0262,7.03654,3.2,1.8,1.4,58.0
,80.02612,7.03636,3.2,1.8,1.4,58.0
,80.02618,7.03746,3.2,1.8,1.4,58.1
,80.02584,7.03688,3.2,1.8,1.4,58.1
,80.02614,7.03758,3.2,1.8,1.4,58.1
,80.02632,7.03745,3.2,1.8,1.4,58.0
,80.02628,7.03639,3.2,1.8,1.4,58.0
,79.98621,7.03639,3.2,1.8,1.4,62.0
,79.98638,7.03647,3.2,1.8,1.4,62.0
,79.96329,7.0424,3.2,1.8,1.4,64.6
,79.9627,7.04128,3.2,1.8,1.4,64.6
,79.96328,7.04267,3.2,1.8,1.4,64.6
,79.8905,7.09453,3.2,1.8,1.4,74.3
,79.89068,7.0945,3.2,1.8,1.4,74.3
,79.89054,7.09438,3.2,1.8,1.4,74.3
,79.96534,7.03534,3.2,1.8,1.4,64.1
,79.90314,7.07301,3.2,1.8,1.4,72.1
,79.90066,7.16667,3.2,1.8,1.4,77.1
,79.97369,7.03049,3.2,1.8,1.4,63.0
,79.99787,7.03573,3.2,1.8,1.4,60.8
,79.99801,7.03584,3.2,1.8,1.4,60.8
,79.9979,7.03589,3.2,1.8,1.4,60.8
,79.99818,7.03758,3.2,1.8,1.4,60.9
,79.99607,7.03617,3.2,1.8,1.4,61.0
,79.99644,7.03664,3.2,1.8,1.4,61.0
,80.00404,7.0373,3.2,1.8,1.4,60.3
,80.00405,7.03714,3.2,1.8,1.4,60.3
,80.00327,7.03719,3.2,1.8,1.4,60.3
,79.99873,7.03282,3.2,1.8,1.4,60.6
,79.99891,7.03279,3.2,1.8,1.4,60.6
,79.99893,7.03296,3.2,1.8,1.4,60.6
,79.99892,7.0329,3.2,1.8,1.4,60.6
,79.92689,7.06608,3.2,1.8,1.4,69.3
,79.92677,7.06614,3.2,1.8,1.4,69.4
,79.92811,7.0679,3.2,1.8,1.4,69.3
,80.00303,7.03708,3.2,1.8,1.4,60.4
,79.88426,7.10645,3.2,1.8,1.4,75.5
,80.02886,7.11055,3.2,1.8,1.4,61.7
,80.02609,7.03747,3.2,1.8,1.4,58.1
,79.89224,7.10267,6.4,5.0,1.4,74.5
,79.89133,7.10335,3.2,1.8,1.4,74.6
,79.90852,7.15415,3.2,1.8,1.4,75.6
,79.96246,7.05716,3.2,1.8,1.4,65.4
,79.96034,7.06098,3.2,1.8,1.4,65.7
,79.95918,7.0581,3.2,1.8,1.4,65.7
,80.0199,7.08006,3.2,1.8,1.4,60.9
,79.97118,7.06284,3.2,1.8,1.4,64.8
,80.00831,7.04099,3.2,1.8,1.4,60.0
,80.03132,7.04278,3.2,1.8,1.4,57.8
,80.0313,7.04259,3.2,1.8,1.4,57.8
,80.03148,7.04256,3.2,1.8,1.4,57.8
Mahindara temple,79.95867,7.07153,3.2,1.8,1.4,66.4
,79.98931,7.09106,3.2,1.8,1.4,64.4
,80.0339,7.07288,3.2,1.8,1.4,59.1
,80.03101,7.03638,3.2,1.8,1.4,57.5
,80.03116,7.03633,3.2,1.8,1.4,57.5
,80.0311,7.03651,3.2,1.8,1.4,57.5
,79.97018,7.07833,3.2,1.8,1.4,65.6
,79.97017,7.07841,3.2,1.8,1.4,65.6
,80.01405,7.06504,3.2,1.8,1.4,60.6
,80.03552,7.03946,3.2,1.8,1.4,57.2
,80.03942,7.07613,3.2,1.8,1.4,58.8
,79.97667,7.03371,3.2,1.8,1.4,62.9
,80.01767,7.07478,3.2,1.8,1.4,60.8
,80.01977,7.07695,3.2,1.8,1.4,60.7
,80.01326,7.03893,3.2,1.8,1.4,59.4
,80.01471,7.02075,3.2,1.8,1.4,58.4
,79.94325,7.06433,3.2,1.8,1.4,67.6
,80.00987,7.03625,3.2,1.8,1.4,59.6
,80.00998,7.03617,3.2,1.8,1.4,59.6
,80.01466,7.02313,3.2,1.8,1.4,58.6
,80.01421,7.02285,3.2,1.8,1.4,58.6
,79.94544,7.06624,3.2,1.8,1.4,67.5
,79.94544,7.06612,3.2,1.8,1.4,67.5
,79.94065,7.07036,3.2,1.8,1.4,68.2
,79.93703,7.06722,6.4,5.0,1.4,68.4
,80.01221,7.03245,3.2,1.8,1.4,59.2
,80.01112,7.035,3.2,1.8,1.4,59.4
,80.01123,7.03374,3.2,1.8,1.4,59.4
,80.01102,7.03507,3.2,1.8,1.4,59.5
,80.01949,7.02224,3.2,1.8,1.4,58.0
,80.01977,7.02369,3.2,1.8,1.4,58.1
,80.02001,7.02248,3.2,1.8,1.4,58.0
,80.00685,7.02457,3.2,1.8,1.4,59.4
,79.93007,7.06448,3.2,1.8,1.4,69.0
Arpico Super Market,80.0292,7.03018,3.2,1.8,1.4,57.4
,80.02728,7.03384,3.2,1.8,1.4,57.8
,80.02724,7.0338,3.2,1.8,1.4,57.8
,80.02744,7.03363,3.2,1.8,1.4,57.8
subash pastry shop,80.02737,7.03361,3.2,1.8,1.4,57.8
,79.93133,7.06589,3.2,1.8,1.4,68.9
,79.93247,7.06348,3.2,1.8,1.4,68.7
,79.93147,7.06588,3.2,1.8,1.4,68.9
,79.93153,7.06718,3.2,1.8,1.4,68.9
,79.93128,7.06575,3.2,1.8,1.4,68.9
,79.92942,7.06557,3.2,1.8,1.4,69.1
,79.92955,7.06554,3.2,1.8,1.4,69.1
,79.9295,7.06691,3.2,1.8,1.4,69.1
,80.03024,7.02867,3.2,1.8,1.4,57.2
,80.00406,7.01087,3.2,1.8,1.4,59.1
,80.02586,7.02736,3.2,1.8,1.4,57.6
,80.02627,7.02467,3.2,1.8,1.4,57.5
,80.00678,7.02961,3.2,1.8,1.4,59.6
,80.00737,7.0296,3.2,1.8,1.4,59.6
,80.0076,7.02967,3.2,1.8,1.4,59.6
,80.03234,7.08001,3.2,1.8,1.4,59.7
,80.03386,7.08143,3.2,1.8,1.4,59.6
,80.03601,7.09024,3.2,1.8,1.4,59.9
,79.98456,7.03886,3.2,1.8,1.4,62.3
,79.98463,7.03875,3.2,1.8,1.4,62.3
,80.02946,7.09598,3.2,1.8,1.4,60.8
,79.94228,7.09667,3.2,1.8,1.4,69.3
,79.99865,7.06357,3.2,1.8,1.4,62.1
,79.96248,7.05955,9.6,8.2,1.4,65.5
,79.95057,7.06556,3.2,1.8,1.4,66.9
,80.00922,7.09602,3.2,1.8,1.4,62.8
,80.038,7.09658,3.2,1.8,1.4,60.1
,79.98118,7.08331,3.2,1.8,1.4,64.8
,79.93169,7.10467,3.2,1.8,1.4,70.7
,79.98627,7.0913,3.2,1.8,1.4,64.7
,79.93518,7.10638,3.2,1.8,1.4,70.5
,80.01774,7.10048,3.2,1.8,1.4,62.2
,79.98753,7.08076,3.2,1.8,1.4,64.0
,80.01451,7.09937,3.2,1.8,1.4,62.4
,80.00146,7.0972,3.2,1.8,1.4,63.6
,80.00646,7.09838,3.2,1.8,1.4,63.2
,80.00015,7.07126,3.2,1.8,1.4,62.3
,80.01054,7.09927,3.2,1.8,1.4,62.8
,80.00764,7.10301,3.2,1.8,1.4,63.3
,80.01233,7.10242,3.2,1.8,1.4,62.8
,80.0102,7.1043,3.2,1.8,1.4,63.1
,79.99625,7.08968,3.2,1.8,1.4,63.7
,80.01721,7.06188,3.2,1.8,1.4,60.2
,80.01728,7.0618,3.2,1.8,1.4,60.1
,79.98238,7.07117,3.2,1.8,1.4,64.1
,80.01436,7.09064,3.2,1.8,1.4,62.0
,80.00462,7.0873,3.2,1.8,1.4,62.7
,80.01722,7.09073,3.2,1.8,1.4,61.7
,79.99636,7.0898,3.2,1.8,1.4,63.7
,80.04114,7.09904,3.2,1.8,1.4,59.9
,79.9406,7.07745,3.2,1.8,1.4,68.5
,80.00326,7.06768,3.2,1.8,1.4,61.8
,80.00251,7.06818,3.2,1.8,1.4,61.9
,80.00094,7.05907,3.2,1.8,1.4,61.6
,79.99009,7.04681,3.2,1.8,1.4,62.1
,80.01221,7.07326,3.2,1.8,1.4,61.2
,79.98016,7.04947,6.4,5.0,1.4,63.2
,80.03797,7.11097,3.2,1.8,1.4,60.9
,80.03815,7.11096,3.2,1.8,1.4,60.9
,80.01136,7.0572,3.2,1.8,1.4,60.5
,80.02384,7.02205,3.2,1.8,1.4,57.6
,80.01329,7.06521,3.2,1.8,1.4,60.7
,80.01331,7.06513,3.2,1.8,1.4,60.7
,80.03903,7.10666,6.4,5.0,1.4,60.6
,80.00246,7.08184,3.2,1.8,1.4,62.6
,79.99438,7.06306,6.4,5.0,1.4,62.5
,80.02989,7.09417,3.2,1.8,1.4,60.7
,80.00263,7.08186,3.2,1.8,1.4,62.6
,80.01901,7.06658,3.2,1.8,1.4,60.2
,80.01029,7.08952,3.2,1.8,1.4,62.3
,80.00447,7.06886,3.2,1.8,1.4,61.8
,79.99694,7.07812,3.2,1.8,1.4,63.0
,80.0485,7.10394,3.2,1.8,1.4,59.5
,79.95999,7.07716,3.2,1.8,1.4,66.6
,79.95214,7.07694,3.2,1.8,1.4,67.3
,80.02333,7.06261,3.2,1.8,1.4,59.6
,79.95024,7.07537,3.2,1.8,1.4,67.4
,79.95094,7.07603,3.2,1.8,1.4,67.4
,79.94396,7.07852,3.2,1.8,1.4,68.2
,79.95087,7.07578,3.2,1.8,1.4,67.4
,80.01672,7.05101,3.2,1.8,1.4,59.7
,79.99046,7.04858,3.2,1.8,1.4,62.2
,79.93128,7.06595,3.2,1.8,1.4,68.9
,79.93415,7.06481,3.2,1.8,1.4,68.6
,79.93675,7.06711,3.2,1.8,1.4,68.4
,79.93419,7.07311,3.2,1.8,1.4,68.9
,80.00992,7.03612,3.2,1.8,1.4,59.6
,80.01001,7.036,3.2,1.8,1.4,59.6
,79.92773,7.06341,3.2,1.8,1.4,69.1
,79.93419,7.10444,6.4,5.0,1.4,70.5
,79.93466,7.10478,3.2,1.8,1.4,70.4
,79.92887,7.103,3.2,1.8,1.4,70.9
,79.92888,7.10294,3.2,1.8,1.4,70.9
,80.0032,7.01856,3.2,1.8,1.4,59.5
,79.96938,7.04424,3.2,1.8,1.4,64.1
,79.96943,7.04419,3.2,1.8,1.4,64.1
,79.93317,7.10585,3.2,1.8,1.4,70.6
,79.93196,7.10199,3.2,1.8,1.4,70.6
,79.95299,7.07802,3.2,1.8,1.4,67.3
,79.96871,7.03779,3.2,1.8,1.4,63.9
,79.96316,7.04175,3.2,1.8,1.4,64.6
,79.96324,7.04183,3.2,1.8,1.4,64.6
,79.96329,7.04167,3.2,1.8,1.4,64.6
,80.0159,7.09148,3.2,1.8,1.4,61.9
,79.96883,7.04465,3.2,1.8,1.4,64.1
,79.97446,7.04656,3.2,1.8,1.4,63.7
,80.01357,7.06568,3.2,1.8,1.4,60.7
Peoples Bank,79.89049,7.08156,9.6,8.2,1.4,73.7
,80.03239,7.08186,3.2,1.8,1.4,59.8
,80.03229,7.08168,3.2,1.8,1.4,59.8
,80.03243,7.08022,3.2,1.8,1.4,59.7
,79.8996,7.08669,3.2,1.8,1.4,73.0
,80.0135,7.08168,3.2,1.8,1.4,61.6
,80.01404,7.08185,3.2,1.8,1.4,61.5
,80.04336,7.08634,3.2,1.8,1.4,59.0
,80.04328,7.08623,3.2,1.8,1.4,59.0
,80.04327,7.08632,3.2,1.8,1.4,59.0
,79.97704,7.0333,3.2,1.8,1.4,62.8
,80.03361,7.11271,3.2,1.8,1.4,61.4
,80.03782,7.07899,3.2,1.8,1.4,59.1
,80.03531,7.07658,6.4,5.0,1.4,59.2
,79.96385,7.07546,6.4,5.0,1.4,66.1
,79.96223,7.0747,3.2,1.8,1.4,66.2
,80.03808,7.10393,3.2,1.8,1.4,60.5
,80.04038,7.10365,3.2,1.8,1.4,60.3
,79.9971,7.0673,6.4,5.0,1.4,62.4
Divisional Secretariate Ja-Ela,79.89046,7.08136,9.6,8.2,1.4,73.7
,79.96451,7.06954,3.2,1.8,1.4,65.7
Dewalaya,80.01424,7.05256,3.2,1.8,1.4,60.0
,80.01315,7.05219,3.2,1.8,1.4,60.1
,79.97116,7.06293,3.2,1.8,1.4,64.8
,79.97405,7.07206,6.4,5.0,1.4,64.9
,79.96623,7.06017,3.2,1.8,1.4,65.1
,79.97029,7.06194,3.2,1.8,1.4,64.8
,79.97037,7.06191,3.2,1.8,1.4,64.8
,79.88448,7.10634,3.2,1.8,1.4,75.5
,79.89123,7.0941,3.2,1.8,1.4,74.2
,79.88153,7.10668,3.2,1.8,1.4,75.8
,79.88154,7.10658,3.2,1.8,1.4,75.8
,79.88924,7.10241,3.2,1.8,1.4,74.8
,79.89203,7.10741,3.2,1.8,1.4,74.8
,79.89069,7.10709,3.2,1.8,1.4,74.9
,79.88612,7.08914,3.2,1.8,1.4,74.5
,79.88598,7.0891,3.2,1.8,1.4,74.5
,79.88606,7.08912,3.2,1.8,1.4,74.5
,79.89366,7.10343,3.2,1.8,1.4,74.4
,79.89366,7.10355,3.2,1.8,1.4,74.4
,79.89348,7.10337,3.2,1.8,1.4,74.4
,79.89354,7.10346,3.2,1.8,1.4,74.4
,79.8884,7.09501,3.2,1.8,1.4,74.5
,79.88847,7.09501,3.2,1.8,1.4,74.5
,79.88845,7.09513,3.2,1.8,1.4,74.5
,79.88832,7.09517,3.2,1.8,1.4,74.6
,79.88833,7.09506,3.2,1.8,1.4,74.6
,80.02246,7.04648,3.2,1.8,1.4,58.9
,80.02238,7.04655,3.2,1.8,1.4,58.9
,80.02937,7.09584,3.2,1.8,1.4,60.8
,80.02932,7.09601,3.2,1.8,1.4,60.9
,80.02937,7.09592,3.2,1.8,1.4,60.8
,79.89268,7.08823,3.2,1.8,1.4,73.8
,79.88965,7.09645,3.2,1.8,1.4,74.5
,79.88966,7.09652,3.2,1.8,1.4,74.5
,79.88921,7.09617,3.2,1.8,1.4,74.5
,79.88938,7.09623,3.2,1.8,1.4,74.5
,79.88912,7.09625,3.2,1.8,1.4,74.5
,79.88944,7.09651,3.2,1.8,1.4,74.5
,80.04049,7.0956,3.2,1.8,1.4,59.8
,79.89438,7.07451,6.4,5.0,1.4,73.0
,79.8893,7.09624,3.2,1.8,1.4,74.5
,79.88958,7.09649,3.2,1.8,1.4,74.5
,79.91657,7.1189,3.2,1.8,1.4,72.9
,79.91586,7.11878,3.2,1.8,1.4,73.0
,79.91595,7.11881,3.2,1.8,1.4,73.0
,79.9157,7.11873,3.2,1.8,1.4,73.0
,79.88724,7.0804,3.2,1.8,1.4,74.0
,79.87982,7.05847,3.2,1.8,1.4,73.8
,79.91476,7.08223,3.2,1.8,1.4,71.3
,79.91466,7.08148,3.2,1.8,1.4,71.3
,79.91394,7.10759,3.2,1.8,1.4,72.6
,79.91266,7.07813,3.2,1.8,1.4,71.3
,79.91443,7.08153,3.2,1.8,1.4,71.3
,79.91185,7.0958,3.2,1.8,1.4,72.2
,79.91688,7.1019,3.2,1.8,1.4,72.0
,79.9165,7.10112,3.2,1.8,1.4,72.0
,79.91637,7.10105,3.2,1.8,1.4,72.1
,79.91637,7.10119,3.2,1.8,1.4,72.1
,79.91681,7.10192,3.2,1.8,1.4,72.0
,79.91642,7.10113,3.2,1.8,1.4,72.0
,79.91196,7.11031,3.2,1.8,1.4,72.9
,79.89347,7.06392,3.2,1.8,1.4,72.6
,79.99013,7.04695,3.2,1.8,1.4,62.1
,79.99044,7.04534,3.2,1.8,1.4,62.0
,80.02913,7.08199,3.2,1.8,1.4,60.1
,80.01083,7.09184,3.2,1.8,1.4,62.4
,79.8885,7.10726,3.2,1.8,1.4,75.1
,79.88847,7.10736,3.2,1.8,1.4,75.1
,80.04554,7.10746,3.2,1.8,1.4,60.0
,79.88084,7.11679,3.2,1.8,1.4,76.3
,79.88874,7.09798,3.2,1.8,1.4,74.6
,79.88359,7.14012,3.2,1.8,1.4,77.3
,79.89051,7.10033,3.2,1.8,1.4,74.6
,79.87724,7.12078,3.2,1.8,1.4,76.9
,79.87677,7.12075,3.2,1.8,1.4,76.9
,79.87868,7.12057,3.2,1.8,1.4,76.7
,79.87735,7.12078,3.2,1.8,1.4,76.9
,79.87668,7.12075,3.2,1.8,1.4,76.9
,79.87855,7.12055,3.2,1.8,1.4,76.8
,79.88671,7.1138,3.2,1.8,1.4,75.6
Alawatupitiya Temple,79.88686,7.11373,3.2,1.8,1.4,75.6
,79.88755,7.1137,3.2,1.8,1.4,75.5
,79.88756,7.11384,3.2,1.8,1.4,75.5
,79.88728,7.1128,3.2,1.8,1.4,75.5
,79.88619,7.11906,3.2,1.8,1.4,75.9
,79.88634,7.1192,3.2,1.8,1.4,75.9
,79.88838,7.12122,3.2,1.8,1.4,75.8
,79.90588,7.13354,3.2,1.8,1.4,74.7
,79.91087,7.12933,3.2,1.8,1.4,74.0
,79.91099,7.12939,3.2,1.8,1.4,74.0
,79.8923,7.12933,3.2,1.8,1.4,75.8
,79.88713,7.12827,3.2,1.8,1.4,76.3
,79.88712,7.12834,3.2,1.8,1.4,76.3
,79.88709,7.12844,3.2,1.8,1.4,76.3
,79.90303,7.13187,3.2,1.8,1.4,74.9
,79.88697,7.12845,3.2,1.8,1.4,76.3
,79.88694,7.12833,3.2,1.8,1.4,76.3
,79.88002,7.12391,3.2,1.8,1.4,76.8
,79.87991,7.12372,3.2,1.8,1.4,76.8
,79.88011,7.12379,3.2,1.8,1.4,76.8
,79.92128,7.15787,3.2,1.8,1.4,74.6
,79.88729,7.11258,3.2,1.8,1.4,75.5
,80.058,7.10634,3.2,1.8,1.4,58.8
,79.90134,7.15092,3.2,1.8,1.4,76.1
,79.90126,7.15104,3.2,1.8,1.4,76.1
,79.88691,7.12843,3.2,1.8,1.4,76.3
,79.91813,7.07243,3.2,1.8,1.4,70.5
,79.93332,7.09456,3.2,1.8,1.4,70.1
,79.92505,7.08394,3.2,1.8,1.4,70.4
,79.92584,7.07822,3.2,1.8,1.4,70.0
,79.98948,7.11503,3.2,1.8,1.4,65.7
,79.9157,6.97599,6.4,5.0,1.4,67.1
,80.39061,6.66594,3.2,1.8,1.4,19.9
,80.39073,6.66598,3.2,1.8,1.4,19.9
,80.59696,7.26626,3.2,1.8,1.4,51.7
,80.07031,7.73022,3.2,1.8,1.4,112.3
,80.27159,7.81518,3.2,1.8,1.4,114.0
,80.27452,7.81666,3.2,1.8,1.4,114.1
,80.27013,7.81865,3.2,1.8,1.4,114.4
,80.27507,7.81948,3.2,1.8,1.4,114.4
,80.27295,7.81968,3.2,1.8,1.4,114.5
,80.0386,6.29049,3.2,1.8,1.4,76.8
,80.03848,6.2904,3.2,1.8,1.4,76.8
,80.03854,6.29054,3.2,1.8,1.4,76.8
,80.07628,6.69818,3.2,1.8,1.4,48.4
,80.11409,6.62747,3.2,1.8,1.4,47.1
,80.11801,6.61902,3.2,1.8,1.4,47.1
,80.11884,6.61872,3.2,1.8,1.4,47.1
,80.10909,6.6443,3.2,1.8,1.4,46.9
,80.11173,6.62991,3.2,1.8,1.4,47.2
,80.09697,6.62152,3.2,1.8,1.4,49.1
,80.07408,6.63321,3.2,1.8,1.4,50.9
,80.07528,6.64482,3.2,1.8,1.4,50.3
,80.07491,6.64823,3.2,1.8,1.4,50.2
,80.07881,6.64698,3.2,1.8,1.4,49.9
,80.07895,6.64699,3.2,1.8,1.4,49.8
,80.07515,6.64766,3.2,1.8,1.4,50.2
,80.08449,6.66723,3.2,1.8,1.4,48.5
,80.08453,6.66737,3.2,1.8,1.4,48.5
,80.08587,6.6707,3.2,1.8,1.4,48.2
,80.08251,6.67141,3.2,1.8,1.4,48.6
,80.08233,6.67144,3.2,1.8,1.4,48.6
,80.10398,6.71779,3.2,1.8,1.4,44.9
,80.0953,6.69413,3.2,1.8,1.4,46.5
,80.09251,6.69392,3.2,1.8,1.4,46.8
,80.08223,6.68121,3.2,1.8,1.4,48.3
,80.082,6.68102,3.2,1.8,1.4,48.3
,80.07907,6.66207,3.2,1.8,1.4,49.2
,80.05726,6.64782,3.2,1.8,1.4,52.0
,80.06043,6.65674,3.2,1.8,1.4,51.4
,80.06057,6.65658,3.2,1.8,1.4,51.4
,80.06252,6.65458,3.2,1.8,1.4,51.2
,80.06286,6.6544,3.2,1.8,1.4,51.2
,80.08727,6.69376,3.2,1.8,1.4,47.3
,80.08628,6.6942,3.2,1.8,1.4,47.4
,80.09707,6.72271,3.2,1.8,1.4,45.5
,80.21258,6.36911,3.2,1.8,1.4,58.1
,80.11367,6.63004,3.2,1.8,1.4,47.0
,80.36896,6.66409,3.2,1.8,1.4,21.6
,80.36889,6.6642,3.2,1.8,1.4,21.6
,80.36182,6.65241,3.2,1.8,1.4,23.1
,80.35677,6.64223,3.2,1.8,1.4,24.3
,80.35928,6.6318,3.2,1.8,1.4,25.0
,80.38545,6.65453,6.4,5.0,1.4,21.3
,80.38779,6.64856,3.2,1.8,1.4,21.7
,80.38778,6.64866,3.2,1.8,1.4,21.6
,80.39577,6.64706,3.2,1.8,1.4,21.3
,80.36167,6.67413,3.2,1.8,1.4,21.4
,80.34433,6.69392,3.2,1.8,1.4,21.4
,80.08469,6.66729,3.2,1.8,1.4,48.5
,80.0896,6.6944,3.2,1.8,1.4,47.1
,80.08972,6.69438,3.2,1.8,1.4,47.0
,80.08995,6.64386,3.2,1.8,1.4,48.8
,80.08958,6.64397,3.2,1.8,1.4,48.9
,80.08513,6.64669,3.2,1.8,1.4,49.2
,80.07946,6.68683,3.2,1.8,1.4,48.4
,80.06976,6.69809,3.2,1.8,1.4,49.1
,80.38215,6.63217,3.2,1.8,1.4,23.5
,80.38229,6.6385,3.2,1.8,1.4,22.9
,80.22898,6.70241,3.2,1.8,1.4,32.2
,80.39142,6.63661,3.2,1.8,1.4,22.5
,80.39161,6.63659,3.2,1.8,1.4,22.5
,80.32831,6.71652,3.2,1.8,1.4,21.5
,80.27715,6.72173,3.2,1.8,1.4,26.4
,80.34434,6.694,3.2,1.8,1.4,21.4
,80.26128,6.22443,3.2,1.8,1.4,69.8
,80.21331,6.72962,3.2,1.8,1.4,32.8
,80.21246,6.36892,3.2,1.8,1.4,58.1
,80.36149,6.67401,3.2,1.8,1.4,21.4
,80.3958,6.64693,3.2,1.8,1.4,21.3
,80.07653,6.69824,3.2,1.8,1.4,48.3
,80.07643,6.6983,3.2,1.8,1.4,48.4
,80.06455,6.65509,3.2,1.8,1.4,51.0
,80.06277,6.65449,3.2,1.8,1.4,51.2
,80.38765,6.64863,3.2,1.8,1.4,21.7
,80.21225,6.3625,3.2,1.8,1.4,58.7
,80.21221,6.36243,3.2,1.8,1.4,58.8
,80.10009,6.69235,3.2,1.8,1.4,46.0
ragama phamacy,79.92193,7.02939,15.0,13.6,1.4,68.3
,80.34017,6.92752,4.0,2.6,1.4,21.9
,80.34018,6.92737,4.0,2.6,1.4,21.9
cream,79.9626,6.57769,6.4,5.0,1.4,64.7
Mawainda Opticals,79.96263,6.57791,3.2,1.8,1.4,64.6
Velapura Vidyalaya,79.96129,6.57976,3.2,1.8,1.4,64.7
Community Centre,79.93568,6.82353,3.2,1.8,1.4,62.3
,80.27291,7.81961,3.2,1.8,1.4,114.5
46/1,79.9108,6.79323,3.2,1.8,1.4,65.1
,80.03793,6.83547,3.2,1.8,1.4,51.1
,79.99863,6.41988,3.2,1.8,1.4,70.2
,80.17644,6.14003,3.2,1.8,1.4,82.2
,79.9603,7.05569,3.2,1.9,1.3,65.5
,79.96294,7.06282,3.2,1.9,1.3,65.6
,79.96285,7.06291,3.2,1.9,1.3,65.6
,79.96293,7.06303,3.2,1.9,1.3,65.6
,79.96231,7.07064,3.2,1.9,1.3,66.0
,80.01312,7.01579,3.2,1.9,1.3,58.4
,80.01597,7.0168,3.2,1.9,1.3,58.1
,79.93284,7.09991,3.2,1.9,1.3,70.4
,79.93281,7.10003,3.2,1.9,1.3,70.4
,79.93258,7.09993,3.2,1.9,1.3,70.4
,79.95099,7.06095,3.2,1.9,1.3,66.7
,79.95435,7.06088,3.2,1.9,1.3,66.3
,80.05309,7.11286,3.2,1.9,1.3,59.7
,80.05202,7.11681,3.2,1.9,1.3,60.0
,79.96113,7.07203,3.2,1.9,1.3,66.2
,79.9627,7.07247,3.2,1.9,1.3,66.1
,79.96255,7.0723,3.2,1.9,1.3,66.1
,79.97129,7.06316,3.2,1.9,1.3,64.8
,79.98362,7.06166,3.2,1.9,1.3,63.5
,79.97217,7.05785,3.2,1.9,1.3,64.4
,79.96755,7.0634,3.2,1.9,1.3,65.1
,79.9764,7.05738,3.2,1.9,1.3,64.0
,79.97657,7.05754,3.2,1.9,1.3,64.0
,79.97781,7.04793,6.4,5.1,1.3,63.4
,79.96383,7.05547,3.2,1.9,1.3,65.1
,79.96326,7.08844,3.2,1.9,1.3,66.8
,79.9631,7.08833,3.2,1.9,1.3,66.8
,79.96312,7.08846,3.2,1.9,1.3,66.8
,79.95028,7.08506,3.2,1.9,1.3,67.9
,79.95046,7.08523,3.2,1.9,1.3,67.9
,79.98594,7.07995,3.2,1.9,1.3,64.1
,79.96915,7.08071,3.2,1.9,1.3,65.8
,79.99312,7.07931,3.2,1.9,1.3,63.4
,79.99539,7.08449,3.2,1.9,1.3,63.5
,79.96273,7.06634,6.4,5.1,1.3,65.8
,79.96292,7.06659,3.2,1.9,1.3,65.8
,79.96006,7.06475,3.2,1.9,1.3,66.0
,79.96561,7.07186,3.2,1.9,1.3,65.7
,79.97937,7.07276,3.2,1.9,1.3,64.4
,79.96172,7.09473,3.2,1.9,1.3,67.3
,79.96663,7.09213,3.2,1.9,1.3,66.7
,79.96547,7.0945,3.2,1.9,1.3,66.9
,79.96552,7.09434,3.2,1.9,1.3,66.9
,79.97626,7.09358,3.2,1.9,1.3,65.8
,79.97613,7.09345,3.2,1.9,1.3,65.8
,79.99165,7.06136,3.2,1.9,1.3,62.6
,80.00761,7.09089,3.2,1.9,1.3,62.6
,79.95748,7.07628,3.2,1.9,1.3,66.8
,79.96624,7.07384,3.2,1.9,1.3,65.8
,79.96525,7.07632,3.2,1.9,1.3,66.0
,79.94515,7.08535,6.4,5.1,1.3,68.4
,79.95105,7.08035,3.2,1.9,1.3,67.6
,79.95086,7.08036,3.2,1.9,1.3,67.6
,79.95452,7.08192,3.2,1.9,1.3,67.3
,79.95435,7.08199,3.2,1.9,1.3,67.4
,80.00894,7.10232,3.2,1.9,1.3,63.1
,80.01391,7.09659,3.2,1.9,1.3,62.3
,80.03924,7.0804,3.2,1.9,1.3,59.0
,79.93258,7.10185,3.2,1.9,1.3,70.5
,79.95734,7.07371,3.2,1.9,1.3,66.7
,79.95737,7.07616,3.2,1.9,1.3,66.8
,80.00506,7.0574,3.2,1.9,1.3,61.1
,80.00604,7.05835,3.2,1.9,1.3,61.1
,80.0063,7.05792,3.2,1.9,1.3,61.0
,80.00697,7.05825,3.2,1.9,1.3,61.0
,79.93624,7.10428,3.2,1.9,1.3,70.3
,79.93625,7.10443,3.2,1.9,1.3,70.3
,79.95557,7.08152,3.2,1.9,1.3,67.2
,79.93854,7.07883,3.2,1.9,1.3,68.8
,79.94171,7.07505,3.2,1.9,1.3,68.3
,80.00852,7.09154,3.2,1.9,1.3,62.6
,79.96162,7.07876,3.2,1.9,1.3,66.5
,79.96149,7.0786,3.2,1.9,1.3,66.5
,79.99242,7.06384,3.2,1.9,1.3,62.7
,79.96164,7.07854,3.2,1.9,1.3,66.5
,79.9929,7.06796,3.2,1.9,1.3,62.9
,79.93112,7.07512,3.2,1.9,1.3,69.3
,79.93125,7.07495,3.2,1.9,1.3,69.3
,79.96091,7.07764,3.2,1.9,1.3,66.5
,79.95164,7.07058,3.2,1.9,1.3,67.1
,79.95164,7.07046,3.2,1.9,1.3,67.1
,79.99065,7.04835,3.2,1.9,1.3,62.1
,79.99139,7.05039,3.2,1.9,1.3,62.1
,79.99117,7.04723,3.2,1.9,1.3,62.0
,80.03533,7.08266,3.2,1.9,1.3,59.5
,80.02842,7.11261,3.2,1.9,1.3,61.9
,80.02731,7.1128,3.2,1.9,1.3,62.0
,80.02075,7.10158,3.2,1.9,1.3,62.0
,79.98802,7.04523,3.2,1.9,1.3,62.2
,79.94262,7.07284,3.2,1.9,1.3,68.1
,79.94252,7.07298,3.2,1.9,1.3,68.1
,80.02174,7.10785,3.2,1.9,1.3,62.3
,80.03956,7.09624,3.2,1.9,1.3,59.9
,80.03936,7.09622,3.2,1.9,1.3,59.9
,80.04535,7.09894,3.2,1.9,1.3,59.5
,80.04075,7.09501,3.2,1.9,1.3,59.7
,80.04034,7.09533,3.2,1.9,1.3,59.8
,80.03776,7.09534,3.2,1.9,1.3,60.0
,80.00239,7.07511,3.2,1.9,1.3,62.3
,80.02065,7.05258,3.2,1.9,1.3,59.3
,80.00356,7.06987,3.2,1.9,1.3,61.9
,79.94319,7.09857,3.2,1.9,1.3,69.3
,80.00426,7.07189,3.2,1.9,1.3,61.9
,80.01816,7.05127,3.2,1.9,1.3,59.5
,80.01712,7.05271,6.4,5.1,1.3,59.7
,79.93783,7.1058,3.2,1.9,1.3,70.2
,80.01747,7.05541,3.2,1.9,1.3,59.8
,80.00714,7.0676,3.2,1.9,1.3,61.4
,79.97156,7.03277,3.2,1.9,1.3,63.3
,80.01408,7.05545,3.2,1.9,1.3,60.1
,80.01392,7.05527,3.2,1.9,1.3,60.1
,80.00104,7.08286,3.2,1.9,1.3,62.8
,79.94116,7.10312,3.2,1.9,1.3,69.7
,79.94197,7.10259,3.2,1.9,1.3,69.6
,79.9419,7.10259,3.2,1.9,1.3,69.6
,79.94107,7.10324,3.2,1.9,1.3,69.7
,80.0384,7.11341,3.2,1.9,1.3,61.0
,80.0124,7.08915,3.2,1.9,1.3,62.1
,80.00912,7.08705,3.2,1.9,1.3,62.3
,80.00895,7.08712,3.2,1.9,1.3,62.3
,80.01707,7.05745,3.2,1.9,1.3,59.9
,80.00984,7.08898,3.2,1.9,1.3,62.3
,80.00987,7.08915,3.2,1.9,1.3,62.3
,80.01469,7.06187,6.4,5.1,1.3,60.4
,80.01786,7.06037,6.4,5.1,1.3,60.0
,80.00785,7.08615,3.2,1.9,1.3,62.3
,80.00786,7.08604,3.2,1.9,1.3,62.3
,79.99881,7.08322,3.2,1.9,1.3,63.1
,79.99869,7.08334,3.2,1.9,1.3,63.1
,79.99885,7.08339,3.2,1.9,1.3,63.1
,80.00302,7.08824,3.2,1.9,1.3,62.9
,79.99193,7.07701,3.2,1.9,1.3,63.4
,79.99421,7.07456,3.2,1.9,1.3,63.1
,79.99399,7.07456,3.2,1.9,1.3,63.1
,79.99659,7.07574,3.2,1.9,1.3,62.9
,80.00229,7.06697,3.2,1.9,1.3,61.9
,80.00222,7.06712,3.2,1.9,1.3,61.9
,80.00234,7.06707,3.2,1.9,1.3,61.9
,80.00201,7.06757,3.2,1.9,1.3,61.9
,80.01907,7.04858,3.2,1.9,1.3,59.3
,80.01903,7.04873,3.2,1.9,1.3,59.3
,79.9913,7.08985,3.2,1.9,1.3,64.1
,79.99015,7.07469,3.2,1.9,1.3,63.5
,79.98998,7.0747,3.2,1.9,1.3,63.5
,79.99852,7.06366,3.2,1.9,1.3,62.1
,79.98279,7.07775,3.2,1.9,1.3,64.3
,79.99327,7.06828,3.2,1.9,1.3,62.8
,79.99335,7.06839,3.2,1.9,1.3,62.8
,79.94406,7.09769,3.2,1.9,1.3,69.2
,79.94411,7.09746,3.2,1.9,1.3,69.1
,79.99849,7.08621,3.2,1.9,1.3,63.3
,79.99926,7.08637,3.2,1.9,1.3,63.2
,80.00127,7.08674,3.2,1.9,1.3,63.0
,80.00106,7.08673,3.2,1.9,1.3,63.0
,80.00011,7.08712,3.2,1.9,1.3,63.1
,79.93426,7.07088,3.2,1.9,1.3,68.8
,79.98491,7.07544,3.2,1.9,1.3,64.0
,79.98817,7.07454,3.2,1.9,1.3,63.7
,79.98815,7.07612,3.2,1.9,1.3,63.7
,80.00065,7.09103,3.2,1.9,1.3,63.3
,79.98704,7.09165,3.2,1.9,1.3,64.7
,80.02135,7.09159,3.2,1.9,1.3,61.4
,80.02082,7.09077,3.2,1.9,1.3,61.4
,80.02062,7.09098,3.2,1.9,1.3,61.4
,80.02119,7.09141,3.2,1.9,1.3,61.4
,79.97547,7.09175,3.2,1.9,1.3,65.8
,79.97545,7.09161,3.2,1.9,1.3,65.8
,79.98804,7.06874,3.2,1.9,1.3,63.4
,79.98804,7.07064,3.2,1.9,1.3,63.5
,79.9882,7.07061,3.2,1.9,1.3,63.4
,80.00792,7.08137,3.2,1.9,1.3,62.1
,80.00746,7.08137,3.2,1.9,1.3,62.1
,79.99568,7.10623,3.2,1.9,1.3,64.6
,80.04804,7.11436,3.2,1.9,1.3,60.2
,80.04819,7.11436,3.2,1.9,1.3,60.2
,80.00805,7.08138,3.2,1.9,1.3,62.1
,80.01203,7.07543,6.4,5.1,1.3,61.4
,80.04898,7.11099,3.2,1.9,1.3,59.9
,80.05079,7.11029,3.2,1.9,1.3,59.7
,80.01351,7.09252,3.2,1.9,1.3,62.2
,80.05075,7.10885,3.2,1.9,1.3,59.6
,80.0508,7.10892,3.2,1.9,1.3,59.6
Mawsayanaya,79.93955,7.1014,3.2,1.9,1.3,69.8
,80.01168,7.07942,3.2,1.9,1.3,61.6
Paslo,80.04836,7.10905,3.2,1.9,1.3,59.9
,80.04452,7.11099,3.2,1.9,1.3,60.3
,80.01278,7.08283,3.2,1.9,1.3,61.7
,80.01287,7.08282,3.2,1.9,1.3,61.7
,80.01286,7.08274,3.2,1.9,1.3,61.7
,79.88606,7.07188,3.2,1.9,1.3,73.7
,79.88606,7.0721,3.2,1.9,1.3,73.7
,79.88595,7.0721,3.2,1.9,1.3,73.8
,79.88697,7.07276,3.2,1.9,1.3,73.7
,79.98149,6.83997,3.2,1.9,1.3,57.3
,80.01022,7.09243,6.4,5.1,1.3,62.5
,80.00149,7.0594,3.2,1.9,1.3,61.6
,79.88312,7.07412,3.2,1.9,1.3,74.1
,79.98745,7.05904,3.2,1.9,1.3,63.0
,79.98738,7.05902,3.2,1.9,1.3,63.0
,79.98743,7.05925,3.2,1.9,1.3,63.0
,79.98728,7.0591,3.2,1.9,1.3,63.0
,79.98736,7.05914,3.2,1.9,1.3,63.0
,79.9057,7.15513,3.2,1.9,1.3,75.9
,79.90787,7.15433,3.2,1.9,1.3,75.7
,79.90793,7.15417,3.2,1.9,1.3,75.7
,79.89399,7.1548,3.2,1.9,1.3,77.0
,79.89008,7.07243,3.2,1.9,1.3,73.4
,79.89016,7.0726,3.2,1.9,1.3,73.3
,79.99183,7.0538,3.2,1.9,1.3,62.3
,79.99423,7.05306,3.2,1.9,1.3,62.0
,79.99412,7.05308,3.2,1.9,1.3,62.0
,79.99171,7.0538,3.2,1.9,1.3,62.3
,79.99164,7.0537,3.2,1.9,1.3,62.3
,79.99178,7.05364,3.2,1.9,1.3,62.3
,79.88408,7.10629,3.2,1.9,1.3,75.5
,79.9822,7.05344,3.2,1.9,1.3,63.2
,80.02794,7.09179,3.2,1.9,1.3,60.7
,79.97495,7.05393,6.4,5.1,1.3,64.0
,79.97994,7.05612,3.2,1.9,1.3,63.6
,79.97974,7.05215,3.2,1.9,1.3,63.4
,80.02827,7.09336,3.2,1.9,1.3,60.8
,79.9154,7.07627,3.2,1.9,1.3,71.0
,79.91577,7.07455,3.2,1.9,1.3,70.8
,80.03542,7.08733,3.2,1.9,1.3,59.8
,80.03807,7.08981,3.2,1.9,1.3,59.7
,80.03579,7.08956,3.2,1.9,1.3,59.9
,80.03548,7.08749,3.2,1.9,1.3,59.8
,80.03529,7.08737,3.2,1.9,1.3,59.8
Commercial Bank,80.03464,7.08739,6.4,5.1,1.3,59.9
,80.02473,7.07761,3.2,1.9,1.3,60.3
,79.9861,7.05304,3.2,1.9,1.3,62.8
,80.01699,7.08917,3.2,1.9,1.3,61.6
,80.01684,7.08931,3.2,1.9,1.3,61.7
,80.0272,7.0851,3.2,1.9,1.3,60.4
,80.01343,7.08902,3.2,1.9,1.3,62.0
,80.02775,7.08457,3.2,1.9,1.3,60.4
,80.02581,7.08708,3.2,1.9,1.3,60.7
,80.01981,7.08954,3.2,1.9,1.3,61.4
,80.02534,7.06321,3.2,1.9,1.3,59.4
,79.99229,7.04794,3.2,1.9,1.3,61.9
,80.03928,7.07534,3.2,1.9,1.3,58.7
,80.03805,7.07876,3.2,1.9,1.3,59.0
,80.03821,7.07885,3.2,1.9,1.3,59.0
,80.03942,7.07635,3.2,1.9,1.3,58.8
,80.02765,7.08446,3.2,1.9,1.3,60.4
,80.02785,7.08438,3.2,1.9,1.3,60.3
,80.0271,7.08126,6.4,5.1,1.3,60.2
,80.01961,7.07507,3.2,1.9,1.3,60.6
,79.88815,7.10937,3.2,1.9,1.3,75.3
,80.01364,7.08267,3.2,1.9,1.3,61.6
,80.02094,7.06331,3.2,1.9,1.3,59.9
,80.02103,7.06368,3.2,1.9,1.3,59.9
,79.995,7.0513,3.2,1.9,1.3,61.8
,80.01949,7.06355,3.2,1.9,1.3,60.0
,79.88961,7.10663,3.2,1.9,1.3,75.0
,79.88952,7.10675,3.2,1.9,1.3,75.0
,79.88943,7.10665,3.2,1.9,1.3,75.0
,79.92866,7.08628,3.2,1.9,1.3,70.1
,79.92862,7.08611,3.2,1.9,1.3,70.1
,79.92198,7.08785,3.2,1.9,1.3,70.9
,79.92476,7.0856,3.2,1.9,1.3,70.5
,80.02405,7.0702,3.2,1.9,1.3,59.9
Thempala GN office,79.89406,7.14775,3.2,1.9,1.3,76.6
,79.91941,7.08988,3.2,1.9,1.3,71.2
,79.91939,7.08995,3.2,1.9,1.3,71.2
,79.91945,7.08964,3.2,1.9,1.3,71.2
,80.04739,7.09137,3.2,1.9,1.3,58.9
,80.04917,7.091,3.2,1.9,1.3,58.7
,80.04718,7.09131,3.2,1.9,1.3,58.9
,79.96993,7.0526,3.2,1.9,1.3,64.4
,80.02176,7.07915,3.2,1.9,1.3,60.6
,80.05009,7.09394,3.2,1.9,1.3,58.8
,80.00452,7.04374,3.2,1.9,1.3,60.5
,79.89231,7.10633,3.2,1.9,1.3,74.7
,79.89218,7.10657,3.2,1.9,1.3,74.7
,80.04931,7.09094,3.2,1.9,1.3,58.7
,79.99446,7.046,3.2,1.9,1.3,61.6
,79.88961,7.1037,3.2,1.9,1.3,74.8
,80.01943,7.02998,3.2,1.9,1.3,58.4
,79.91406,7.14994,3.2,1.9,1.3,74.8
,79.89211,7.10613,3.2,1.9,1.3,74.7
,79.981,7.04589,3.2,1.9,1.3,63.0
,79.98345,7.04573,3.2,1.9,1.3,62.7
,79.98289,7.04427,3.2,1.9,1.3,62.7
,79.98587,7.04758,6.4,5.1,1.3,62.6
,79.98255,7.03655,3.2,1.9,1.3,62.4
,79.96288,7.0477,3.2,1.9,1.3,64.9
,79.91156,7.07173,3.2,1.9,1.3,71.1
,79.91167,7.07172,3.2,1.9,1.3,71.1
,79.91153,7.07183,3.2,1.9,1.3,71.2
,79.99753,7.04158,3.2,1.9,1.3,61.1
,79.99737,7.04141,3.2,1.9,1.3,61.1
,79.99753,7.04147,3.2,1.9,1.3,61.1
,79.9793,7.03691,6.4,5.1,1.3,62.7
,79.97916,7.03702,6.4,5.1,1.3,62.8
,79.91393,7.07135,3.2,1.9,1.3,70.9
,79.97999,7.03714,6.4,5.1,1.3,62.7
,79.9138,7.07158,3.2,1.9,1.3,70.9
,79.97925,7.03681,6.4,5.1,1.3,62.7
,79.97932,7.03719,6.4,5.1,1.3,62.8
,79.91185,7.07028,3.2,1.9,1.3,71.1
,80.00202,7.04122,3.2,1.9,1.3,60.7
,80.00207,7.04114,3.2,1.9,1.3,60.6
,79.97637,7.04201,3.2,1.9,1.3,63.3
,79.91175,7.07047,3.2,1.9,1.3,71.1
,80.00197,7.04123,3.2,1.9,1.3,60.7
,79.9743,7.02832,3.2,1.9,1.3,62.9
,79.9745,7.02771,3.2,1.9,1.3,62.8
,79.97086,7.03885,3.2,1.9,1.3,63.7
,79.97286,7.0382,3.2,1.9,1.3,63.5
,79.97087,7.03877,3.2,1.9,1.3,63.7
,79.97389,7.03611,3.2,1.9,1.3,63.3
,79.99986,7.04352,3.2,1.9,1.3,61.0
,79.9346,7.09023,3.2,1.9,1.3,69.7
,80.02073,7.03681,3.2,1.9,1.3,58.6
,79.9285,7.0914,3.2,1.9,1.3,70.4
,79.92694,7.09303,3.2,1.9,1.3,70.6
,79.97166,7.03292,3.2,1.9,1.3,63.3
,79.98682,7.03769,3.2,1.9,1.3,62.0
,79.9868,7.03781,3.2,1.9,1.3,62.0
,79.98982,7.03699,6.4,5.1,1.3,61.7
,79.92359,7.09107,3.2,1.9,1.3,70.8
,79.96134,7.03832,3.2,1.9,1.3,64.6
,79.92212,7.09031,3.2,1.9,1.3,71.0
,79.96311,7.04306,3.2,1.9,1.3,64.7
,79.96218,7.04222,3.2,1.9,1.3,64.7
,79.8906,7.14114,3.2,1.9,1.3,76.6
,79.8912,7.14157,3.2,1.9,1.3,76.6
,79.89038,7.14156,3.2,1.9,1.3,76.7
,79.97579,7.03009,3.2,1.9,1.3,62.8
,79.97563,7.03018,3.2,1.9,1.3,62.8
,79.92542,7.06686,3.2,1.9,1.3,69.5
,79.89231,7.09299,3.2,1.9,1.3,74.1
,79.89236,7.0929,3.2,1.9,1.3,74.0
,79.97564,7.03002,3.2,1.9,1.3,62.8
,79.90188,7.07236,3.2,1.9,1.3,72.2
,79.90122,7.07273,3.2,1.9,1.3,72.2
,79.90186,7.07221,3.2,1.9,1.3,72.1
,79.98188,7.03359,3.2,1.9,1.3,62.3
,79.89403,7.06965,3.2,1.9,1.3,72.8
,79.8939,7.06962,3.2,1.9,1.3,72.8
,79.89384,7.0696,3.2,1.9,1.3,72.8
,79.89402,7.06954,3.2,1.9,1.3,72.8
Imbulgoda Maternity home,79.99299,7.03645,3.2,1.9,1.3,61.3
,80.00351,7.03953,3.2,1.9,1.3,60.4
,80.00426,7.03733,3.2,1.9,1.3,60.2
,80.00722,7.03705,3.2,1.9,1.3,59.9
,80.00708,7.03685,3.2,1.9,1.3,59.9
,80.00165,7.033,3.2,1.9,1.3,60.3
,80.00149,7.03322,3.2,1.9,1.3,60.3
,79.90052,7.067,3.2,1.9,1.3,72.1
,79.99705,7.0333,3.2,1.9,1.3,60.8
,79.99575,7.10628,3.2,1.9,1.3,64.6
,80.01502,7.10194,3.2,1.9,1.3,62.5
,79.98618,7.09234,3.2,1.9,1.3,64.8
,80.03549,7.08262,3.2,1.9,1.3,59.5
,80.02996,7.03721,3.2,1.9,1.3,57.7
,79.91366,7.07152,3.2,1.9,1.3,70.9
,80.00683,7.05198,6.4,5.1,1.3,60.7
,79.91934,7.08986,3.2,1.9,1.3,71.2
,79.94941,7.07973,3.2,1.9,1.3,67.7
,80.02091,7.06394,3.2,1.9,1.3,59.9
,79.97679,7.04098,3.2,1.9,1.3,63.2
,80.01343,7.03686,3.2,1.9,1.3,59.3
,80.03078,7.03484,3.2,1.9,1.3,57.5
,80.00427,7.03752,3.2,1.9,1.3,60.3
,79.99527,7.03246,3.2,1.9,1.3,60.9
,79.99582,7.03549,3.2,1.9,1.3,61.0
,80.01567,7.02199,3.2,1.9,1.3,58.4
,79.94058,7.07142,3.2,1.9,1.3,68.2
,80.00589,7.03467,3.2,1.9,1.3,60.0
,79.99383,7.03329,3.2,1.9,1.3,61.1
,79.93952,7.06395,3.2,1.9,1.3,68.0
,80.01041,7.03201,3.2,1.9,1.3,59.4
,80.00888,7.03427,3.2,1.9,1.3,59.6
,80.00895,7.03411,3.2,1.9,1.3,59.6
,79.92793,7.06542,3.2,1.9,1.3,69.2
,79.92721,7.06276,3.2,1.9,1.3,69.2
,80.00536,7.025,3.2,1.9,1.3,59.6
,80.02907,7.03265,3.2,1.9,1.3,57.5
,80.0283,7.03543,3.2,1.9,1.3,57.8
,80.02848,7.03534,3.2,1.9,1.3,57.7
,80.02869,7.0326,3.2,1.9,1.3,57.6
,80.02841,7.03537,3.2,1.9,1.3,57.7
,79.93176,7.06641,3.2,1.9,1.3,68.9
,79.93202,7.06367,3.2,1.9,1.3,68.7
,79.93192,7.06373,3.2,1.9,1.3,68.7
,80.02873,7.02768,3.2,1.9,1.3,57.3
,80.00516,7.02513,3.2,1.9,1.3,59.6
,80.00336,7.02752,3.2,1.9,1.3,59.9
,80.02859,7.02852,3.2,1.9,1.3,57.4
,80.00709,7.02925,3.2,1.9,1.3,59.6
,79.92035,7.09092,3.2,1.9,1.3,71.2
,80.02888,7.03249,3.2,1.9,1.3,57.6
,79.89006,7.07253,3.2,1.9,1.3,73.4
,79.92863,7.0863,3.2,1.9,1.3,70.1
,80.00103,7.08281,3.2,1.9,1.3,62.8
,80.02058,7.10141,3.2,1.9,1.3,62.0
,79.98695,7.09165,3.2,1.9,1.3,64.7
,79.96618,7.07372,3.2,1.9,1.3,65.8
,80.00686,7.05833,3.2,1.9,1.3,61.0
,79.99071,7.08125,3.2,1.9,1.3,63.7
,80.01492,7.10199,3.2,1.9,1.3,62.6
,79.99006,7.0746,3.2,1.9,1.3,63.5
,79.98596,7.08016,3.2,1.9,1.3,64.2
,80.05239,7.1126,3.2,1.9,1.3,59.7
,80.00765,7.10266,3.2,1.9,1.3,63.3
,79.98998,7.0894,3.2,1.9,1.3,64.2
,79.99005,7.08962,3.2,1.9,1.3,64.3
,79.97667,7.09701,3.2,1.9,1.3,65.9
,80.01998,7.09063,6.4,5.1,1.3,61.4
,80.02105,7.08806,3.2,1.9,1.3,61.2
,80.02092,7.08804,3.2,1.9,1.3,61.2
,80.02053,7.0931,3.2,1.9,1.3,61.5
,80.02037,7.093,3.2,1.9,1.3,61.5
,80.00259,7.0623,3.2,1.9,1.3,61.6
,80.01185,7.07988,3.2,1.9,1.3,61.6
,79.99288,7.06391,3.2,1.9,1.3,62.7
,79.99484,7.05131,3.2,1.9,1.3,61.8
,80.02003,7.10996,3.2,1.9,1.3,62.5
,80.02335,7.11133,3.2,1.9,1.3,62.3
,80.02866,7.02857,3.2,1.9,1.3,57.4
,80.0011,7.08281,3.2,1.9,1.3,62.8
,80.00721,7.08574,3.2,1.9,1.3,62.4
,80.01234,7.08897,3.2,1.9,1.3,62.1
,79.99838,7.06374,3.2,1.9,1.3,62.1
,79.99858,7.06382,3.2,1.9,1.3,62.1
,80.00894,7.0876,6.4,5.1,1.3,62.3
,80.04902,7.11114,3.2,1.9,1.3,59.9
,80.04447,7.11117,3.2,1.9,1.3,60.3
Ranawiru Apparels,80.03723,7.07845,3.2,1.9,1.3,59.1
,80.03797,7.07867,3.2,1.9,1.3,59.0
,80.0177,7.0741,3.2,1.9,1.3,60.7
,80.02363,7.07791,3.2,1.9,1.3,60.4
,80.02379,7.078,3.2,1.9,1.3,60.4
,79.97008,7.05272,3.2,1.9,1.3,64.4
,79.96231,7.05776,3.2,1.9,1.3,65.4
,79.99195,7.04902,3.2,1.9,1.3,62.0
,80.01397,7.05533,3.2,1.9,1.3,60.1
,79.98316,7.03779,6.4,5.1,1.3,62.4
,80.00337,7.03962,3.2,1.9,1.3,60.4
,80.02309,7.04926,3.2,1.9,1.3,58.9
,79.93189,7.06362,3.2,1.9,1.3,68.7
,79.93897,7.06369,3.2,1.9,1.3,68.0
,80.01517,7.01557,3.2,1.9,1.3,58.2
,79.96182,7.09465,3.2,1.9,1.3,67.3
,79.93267,7.10198,3.2,1.9,1.3,70.5
,79.93365,7.10357,3.2,1.9,1.3,70.5
,79.93369,7.10349,3.2,1.9,1.3,70.5
,79.93365,7.10367,3.2,1.9,1.3,70.5
,79.93366,7.10362,3.2,1.9,1.3,70.5
,79.93278,7.10182,3.2,1.9,1.3,70.5
,79.95868,7.09235,3.2,1.9,1.3,67.4
,79.95089,7.08015,3.2,1.9,1.3,67.6
,79.96628,7.03613,3.2,1.9,1.3,64.0
,80.00816,7.10079,3.2,1.9,1.3,63.1
,80.00816,7.10061,3.2,1.9,1.3,63.1
,79.94116,7.06533,6.4,5.1,1.3,67.9
,80.02523,7.06341,3.2,1.9,1.3,59.5
,79.92726,7.06282,3.2,1.9,1.3,69.2
,79.93209,7.06721,3.2,1.9,1.3,68.9
,79.98629,7.09211,3.2,1.9,1.3,64.7
,79.99516,7.0325,3.2,1.9,1.3,60.9
,80.01737,7.07974,3.2,1.9,1.3,61.1
,80.03913,7.08049,3.2,1.9,1.3,59.0
,80.03906,7.08036,3.2,1.9,1.3,59.0
,80.00288,7.07067,6.4,5.1,1.3,62.0
,80.02371,7.07797,3.2,1.9,1.3,60.4
,80.02379,7.0779,3.2,1.9,1.3,60.4
,79.97428,7.05002,3.2,1.9,1.3,63.8
,79.97964,7.0522,3.2,1.9,1.3,63.4
,80.0022,7.07514,3.2,1.9,1.3,62.3
,80.02325,6.86487,6.4,5.1,1.3,53.0
,80.00049,7.09095,3.2,1.9,1.3,63.3
Ragama market,79.92254,7.02874,5.0,3.7,1.3,68.2
,79.97052,7.0628,3.2,1.9,1.3,64.8
,80.00769,7.09099,3.2,1.9,1.3,62.6
,80.02858,7.11256,3.2,1.9,1.3,61.9
,80.0235,7.11023,3.2,1.9,1.3,62.2
,80.02342,7.11019,3.2,1.9,1.3,62.2
,80.02333,7.11013,3.2,1.9,1.3,62.2
,80.02419,7.10936,3.2,1.9,1.3,62.1
,79.9697,7.06715,3.2,1.9,1.3,65.1
,80.02671,7.08575,3.2,1.9,1.3,60.5
,79.88731,7.0931,3.2,1.9,1.3,74.6
,79.99102,7.0735,6.4,5.1,1.3,63.3
,79.89087,7.09311,3.2,1.9,1.3,74.2
,79.88938,7.10684,3.2,1.9,1.3,75.0
,79.89312,7.10242,3.2,1.9,1.3,74.4
,79.89302,7.1024,3.2,1.9,1.3,74.4
,79.90452,7.08232,3.2,1.9,1.3,72.3
,79.99608,7.06541,6.4,5.1,1.3,62.4
,79.87932,7.09491,3.2,1.9,1.3,75.4
,79.87916,7.09491,3.2,1.9,1.3,75.5
,80.03115,7.09194,3.2,1.9,1.3,60.4
,79.96334,7.04314,3.2,1.9,1.3,64.6
,80.00115,7.08686,3.2,1.9,1.3,63.0
,79.90605,7.12003,3.2,1.9,1.3,74.0
,79.90612,7.12003,3.2,1.9,1.3,74.0
,79.931,7.07503,3.2,1.9,1.3,69.3
,79.91324,7.08466,3.2,1.9,1.3,71.6
,79.91327,7.08475,3.2,1.9,1.3,71.6
,80.00231,7.08505,6.4,5.1,1.3,62.8
,79.8917,7.09837,3.2,1.9,1.3,74.4
,79.89177,7.09769,3.2,1.9,1.3,74.3
,79.89169,7.09766,3.2,1.9,1.3,74.3
,79.88609,7.0722,3.2,1.9,1.3,73.7
,79.88798,7.08093,6.4,5.1,1.3,73.9
,79.89499,7.07695,3.2,1.9,1.3,73.1
,79.89557,7.07423,3.2,1.9,1.3,72.9
,79.91022,7.07782,3.2,1.9,1.3,71.6
,79.9102,7.07768,3.2,1.9,1.3,71.6
,79.91171,7.07137,3.2,1.9,1.3,71.1
,79.91317,7.08487,3.2,1.9,1.3,71.6
,79.9118,7.07159,3.2,1.9,1.3,71.1
,79.91144,7.09422,3.2,1.9,1.3,72.2
,79.91161,7.09415,3.2,1.9,1.3,72.2
,79.91154,7.09429,3.2,1.9,1.3,72.2
,79.8925,7.06137,3.2,1.9,1.3,72.6
,79.89268,7.06136,3.2,1.9,1.3,72.6
,79.89511,7.06393,3.2,1.9,1.3,72.5
,79.89359,7.06278,3.2,1.9,1.3,72.6
stores,79.89757,7.08681,3.2,1.9,1.3,73.2
,79.88802,7.08087,6.4,5.1,1.3,73.9
,79.89785,7.06521,6.4,5.1,1.3,72.2
,79.89774,7.06528,6.4,5.1,1.3,72.3
,79.97572,7.03018,3.2,1.9,1.3,62.8
,79.89557,7.08324,6.4,5.1,1.3,73.3
,79.89287,7.08308,3.2,1.9,1.3,73.5
,79.91691,7.11866,3.2,1.9,1.3,72.9
,80.01248,7.0442,3.2,1.9,1.3,59.7
,79.98988,7.08956,3.2,1.9,1.3,64.3
,79.91445,7.1247,3.2,1.9,1.3,73.4
,79.91791,7.12243,3.2,1.9,1.3,73.0
,79.91811,7.12246,3.2,1.9,1.3,73.0
,79.91813,7.12263,3.2,1.9,1.3,73.0
,80.00768,7.08732,6.4,5.1,1.3,62.4
,79.91347,7.126,3.2,1.9,1.3,73.6
,79.91349,7.1261,3.2,1.9,1.3,73.6
,79.91906,7.12537,3.2,1.9,1.3,73.0
,80.04848,7.10905,3.2,1.9,1.3,59.8
,80.01234,7.08889,3.2,1.9,1.3,62.1
,79.89056,7.097,3.2,1.9,1.3,74.4
,79.99298,7.0791,3.2,1.9,1.3,63.4
,79.88028,7.11812,3.2,1.9,1.3,76.5
,79.88037,7.11797,3.2,1.9,1.3,76.4
,79.91101,7.08446,3.2,1.9,1.3,71.8
,79.98467,7.07456,3.2,1.9,1.3,64.0
,79.98673,7.0825,3.2,1.9,1.3,64.2
,79.98673,7.08257,3.2,1.9,1.3,64.2
,79.88755,7.114,3.2,1.9,1.3,75.5
,79.88751,7.11231,3.2,1.9,1.3,75.5
,79.88722,7.11212,3.2,1.9,1.3,75.5
,79.88768,7.11228,3.2,1.9,1.3,75.4
,79.88858,7.12131,3.2,1.9,1.3,75.8
,79.8865,7.1227,3.2,1.9,1.3,76.1
,79.92208,7.14722,3.2,1.9,1.3,73.9
,79.88384,7.13777,3.2,1.9,1.3,77.1
,79.88387,7.13797,3.2,1.9,1.3,77.1
,79.88655,7.12275,3.2,1.9,1.3,76.1
,79.92718,7.14472,3.2,1.9,1.3,73.3
,80.05195,7.11688,3.2,1.9,1.3,60.0
,80.04468,7.11094,3.2,1.9,1.3,60.3
,79.99572,7.10643,3.2,1.9,1.3,64.6
,79.99558,7.1064,3.2,1.9,1.3,64.6
,79.9235,7.16571,3.2,1.9,1.3,74.8
,79.88686,7.0729,3.2,1.9,1.3,73.7
,79.88688,7.07276,3.2,1.9,1.3,73.7
,79.89119,7.14133,3.2,1.9,1.3,76.6
,79.9327,7.08118,3.2,1.9,1.3,69.5
,79.91989,7.07431,3.2,1.9,1.3,70.4
,79.94665,7.16455,3.2,1.9,1.3,72.6
,80.49328,6.99001,8.0,6.7,1.3,20.0
,79.92811,6.85017,3.2,1.9,1.3,63.3
,80.05977,7.3269,3.2,1.9,1.3,75.1
,80.05965,7.32697,3.2,1.9,1.3,75.1
,80.27145,7.81569,3.2,1.9,1.3,114.1
,80.27426,7.81929,3.2,1.9,1.3,114.4
,80.03811,6.29045,3.2,1.9,1.3,76.8
,80.11732,6.61734,3.2,1.9,1.3,47.3
,80.11245,6.61697,3.2,1.9,1.3,47.8
,80.11455,6.61507,3.2,1.9,1.3,47.7
,80.1091,6.64557,3.2,1.9,1.3,46.8
,80.10208,6.62388,3.2,1.9,1.3,48.5
,80.10292,6.62432,3.2,1.9,1.3,48.4
,80.10284,6.62424,3.2,1.9,1.3,48.4
,80.11129,6.62986,3.2,1.9,1.3,47.3
,80.11057,6.62393,3.2,1.9,1.3,47.6
,80.10393,6.63035,3.2,1.9,1.3,48.0
,80.0908,6.60852,3.2,1.9,1.3,50.3
,80.08219,6.64016,3.2,1.9,1.3,49.8
,80.07605,6.64329,3.2,1.9,1.3,50.3
,80.07328,6.64319,3.2,1.9,1.3,50.6
,80.07327,6.64307,3.2,1.9,1.3,50.6
,80.07661,6.64718,3.2,1.9,1.3,50.1
,80.08261,6.66664,3.2,1.9,1.3,48.7
,80.07746,6.65534,3.2,1.9,1.3,49.7
,80.06176,6.65013,3.2,1.9,1.3,51.5
,80.0619,6.65014,3.2,1.9,1.3,51.5
,80.05864,6.65631,3.2,1.9,1.3,51.6
,80.08728,6.69441,3.2,1.9,1.3,47.3
,80.07696,6.69051,3.2,1.9,1.3,48.5
,80.08155,6.68747,3.2,1.9,1.3,48.1
,80.09695,6.72193,3.2,1.9,1.3,45.5
,80.09884,6.72309,3.2,1.9,1.3,45.3
,80.09615,6.72091,3.2,1.9,1.3,45.6
,80.21878,6.37127,3.2,1.9,1.3,57.5
,80.38568,6.66305,3.2,1.9,1.3,20.5
,80.36715,6.66585,3.2,1.9,1.3,21.6
,80.367,6.66564,3.2,1.9,1.3,21.6
,80.36467,6.67472,3.2,1.9,1.3,21.1
,80.36449,6.67454,3.2,1.9,1.3,21.1
,80.3461,6.68237,3.2,1.9,1.3,22.0
,80.07543,6.64354,3.2,1.9,1.3,50.3
,80.07582,6.64333,3.2,1.9,1.3,50.3
,80.09012,6.69592,3.2,1.9,1.3,47.0
,80.09012,6.6957,3.2,1.9,1.3,47.0
,80.09025,6.69578,3.2,1.9,1.3,46.9
,80.10805,6.6252,3.2,1.9,1.3,47.8
,80.11294,6.61651,3.2,1.9,1.3,47.8
,80.08227,6.64021,3.2,1.9,1.3,49.8
,80.37101,6.68956,3.2,1.9,1.3,19.4
,80.30867,6.70792,3.2,1.9,1.3,23.9
,80.39189,6.63922,3.2,1.9,1.3,22.3
,80.38985,6.6394,3.2,1.9,1.3,22.4
,80.21261,6.72448,6.4,5.1,1.3,33.1
,80.30777,6.71131,3.2,1.9,1.3,23.8
,80.28743,6.72601,3.2,1.9,1.3,25.2
,80.40148,6.61899,3.2,1.9,1.3,23.7
,80.22267,6.36615,3.2,1.9,1.3,57.8
,80.31209,6.71511,3.2,1.9,1.3,23.2
,80.38587,6.66315,3.2,1.9,1.3,20.5
,80.09737,6.7167,3.2,1.9,1.3,45.6
,80.05853,6.65639,3.2,1.9,1.3,51.6
,80.10913,6.64576,3.2,1.9,1.3,46.8
,80.1002,6.63768,3.2,1.9,1.3,48.1
,80.31508,6.68775,3.2,1.9,1.3,24.4
,80.37633,6.66056,3.2,1.9,1.3,21.4
,80.39132,6.64427,3.2,1.9,1.3,21.8
,80.12487,6.62192,3.2,1.9,1.3,46.3
,80.12137,6.61956,3.2,1.9,1.3,46.8
,80.08208,6.84302,4.0,2.7,1.3,46.3
Widusewana Book Shop,80.47832,8.03363,3.2,1.9,1.3,135.4
,80.08943,6.84307,5.0,3.7,1.3,45.5
,80.61505,6.8607,4.0,2.7,1.3,14.0
,80.27356,7.81474,3.2,1.9,1.3,113.9
,80.27344,7.8148,3.2,1.9,1.3,113.9
,79.97249,6.66825,3.2,2.0,1.2,60.3
,79.96272,7.05993,3.2,2.0,1.2,65.5
,79.96251,7.05999,3.2,2.0,1.2,65.5
,79.96259,7.05999,3.2,2.0,1.2,65.5
,80.00126,7.09294,3.2,2.0,1.2,63.4
,79.99108,7.08831,3.2,2.0,1.2,64.1
,79.99581,7.0891,3.2,2.0,1.2,63.7
,79.99649,7.08987,3.2,2.0,1.2,63.6
,80.01316,7.02427,3.2,2.0,1.2,58.8
,80.01059,7.02281,3.2,2.0,1.2,59.0
,80.00536,7.02061,3.2,2.0,1.2,59.4
,80.0054,7.02074,3.2,2.0,1.2,59.4
,79.95479,7.06862,3.2,2.0,1.2,66.7
,79.95478,7.06848,3.2,2.0,1.2,66.7
,79.95716,7.07112,3.2,2.0,1.2,66.5
,79.95731,7.07116,3.2,2.0,1.2,66.5
,79.95734,7.06707,3.2,2.0,1.2,66.3
,79.95751,7.06685,3.2,2.0,1.2,66.3
,79.95651,7.06671,3.2,2.0,1.2,66.4
,79.95627,7.06681,3.2,2.0,1.2,66.4
,79.95739,7.06691,3.2,2.0,1.2,66.3
,79.95902,7.07193,3.2,2.0,1.2,66.4
,79.96833,7.06362,3.2,2.0,1.2,65.1
,79.96844,7.06366,3.2,2.0,1.2,65.1
,79.97554,7.06221,3.2,2.0,1.2,64.3
,79.97539,7.06219,3.2,2.0,1.2,64.3
,79.97937,7.05099,3.2,2.0,1.2,63.4
,79.9646,7.06452,3.2,2.0,1.2,65.5
,79.96453,7.06465,3.2,2.0,1.2,65.5
,79.96522,7.06187,3.2,2.0,1.2,65.3
,79.97374,7.07364,3.2,2.0,1.2,65.0
,79.97927,7.09705,3.2,2.0,1.2,65.7
,79.97653,7.09741,3.2,2.0,1.2,66.0
,79.97637,7.09724,3.2,2.0,1.2,66.0
,79.97908,7.09722,3.2,2.0,1.2,65.7
,79.97912,7.0981,3.2,2.0,1.2,65.8
,79.96543,7.08215,3.2,2.0,1.2,66.3
,79.96531,7.08217,3.2,2.0,1.2,66.3
,79.96923,7.081,3.2,2.0,1.2,65.8
,79.99489,7.08308,3.2,2.0,1.2,63.4
,79.99484,7.08312,3.2,2.0,1.2,63.4
,79.948,7.1009,3.2,2.0,1.2,68.9
,79.95878,7.06617,3.2,2.0,1.2,66.1
,79.95878,7.06602,3.2,2.0,1.2,66.1
,79.97362,7.0728,3.2,2.0,1.2,65.0
,79.97272,7.07,3.2,2.0,1.2,64.9
,79.97346,7.07256,3.2,2.0,1.2,65.0
,79.97462,7.07224,3.2,2.0,1.2,64.9
,79.97696,7.07288,3.2,2.0,1.2,64.7
,79.97805,7.06683,3.2,2.0,1.2,64.3
,80.01283,7.05595,3.2,2.0,1.2,60.3
,79.94433,7.0984,3.2,2.0,1.2,69.2
,79.95236,7.07496,3.2,2.0,1.2,67.2
,79.94988,7.07486,3.2,2.0,1.2,67.4
,80.00262,7.09289,3.2,2.0,1.2,63.2
,79.95099,7.07676,3.2,2.0,1.2,67.4
,80.00766,7.09663,3.2,2.0,1.2,62.9
,80.00779,7.09673,3.2,2.0,1.2,62.9
,80.00773,7.09646,3.2,2.0,1.2,62.9
,80.00754,7.09632,3.2,2.0,1.2,62.9
,79.96555,7.07593,3.2,2.0,1.2,65.9
,79.96874,7.07731,3.2,2.0,1.2,65.7
,79.95084,7.08154,3.2,2.0,1.2,67.7
,79.95096,7.08168,3.2,2.0,1.2,67.7
,79.95205,7.0806,3.2,2.0,1.2,67.5
,79.95812,7.07951,3.2,2.0,1.2,66.9
,80.03632,7.08157,6.4,5.2,1.2,59.4
,80.03617,7.0814,6.4,5.2,1.2,59.4
,79.94784,7.08401,6.4,5.2,1.2,68.1
,80.01392,7.097,3.2,2.0,1.2,62.4
,80.01394,7.09679,3.2,2.0,1.2,62.4
,80.03666,7.07995,6.4,5.2,1.2,59.2
,80.01381,7.09869,3.2,2.0,1.2,62.5
,80.01398,7.09892,3.2,2.0,1.2,62.5
,80.01402,7.09882,3.2,2.0,1.2,62.5
,80.01396,7.09867,3.2,2.0,1.2,62.5
,80.01384,7.09884,3.2,2.0,1.2,62.5
,80.01394,7.09884,3.2,2.0,1.2,62.5
,79.99284,7.08507,3.2,2.0,1.2,63.7
,80.00306,7.05863,3.2,2.0,1.2,61.4
,80.01312,7.09757,3.2,2.0,1.2,62.5
,79.93622,7.10301,3.2,2.0,1.2,70.2
,80.00895,7.09965,3.2,2.0,1.2,63.0
,79.93448,7.10504,3.2,2.0,1.2,70.5
Railway Station Gampaha,79.99237,7.09205,3.2,2.0,1.2,64.2
,79.93489,7.1062,3.2,2.0,1.2,70.5
,79.95353,7.07942,3.2,2.0,1.2,67.3
,79.94689,7.07983,3.2,2.0,1.2,68.0
,79.94695,7.07993,3.2,2.0,1.2,68.0
,79.94679,7.08007,3.2,2.0,1.2,68.0
,79.93975,7.07636,3.2,2.0,1.2,68.5
,79.94313,7.07954,3.2,2.0,1.2,68.3
,80.00978,7.09011,3.2,2.0,1.2,62.4
,79.93151,7.07567,3.2,2.0,1.2,69.3
,79.99495,7.06507,3.2,2.0,1.2,62.5
,80.01851,7.10855,3.2,2.0,1.2,62.6
,79.93109,7.07576,3.2,2.0,1.2,69.4
,79.96071,7.07763,3.2,2.0,1.2,66.5
,79.93329,7.07733,3.2,2.0,1.2,69.2
,79.95011,7.06948,3.2,2.0,1.2,67.2
,79.98955,7.0488,3.2,2.0,1.2,62.3
,80.02758,7.11245,3.2,2.0,1.2,62.0
Gamini Kanishta Vidyala,80.02988,7.11241,3.2,2.0,1.2,61.8
,79.94392,7.0738,3.2,2.0,1.2,68.0
,80.02388,7.1112,3.2,2.0,1.2,62.2
,79.99199,7.0431,3.2,2.0,1.2,61.7
,80.01991,7.11073,3.2,2.0,1.2,62.6
,79.94313,7.07301,3.2,2.0,1.2,68.0
,79.94454,7.0727,3.2,2.0,1.2,67.9
,79.94433,7.07261,3.2,2.0,1.2,67.9
,80.02889,7.09622,3.2,2.0,1.2,60.9
,80.02782,7.09569,3.2,2.0,1.2,61.0
,80.03963,7.09701,3.2,2.0,1.2,59.9
,80.03436,7.07978,3.2,2.0,1.2,59.5
,80.03854,7.08948,3.2,2.0,1.2,59.6
,80.03112,7.10371,3.2,2.0,1.2,61.1
,79.94007,7.10654,3.2,2.0,1.2,70.0
,79.94136,7.10698,3.2,2.0,1.2,69.9
,79.93579,7.10733,3.2,2.0,1.2,70.5
,79.93557,7.10723,3.2,2.0,1.2,70.5
,79.92891,7.10244,3.2,2.0,1.2,70.9
,79.9335,7.10696,3.2,2.0,1.2,70.7
,79.93348,7.10714,3.2,2.0,1.2,70.7
,80.02695,7.11005,3.2,2.0,1.2,61.9
,80.00204,7.07624,3.2,2.0,1.2,62.4
,80.00187,7.07621,3.2,2.0,1.2,62.4
,80.00196,7.07633,3.2,2.0,1.2,62.4
,80.00238,7.07486,3.2,2.0,1.2,62.3
,80.00474,7.05481,3.2,2.0,1.2,61.0
,79.93895,7.10447,3.2,2.0,1.2,70.0
,80.01504,7.05337,3.2,2.0,1.2,59.9
,79.93739,7.10109,3.2,2.0,1.2,70.0
,79.9442,7.09841,3.2,2.0,1.2,69.2
,80.0032,7.07161,3.2,2.0,1.2,62.0
,80.00306,7.0717,3.2,2.0,1.2,62.0
,80.00379,7.0731,3.2,2.0,1.2,62.0
,80.00392,7.07311,3.2,2.0,1.2,62.0
,79.93881,7.10443,3.2,2.0,1.2,70.0
,79.937,7.10421,3.2,2.0,1.2,70.2
,79.93691,7.10397,3.2,2.0,1.2,70.2
,80.00694,7.06802,3.2,2.0,1.2,61.5
,79.97187,7.03275,3.2,2.0,1.2,63.3
,79.941,7.10166,3.2,2.0,1.2,69.7
,80.00233,7.08201,3.2,2.0,1.2,62.7
,80.04105,7.11476,3.2,2.0,1.2,60.9
,80.03894,7.11587,3.2,2.0,1.2,61.1
,80.0381,7.11303,3.2,2.0,1.2,61.0
,80.01478,7.05941,3.2,2.0,1.2,60.3
,79.99898,7.08326,3.2,2.0,1.2,63.0
,80.00449,7.08805,3.2,2.0,1.2,62.8
,80.00276,7.08818,3.2,2.0,1.2,62.9
,79.99631,7.07675,3.2,2.0,1.2,63.0
,80.00587,7.08839,3.2,2.0,1.2,62.7
,80.00085,7.07359,3.2,2.0,1.2,62.4
,79.93825,7.10082,6.4,5.2,1.2,69.9
,79.99638,7.0736,6.4,5.2,1.2,62.8
,79.99894,7.06449,3.2,2.0,1.2,62.1
,79.99913,7.0646,3.2,2.0,1.2,62.1
,80.00032,7.06472,3.2,2.0,1.2,62.0
,79.92554,7.07001,3.2,2.0,1.2,69.7
,79.92533,7.06986,3.2,2.0,1.2,69.7
,79.92539,7.06997,3.2,2.0,1.2,69.7
,79.94882,7.10017,3.2,2.0,1.2,68.8
,79.92305,7.06922,3.2,2.0,1.2,69.9
,79.94873,7.10016,3.2,2.0,1.2,68.8
,79.99988,7.08688,3.2,2.0,1.2,63.2
,79.99994,7.08646,3.2,2.0,1.2,63.1
,80.00158,7.08513,3.2,2.0,1.2,62.9
,80.00124,7.06664,3.2,2.0,1.2,62.0
,80.00111,7.06677,3.2,2.0,1.2,62.0
,79.99547,7.10603,3.2,2.0,1.2,64.6
,80.0205,7.09114,3.2,2.0,1.2,61.4
,80.01918,7.09504,3.2,2.0,1.2,61.8
,79.97774,7.09194,3.2,2.0,1.2,65.6
,79.99091,7.07115,3.2,2.0,1.2,63.2
,79.99076,7.07101,3.2,2.0,1.2,63.2
,80.03892,7.10524,3.2,2.0,1.2,60.5
,80.03857,7.10426,3.2,2.0,1.2,60.5
,79.99544,7.10621,3.2,2.0,1.2,64.6
,80.0423,7.10708,6.4,5.2,1.2,60.3
,80.0427,7.10651,6.4,5.2,1.2,60.2
,80.04245,7.10688,6.4,5.2,1.2,60.3
,80.01085,7.07644,3.2,2.0,1.2,61.5
,80.04652,7.10781,3.2,2.0,1.2,59.9
,80.04659,7.10788,3.2,2.0,1.2,59.9
,80.044,7.10712,6.4,5.2,1.2,60.1
,80.01314,7.08158,3.2,2.0,1.2,61.6
,80.05002,7.10436,3.2,2.0,1.2,59.4
,80.04764,7.10254,3.2,2.0,1.2,59.5
,79.89381,7.15976,3.2,2.0,1.2,77.3
,79.89939,7.15688,3.2,2.0,1.2,76.6
,79.89952,7.16488,3.2,2.0,1.2,77.1
,79.88696,7.07293,3.2,2.0,1.2,73.7
,79.88582,7.07106,3.2,2.0,1.2,73.7
,79.88597,7.08868,3.2,2.0,1.2,74.5
,79.99783,7.06126,3.2,2.0,1.2,62.0
,80.00405,7.04812,3.2,2.0,1.2,60.8
,79.88809,7.07915,3.2,2.0,1.2,73.8
,79.88819,7.079,3.2,2.0,1.2,73.8
,79.88829,7.07904,3.2,2.0,1.2,73.8
,79.98864,7.05739,3.2,2.0,1.2,62.8
,79.98871,7.0575,3.2,2.0,1.2,62.8
,79.98884,7.05758,3.2,2.0,1.2,62.7
,79.96564,7.05658,3.2,2.0,1.2,65.0
,79.99235,7.05586,3.2,2.0,1.2,62.3
,79.99537,7.05409,6.4,5.2,1.2,61.9
,79.98217,7.05321,3.2,2.0,1.2,63.2
,79.98203,7.05425,3.2,2.0,1.2,63.3
,80.02754,7.09176,3.2,2.0,1.2,60.8
,79.98925,7.05718,6.4,5.2,1.2,62.7
,79.9887,7.05723,3.2,2.0,1.2,62.7
,79.9156,7.07836,3.2,2.0,1.2,71.0
,79.98086,7.05137,3.2,2.0,1.2,63.2
,80.03329,7.08632,6.4,5.2,1.2,59.9
,79.99103,7.05271,3.2,2.0,1.2,62.3
,79.88594,7.10125,3.2,2.0,1.2,75.1
,80.03751,7.08628,3.2,2.0,1.2,59.5
,79.92116,7.07047,3.2,2.0,1.2,70.1
,80.03301,7.08966,3.2,2.0,1.2,60.1
,80.03289,7.08967,3.2,2.0,1.2,60.2
,80.03151,7.08991,6.4,5.2,1.2,60.3
,79.92804,7.08352,3.2,2.0,1.2,70.0
,79.92813,7.08357,3.2,2.0,1.2,70.0
,80.02773,7.08969,3.2,2.0,1.2,60.6
,80.04508,7.09321,3.2,2.0,1.2,59.2
,80.04619,7.09496,3.2,2.0,1.2,59.2
,80.025,7.09399,3.2,2.0,1.2,61.1
,80.0279,7.08559,3.2,2.0,1.2,60.4
,80.02788,7.08547,3.2,2.0,1.2,60.4
,80.01857,7.08671,3.2,2.0,1.2,61.3
,80.01847,7.08656,3.2,2.0,1.2,61.3
,80.01395,7.08573,3.2,2.0,1.2,61.7
,79.9311,7.08293,3.2,2.0,1.2,69.7
,79.99352,7.04918,3.2,2.0,1.2,61.9
,79.99153,7.04755,3.2,2.0,1.2,62.0
,79.9937,7.04906,3.2,2.0,1.2,61.9
,80.03779,7.07877,3.2,2.0,1.2,59.1
,80.03789,7.07887,3.2,2.0,1.2,59.1
,80.02622,7.08356,3.2,2.0,1.2,60.4
Politex garment,80.02494,7.08254,3.2,2.0,1.2,60.5
,79.93288,7.08198,3.2,2.0,1.2,69.5
,79.93297,7.08216,3.2,2.0,1.2,69.5
,79.93248,7.08194,3.2,2.0,1.2,69.5
,80.02117,7.07741,3.2,2.0,1.2,60.6
,80.02124,7.07732,3.2,2.0,1.2,60.6
,79.90273,7.14867,3.2,2.0,1.2,75.9
,80.01611,7.08029,3.2,2.0,1.2,61.2
,80.02046,7.06522,3.2,2.0,1.2,60.0
,80.0206,7.06515,3.2,2.0,1.2,60.0
,80.02063,7.06524,3.2,2.0,1.2,60.0
,79.93312,7.08933,3.2,2.0,1.2,69.8
,79.9007,7.1477,3.2,2.0,1.2,76.0
,79.89911,7.14802,3.2,2.0,1.2,76.2
,80.02034,7.06524,3.2,2.0,1.2,60.0
,80.02266,7.06599,6.4,5.2,1.2,59.8
,79.92951,7.08732,6.4,5.2,1.2,70.1
,79.92958,7.08714,6.4,5.2,1.2,70.1
,80.02084,7.06516,3.2,2.0,1.2,60.0
,80.0177,7.06298,3.2,2.0,1.2,60.2
,79.92414,7.08587,3.2,2.0,1.2,70.5
,79.93968,7.08279,3.2,2.0,1.2,68.8
,80.02414,7.07074,3.2,2.0,1.2,59.9
,80.02342,7.07111,3.2,2.0,1.2,60.0
,79.94135,7.0802,3.2,2.0,1.2,68.6
,79.89096,7.10761,3.2,2.0,1.2,74.9
,79.89088,7.10758,3.2,2.0,1.2,74.9
,80.0497,7.09467,3.2,2.0,1.2,58.9
,80.05252,7.09274,3.2,2.0,1.2,58.5
,80.00015,7.05098,3.2,2.0,1.2,61.3
,80.00017,7.05091,3.2,2.0,1.2,61.3
,80.04983,7.09195,3.2,2.0,1.2,58.7
,80.0231,7.0323,3.2,2.0,1.2,58.1
,80.02262,7.03392,3.2,2.0,1.2,58.2
,80.02294,7.03234,3.2,2.0,1.2,58.1
,79.89228,7.10233,3.2,2.0,1.2,74.5
,79.89233,7.10247,3.2,2.0,1.2,74.5
,79.98091,7.04275,3.2,2.0,1.2,62.8
,79.98115,7.04488,3.2,2.0,1.2,62.9
,79.98093,7.04287,3.2,2.0,1.2,62.8
,79.98122,7.04472,3.2,2.0,1.2,62.9
,79.98083,7.04276,3.2,2.0,1.2,62.9
,79.96791,7.05667,3.2,2.0,1.2,64.8
,79.98393,7.03547,3.2,2.0,1.2,62.2
,79.98547,7.04018,3.2,2.0,1.2,62.3
,79.98375,7.03549,3.2,2.0,1.2,62.2
,79.96323,7.0477,3.2,2.0,1.2,64.8
,79.91175,7.07241,3.2,2.0,1.2,71.2
,79.9139,7.07227,3.2,2.0,1.2,70.9
,79.91202,7.07132,3.2,2.0,1.2,71.1
,79.98015,7.03854,3.2,2.0,1.2,62.7
,80.01925,7.04207,3.2,2.0,1.2,59.0
,80.01903,7.04217,3.2,2.0,1.2,59.0
,80.01912,7.04224,3.2,2.0,1.2,59.0
,80.01911,7.04325,3.2,2.0,1.2,59.0
,80.01917,7.04216,3.2,2.0,1.2,59.0
,80.00208,7.04149,3.2,2.0,1.2,60.7
,79.97788,7.04378,3.2,2.0,1.2,63.2
,79.97788,7.04356,3.2,2.0,1.2,63.2
,79.91161,7.07096,3.2,2.0,1.2,71.1
,79.97432,7.0278,3.2,2.0,1.2,62.9
,79.97445,7.02803,3.2,2.0,1.2,62.9
,79.97246,7.04326,3.2,2.0,1.2,63.7
,79.97118,7.04217,6.4,5.2,1.2,63.8
,80.00215,7.04439,3.2,2.0,1.2,60.8
,80.0183,7.03111,3.2,2.0,1.2,58.5
,80.01833,7.03096,3.2,2.0,1.2,58.5
,79.93617,7.09101,3.2,2.0,1.2,69.6
,79.93491,7.09084,3.2,2.0,1.2,69.7
,80.02777,7.03871,3.2,2.0,1.2,58.0
,79.93322,7.09018,3.2,2.0,1.2,69.8
,80.0236,7.0408,3.2,2.0,1.2,58.5
,79.96276,7.03685,3.2,2.0,1.2,64.4
,80.02193,7.03797,3.2,2.0,1.2,58.5
,80.02178,7.03801,3.2,2.0,1.2,58.5
,80.02583,7.03661,3.2,2.0,1.2,58.1
,80.02591,7.0367,3.2,2.0,1.2,58.1
,80.02602,7.03678,3.2,2.0,1.2,58.0
,80.02622,7.03583,3.2,2.0,1.2,58.0
,80.02633,7.03601,3.2,2.0,1.2,58.0
,79.91999,7.0911,3.2,2.0,1.2,71.2
,79.98676,7.0401,6.4,5.2,1.2,62.1
,79.96235,7.0423,3.2,2.0,1.2,64.7
,79.89081,7.09104,3.2,2.0,1.2,74.1
,79.89095,7.09085,3.2,2.0,1.2,74.1
,79.89045,7.14193,3.2,2.0,1.2,76.7
,79.89111,7.09396,3.2,2.0,1.2,74.2
,79.89124,7.09383,3.2,2.0,1.2,74.2
,79.89112,7.09408,3.2,2.0,1.2,74.2
,79.98584,7.03349,3.2,2.0,1.2,61.9
,79.98051,7.03169,3.2,2.0,1.2,62.4
,79.98056,7.03124,3.2,2.0,1.2,62.4
,80.00208,7.04087,3.2,2.0,1.2,60.6
,79.99584,7.03683,3.2,2.0,1.2,61.1
,79.99664,7.03691,3.2,2.0,1.2,61.0
,80.00184,7.02763,3.2,2.0,1.2,60.1
,80.00179,7.02773,3.2,2.0,1.2,60.1
,79.93698,7.10407,3.2,2.0,1.2,70.2
,79.99804,7.04208,3.2,2.0,1.2,61.1
,79.89094,7.14095,3.2,2.0,1.2,76.6
,79.88214,7.07354,3.2,2.0,1.2,74.2
,79.95646,7.06679,3.2,2.0,1.2,66.4
,79.89939,7.15698,3.2,2.0,1.2,76.6
,79.90881,7.15945,3.2,2.0,1.2,75.9
,79.95024,7.06129,3.2,2.0,1.2,66.8
,80.00031,7.09075,3.2,2.0,1.2,63.3
,79.95981,7.05442,3.2,2.0,1.2,65.5
,79.91484,7.15277,3.2,2.0,1.2,74.9
,79.95794,7.07935,3.2,2.0,1.2,66.9
,80.01826,7.08823,3.2,2.0,1.2,61.5
,79.96886,7.07741,3.2,2.0,1.2,65.7
,79.96775,7.07431,3.2,2.0,1.2,65.7
,80.03438,7.04415,3.2,2.0,1.2,57.6
,80.03427,7.04396,3.2,2.0,1.2,57.6
,79.97674,7.03192,3.2,2.0,1.2,62.8
,79.99291,7.08597,3.2,2.0,1.2,63.8
,79.91462,7.08671,3.2,2.0,1.2,71.5
,79.91552,7.07829,3.2,2.0,1.2,71.0
,80.03555,7.03921,3.2,2.0,1.2,57.2
,80.03561,7.04047,3.2,2.0,1.2,57.3
,80.0354,7.03901,3.2,2.0,1.2,57.2
,79.95206,7.08049,3.2,2.0,1.2,67.5
,80.01786,7.06297,3.2,2.0,1.2,60.2
,80.01708,7.07439,3.2,2.0,1.2,60.8
,80.03941,7.04007,3.2,2.0,1.2,56.9
,80.01482,7.02015,3.2,2.0,1.2,58.4
,79.99478,7.03183,3.2,2.0,1.2,61.0
,79.99461,7.03177,3.2,2.0,1.2,61.0
,80.01761,7.02373,3.2,2.0,1.2,58.3
,80.01754,7.02355,3.2,2.0,1.2,58.3
,80.01757,7.02364,3.2,2.0,1.2,58.3
,80.00579,7.03318,3.2,2.0,1.2,59.9
,80.00754,7.03473,3.2,2.0,1.2,59.8
,80.01317,7.03346,3.2,2.0,1.2,59.2
,80.02116,7.02264,3.2,2.0,1.2,57.9
,79.93836,7.06295,3.2,2.0,1.2,68.0
,79.93838,7.06283,3.2,2.0,1.2,68.0
,80.02431,7.02314,3.2,2.0,1.2,57.6
,80.03424,7.03318,3.2,2.0,1.2,57.1
,80.02618,7.0329,3.2,2.0,1.2,57.8
,79.93144,7.06603,3.2,2.0,1.2,68.9
,80.0031,7.01325,3.2,2.0,1.2,59.3
,80.00323,7.01339,3.2,2.0,1.2,59.3
,80.00315,7.01344,3.2,2.0,1.2,59.3
,79.92989,7.06555,3.2,2.0,1.2,69.0
,80.02982,7.02763,3.2,2.0,1.2,57.2
,80.02987,7.02776,3.2,2.0,1.2,57.2
,80.00459,7.02838,3.2,2.0,1.2,59.8
,80.00431,7.02857,3.2,2.0,1.2,59.8
,80.00423,7.02852,3.2,2.0,1.2,59.8
,80.00412,7.02845,3.2,2.0,1.2,59.9
,80.02556,7.02762,3.2,2.0,1.2,57.7
,80.02557,7.02771,3.2,2.0,1.2,57.7
,80.02842,7.02887,3.2,2.0,1.2,57.4
,80.0284,7.02882,3.2,2.0,1.2,57.4
,80.02843,7.02895,3.2,2.0,1.2,57.4
,80.00539,7.02883,3.2,2.0,1.2,59.7
,80.01972,7.11064,3.2,2.0,1.2,62.6
,80.04058,7.09522,3.2,2.0,1.2,59.7
,80.02607,7.10829,3.2,2.0,1.2,61.9
,80.02605,7.10844,3.2,2.0,1.2,61.9
,79.98536,7.04,3.2,2.0,1.2,62.3
,79.98388,7.03565,3.2,2.0,1.2,62.2
,80.02782,7.09549,3.2,2.0,1.2,61.0
,79.94461,7.09676,6.4,5.2,1.2,69.1
,80.00187,7.02767,3.2,2.0,1.2,60.0
,79.95457,7.06151,3.2,2.0,1.2,66.4
,80.0119,7.08557,3.2,2.0,1.2,61.9
,79.99903,7.08336,3.2,2.0,1.2,63.1
,80.00226,7.0819,3.2,2.0,1.2,62.7
,79.93628,7.10668,3.2,2.0,1.2,70.4
,80.02028,7.10156,3.2,2.0,1.2,62.0
,80.02045,7.10149,3.2,2.0,1.2,62.0
,79.89986,7.06004,3.2,2.0,1.2,71.8
,80.00467,7.05494,3.2,2.0,1.2,61.0
,80.00563,7.09624,3.2,2.0,1.2,63.1
,80.01057,7.09687,3.2,2.0,1.2,62.7
,80.01076,7.0968,3.2,2.0,1.2,62.7
,80.03042,7.10964,3.2,2.0,1.2,61.5
,80.01837,7.10057,3.2,2.0,1.2,62.1
,80.00757,7.09675,3.2,2.0,1.2,63.0
,79.99976,7.07052,3.2,2.0,1.2,62.3
,79.99238,7.07326,6.4,5.2,1.2,63.2
,80.0019,7.07631,3.2,2.0,1.2,62.4
,79.99074,7.08996,3.2,2.0,1.2,64.2
,79.97653,7.09727,3.2,2.0,1.2,66.0
,80.01086,7.09148,3.2,2.0,1.2,62.4
,80.01422,7.09113,3.2,2.0,1.2,62.0
,80.01471,7.08737,3.2,2.0,1.2,61.8
,79.99265,7.0851,3.2,2.0,1.2,63.8
,80.0409,7.11485,3.2,2.0,1.2,60.9
,80.0077,7.06511,3.2,2.0,1.2,61.3
,80.00787,7.06433,3.2,2.0,1.2,61.2
,80.02788,7.08754,6.4,5.2,1.2,60.5
,79.98859,7.05755,3.2,2.0,1.2,62.8
,79.9886,7.05748,3.2,2.0,1.2,62.8
,79.96579,7.04802,3.2,2.0,1.2,64.6
,80.02305,7.03224,3.2,2.0,1.2,58.1
,80.02281,7.03385,3.2,2.0,1.2,58.2
,79.94308,7.07941,3.2,2.0,1.2,68.3
,80.02108,7.02259,3.2,2.0,1.2,57.9
,79.96595,7.0774,6.4,5.2,1.2,66.0
,80.00919,7.08792,3.2,2.0,1.2,62.3
,80.00397,7.04816,3.2,2.0,1.2,60.8
,79.99414,7.04399,3.2,2.0,1.2,61.6
,80.00208,7.04449,3.2,2.0,1.2,60.8
,80.04885,7.10341,3.2,2.0,1.2,59.5
,80.02131,7.07726,3.2,2.0,1.2,60.6
,79.9648,7.07568,6.4,5.2,1.2,66.0
,79.96451,7.07507,6.4,5.2,1.2,66.0
,80.01392,7.05561,3.2,2.0,1.2,60.2
,80.01397,7.05555,3.2,2.0,1.2,60.2
,79.94303,7.07292,3.2,2.0,1.2,68.0
,79.94304,7.073,3.2,2.0,1.2,68.0
,79.93811,7.06258,3.2,2.0,1.2,68.1
,80.016,7.0462,3.2,2.0,1.2,59.5
,80.00877,7.03639,3.2,2.0,1.2,59.7
,80.0088,7.03634,3.2,2.0,1.2,59.7
,80.01472,7.03835,3.2,2.0,1.2,59.2
,80.01479,7.03836,3.2,2.0,1.2,59.2
,79.92782,7.06329,3.2,2.0,1.2,69.1
,79.90033,7.17212,3.2,2.0,1.2,77.4
,79.90021,7.172,3.2,2.0,1.2,77.4
,79.90017,7.17216,3.2,2.0,1.2,77.4
,79.90016,7.17221,3.2,2.0,1.2,77.4
,79.93469,7.1051,3.2,2.0,1.2,70.5
,79.9298,7.06542,3.2,2.0,1.2,69.0
,79.96063,7.06705,3.2,2.0,1.2,66.0
,79.92902,7.10247,3.2,2.0,1.2,70.9
,79.94874,7.09991,3.2,2.0,1.2,68.8
,79.94885,7.09991,3.2,2.0,1.2,68.8
,79.94881,7.09995,3.2,2.0,1.2,68.8
,79.94867,7.10003,3.2,2.0,1.2,68.8
,79.94862,7.10001,3.2,2.0,1.2,68.8
,79.96155,7.03963,3.2,2.0,1.2,64.7
,79.96809,7.03521,3.2,2.0,1.2,63.8
,79.96874,7.07739,3.2,2.0,1.2,65.7
,80.01745,7.09435,6.4,5.2,1.2,61.9
,80.01735,7.09435,6.4,5.2,1.2,61.9
,79.96574,7.04795,3.2,2.0,1.2,64.6
,80.01313,7.10124,3.2,2.0,1.2,62.7
,80.01389,7.09868,3.2,2.0,1.2,62.5
,80.01403,7.09699,3.2,2.0,1.2,62.4
,80.02558,7.07778,3.2,2.0,1.2,60.2
,79.89968,7.08697,3.2,2.0,1.2,73.0
,80.02056,7.06525,3.2,2.0,1.2,60.0
,80.01864,7.10863,3.2,2.0,1.2,62.6
,79.97202,7.03289,3.2,2.0,1.2,63.3
,79.97189,7.03294,3.2,2.0,1.2,63.3
,80.02051,7.09126,3.2,2.0,1.2,61.4
,80.01855,7.08741,3.2,2.0,1.2,61.4
,80.04172,7.0993,3.2,2.0,1.2,59.9
,79.89041,7.08335,3.2,2.0,1.2,73.8
,79.97571,7.04809,3.2,2.0,1.2,63.6
,79.97581,7.04807,3.2,2.0,1.2,63.6
,80.0182,7.10069,3.2,2.0,1.2,62.2
,80.02425,7.07089,3.2,2.0,1.2,59.9
Hotel Subasiri,79.91603,7.12392,3.2,2.0,1.2,73.2
,80.02613,7.0835,3.2,2.0,1.2,60.4
,79.88594,7.10133,3.2,2.0,1.2,75.1
,79.8906,7.09645,3.2,2.0,1.2,74.4
,80.00196,7.04458,3.2,2.0,1.2,60.8
,80.00206,7.04463,3.2,2.0,1.2,60.8
,80.02765,7.08547,3.2,2.0,1.2,60.4
,79.89126,7.09402,3.2,2.0,1.2,74.2
,79.89116,7.09344,3.2,2.0,1.2,74.2
,79.89301,7.09419,3.2,2.0,1.2,74.0
,80.04963,7.09214,3.2,2.0,1.2,58.7
,79.88998,7.10431,3.2,2.0,1.2,74.8
,79.89018,7.10424,3.2,2.0,1.2,74.8
,79.89081,7.10112,3.2,2.0,1.2,74.6
,79.88614,7.08893,3.2,2.0,1.2,74.5
,79.88605,7.08893,3.2,2.0,1.2,74.5
,79.99365,7.04901,3.2,2.0,1.2,61.9
,79.88453,7.09703,3.2,2.0,1.2,75.0
,80.02751,7.09653,3.2,2.0,1.2,61.1
,80.00198,7.04088,3.2,2.0,1.2,60.6
,79.99387,7.04519,3.2,2.0,1.2,61.7
,79.99973,7.08687,3.2,2.0,1.2,63.2
,80.02013,7.01891,3.2,2.0,1.2,57.8
,79.88919,7.09561,3.2,2.0,1.2,74.5
,79.89125,7.09962,3.2,2.0,1.2,74.5
,79.8957,7.07827,6.4,5.2,1.2,73.0
,79.90714,7.09722,3.2,2.0,1.2,72.8
,79.88721,7.08077,3.2,2.0,1.2,74.0
,79.99912,7.0833,3.2,2.0,1.2,63.0
,79.90946,7.08365,3.2,2.0,1.2,71.9
,79.91171,7.07807,3.2,2.0,1.2,71.4
,79.91193,7.07789,3.2,2.0,1.2,71.4
,79.91215,7.07788,3.2,2.0,1.2,71.4
HSO-W-Hirdaramani Ja-Ela - Sithro Washing,79.91927,7.1047,3.2,2.0,1.2,71.9
,79.90769,7.07912,6.4,5.2,1.2,71.9
,79.91344,7.08367,3.2,2.0,1.2,71.5
,79.91533,7.07655,3.2,2.0,1.2,71.0
,79.91906,7.10494,3.2,2.0,1.2,72.0
,79.89378,7.06354,3.2,2.0,1.2,72.6
,79.89372,7.06353,3.2,2.0,1.2,72.6
,79.89358,7.06352,3.2,2.0,1.2,72.6
,79.89372,7.0637,3.2,2.0,1.2,72.6
,79.89419,7.064,3.2,2.0,1.2,72.6
,79.95904,7.07182,3.2,2.0,1.2,66.4
,79.89432,7.06418,3.2,2.0,1.2,72.6
,79.89724,7.08557,3.2,2.0,1.2,73.2
,79.89338,7.08319,3.2,2.0,1.2,73.5
,79.9611,7.05708,3.2,2.0,1.2,65.5
,79.9179,7.12019,6.4,5.2,1.2,72.9
,79.91405,7.12572,3.2,2.0,1.2,73.5
,79.9138,7.1257,3.2,2.0,1.2,73.6
,79.91385,7.1258,3.2,2.0,1.2,73.6
,79.91586,7.12486,3.2,2.0,1.2,73.3
,79.92089,7.12031,3.2,2.0,1.2,72.6
,79.92098,7.1204,3.2,2.0,1.2,72.6
,79.96086,7.06692,3.2,2.0,1.2,66.0
,80.04797,7.10378,3.2,2.0,1.2,59.6
,79.98876,7.0573,3.2,2.0,1.2,62.7
,80.00932,7.08787,3.2,2.0,1.2,62.3
,79.99084,7.05908,3.2,2.0,1.2,62.6
,79.87833,7.12065,3.2,2.0,1.2,76.8
,79.87831,7.12058,3.2,2.0,1.2,76.8
,79.87688,7.12092,3.2,2.0,1.2,76.9
,79.87699,7.12073,3.2,2.0,1.2,76.9
,79.877,7.12091,3.2,2.0,1.2,76.9
,79.87711,7.12076,3.2,2.0,1.2,76.9
,79.88152,7.11985,3.2,2.0,1.2,76.4
,79.95012,7.06125,3.2,2.0,1.2,66.8
,79.88724,7.11248,3.2,2.0,1.2,75.5
,79.88744,7.11238,3.2,2.0,1.2,75.5
,79.91145,7.13385,3.2,2.0,1.2,74.2
,79.90533,7.13402,3.2,2.0,1.2,74.8
,79.92231,7.14177,3.2,2.0,1.2,73.6
,79.88736,7.12967,3.2,2.0,1.2,76.3
,79.88164,7.13158,3.2,2.0,1.2,77.0
,79.88148,7.13153,3.2,2.0,1.2,77.0
,79.88158,7.13171,3.2,2.0,1.2,77.0
,79.92052,7.13362,3.2,2.0,1.2,73.3
,79.9316,7.14934,3.2,2.0,1.2,73.1
,79.92887,7.14467,3.2,2.0,1.2,73.1
,79.92236,7.14169,3.2,2.0,1.2,73.6
,80.05324,7.11336,3.2,2.0,1.2,59.7
,79.92287,7.13363,3.2,2.0,1.2,73.1
,79.89378,7.15997,3.2,2.0,1.2,77.3
,79.8874,7.07275,3.2,2.0,1.2,73.6
,79.90215,7.14949,3.2,2.0,1.2,76.0
,79.90284,7.14884,3.2,2.0,1.2,75.9
,79.90275,7.07073,3.2,2.0,1.2,72.0
,79.88731,7.12985,3.2,2.0,1.2,76.4
,79.93485,7.0901,3.2,2.0,1.2,69.7
,79.92749,7.08159,3.2,2.0,1.2,70.0
,79.90054,7.08356,3.2,2.0,1.2,72.8
,79.90041,7.08365,3.2,2.0,1.2,72.8
,79.90044,7.08372,3.2,2.0,1.2,72.8
,79.92036,7.16527,6.4,5.2,1.2,75.1
,79.97948,7.10143,3.2,2.0,1.2,65.9
,79.91915,7.16178,3.2,2.0,1.2,75.0
,79.92998,6.65556,3.2,2.0,1.2,65.2
,80.34171,6.70205,3.2,2.0,1.2,21.1
,80.34322,6.69655,3.2,2.0,1.2,21.3
,79.91858,6.85188,3.2,2.0,1.2,64.4
,80.05885,7.32659,3.2,2.0,1.2,75.1
,80.2574,6.21706,3.2,2.0,1.2,70.8
,80.25744,6.21719,3.2,2.0,1.2,70.8
,80.27288,7.81588,3.2,2.0,1.2,114.1
,80.27304,7.81593,3.2,2.0,1.2,114.1
,80.0766,6.6981,3.2,2.0,1.2,48.3
,80.07065,6.69795,3.2,2.0,1.2,49.0
,80.12417,6.61538,3.2,2.0,1.2,46.7
,80.12609,6.62218,3.2,2.0,1.2,46.2
,80.12128,6.61526,3.2,2.0,1.2,47.0
,80.11635,6.61053,3.2,2.0,1.2,47.7
,80.10255,6.62675,3.2,2.0,1.2,48.3
,80.10896,6.61737,3.2,2.0,1.2,48.1
,80.1092,6.6175,3.2,2.0,1.2,48.1
,80.10252,6.62857,3.2,2.0,1.2,48.2
,80.09636,6.70319,3.2,2.0,1.2,46.1
,80.09584,6.70252,3.2,2.0,1.2,46.2
,80.10023,6.62732,3.2,2.0,1.2,48.5
,80.09708,6.62183,3.2,2.0,1.2,49.1
,80.09585,6.63076,3.2,2.0,1.2,48.8
,80.07516,6.64367,3.2,2.0,1.2,50.4
,80.07503,6.64376,3.2,2.0,1.2,50.4
,80.07447,6.64728,3.2,2.0,1.2,50.3
,80.07464,6.64717,3.2,2.0,1.2,50.3
,80.08907,6.65565,3.2,2.0,1.2,48.5
,80.06105,6.65596,3.2,2.0,1.2,51.4
,80.07837,6.67727,3.2,2.0,1.2,48.8
,80.08783,6.69466,3.2,2.0,1.2,47.2
,80.07439,6.697,3.2,2.0,1.2,48.6
,80.22288,6.36357,3.2,2.0,1.2,58.0
,80.36329,6.65795,3.2,2.0,1.2,22.5
,80.37404,6.65462,3.2,2.0,1.2,22.0
,80.37466,6.65446,3.2,2.0,1.2,22.0
,80.36596,6.65756,3.2,2.0,1.2,22.4
,80.36312,6.65776,3.2,2.0,1.2,22.5
,80.3696,6.6434,3.2,2.0,1.2,23.3
,80.36659,6.65564,3.2,2.0,1.2,22.5
,80.37285,6.65381,3.2,2.0,1.2,22.2
,80.36233,6.6338,3.2,2.0,1.2,24.6
,80.36218,6.63435,3.2,2.0,1.2,24.6
,80.37208,6.6403,3.2,2.0,1.2,23.4
,80.37239,6.6351,3.2,2.0,1.2,23.9
,80.35388,6.64914,3.2,2.0,1.2,23.9
,80.38577,6.64746,3.2,2.0,1.2,21.9
,80.38908,6.64355,3.2,2.0,1.2,22.0
,80.39251,6.64777,3.2,2.0,1.2,21.4
,80.29239,6.36542,3.2,2.0,1.2,54.2
,80.35609,6.67673,3.2,2.0,1.2,21.6
,80.36444,6.68159,3.2,2.0,1.2,20.6
,80.34839,6.67216,3.2,2.0,1.2,22.6
,80.07842,6.67735,3.2,2.0,1.2,48.8
,80.06992,6.682,3.2,2.0,1.2,49.5
,80.11375,6.62965,3.2,2.0,1.2,47.0
,80.07518,6.64381,3.2,2.0,1.2,50.4
,80.10243,6.62663,3.2,2.0,1.2,48.3
,80.05743,6.65454,3.2,2.0,1.2,51.8
,80.09598,6.62068,3.2,2.0,1.2,49.2
,80.09885,6.72366,3.2,2.0,1.2,45.3
,80.38334,6.63835,3.2,2.0,1.2,22.9
,80.39042,6.6415,3.2,2.0,1.2,22.1
,80.35665,6.69116,3.2,2.0,1.2,20.5
,80.39053,6.64167,3.2,2.0,1.2,22.1
,80.39049,6.64162,3.2,2.0,1.2,22.1
,80.38849,6.64224,3.2,2.0,1.2,22.2
,80.38849,6.64216,3.2,2.0,1.2,22.2
,80.38852,6.64209,3.2,2.0,1.2,22.2
,80.39034,6.64171,3.2,2.0,1.2,22.1
,80.39027,6.64158,3.2,2.0,1.2,22.1
,80.38989,6.64028,3.2,2.0,1.2,22.3
,80.25714,6.72955,3.2,2.0,1.2,28.2
,80.30832,6.70938,3.2,2.0,1.2,23.8
,80.28607,6.72573,3.2,2.0,1.2,25.3
,80.30837,6.70947,3.2,2.0,1.2,23.8
,80.27576,6.72196,3.2,2.0,1.2,26.6
,80.31386,6.69425,3.2,2.0,1.2,24.1
,80.31395,6.69427,3.2,2.0,1.2,24.1
,80.286,6.72525,3.2,2.0,1.2,25.4
,80.22363,6.36609,3.2,2.0,1.2,57.7
,80.25731,6.21721,3.2,2.0,1.2,70.8
,80.38866,6.65778,3.2,2.0,1.2,20.8
,80.07098,6.69993,3.2,2.0,1.2,48.9
,80.0609,6.65591,3.2,2.0,1.2,51.4
,80.10007,6.62744,3.2,2.0,1.2,48.5
,80.07519,6.64359,3.2,2.0,1.2,50.4
,80.06389,6.66337,3.2,2.0,1.2,50.8
,80.38393,6.66034,3.2,2.0,1.2,20.9
,80.38322,6.63834,3.2,2.0,1.2,22.9
,80.30244,6.70484,3.2,2.0,1.2,24.7
,80.11637,6.61066,3.2,2.0,1.2,47.7
,80.08774,6.69471,3.2,2.0,1.2,47.2
,80.22533,6.72823,3.2,2.0,1.2,31.6
,80.26412,6.23095,3.2,2.0,1.2,69.1
,80.12123,6.61901,3.2,2.0,1.2,46.8
,80.12134,6.61894,3.2,2.0,1.2,46.8
,80.12425,6.6153,3.2,2.0,1.2,46.7
,80.03871,6.27423,3.0,1.8,1.2,78.1
DAD watch,79.95245,7.00217,6.0,4.8,1.2,64.1
Commercial Building,80.47932,8.03492,6.4,5.2,1.2,135.5
,80.07108,6.84293,4.0,2.8,1.2,47.5
,80.09124,6.84067,5.0,3.8,1.2,45.3
,80.06111,7.15381,3.5,2.3,1.2,61.6
,79.93414,6.87954,6.4,5.2,1.2,63.0
,80.27537,7.81418,3.2,2.0,1.2,113.8
,80.27544,7.81425,3.2,2.0,1.2,113.8
,80.2741,7.81395,3.2,2.0,1.2,113.8
,79.95911,7.05469,3.2,2.1,1.1,65.6
,79.95983,7.05706,6.4,5.3,1.1,65.6
,79.96181,7.05772,6.4,5.3,1.1,65.4
,79.96145,7.05867,3.2,2.1,1.1,65.5
,79.96249,7.06018,3.2,2.1,1.1,65.5
,79.96163,7.06282,6.4,5.3,1.1,65.7
,79.97141,7.02897,3.2,2.1,1.1,63.2
,79.9969,7.08983,3.2,2.1,1.1,63.6
,80.01027,7.02322,3.2,2.1,1.1,59.0
,80.01406,7.01804,3.2,2.1,1.1,58.4
,79.95489,7.06853,3.2,2.1,1.1,66.6
,79.955,7.06881,3.2,2.1,1.1,66.7
,79.95503,7.06855,3.2,2.1,1.1,66.6
,79.95149,7.06452,3.2,2.1,1.1,66.8
,79.95773,7.05782,3.2,2.1,1.1,65.9
,80.05463,7.11468,3.2,2.1,1.1,59.6
,80.0545,7.11466,3.2,2.1,1.1,59.6
,80.05653,7.1139,3.2,2.1,1.1,59.4
,80.05471,7.11462,3.2,2.1,1.1,59.6
,80.05645,7.11375,3.2,2.1,1.1,59.4
,79.97075,7.06182,3.2,2.1,1.1,64.7
,79.96827,7.06557,6.4,5.3,1.1,65.2
Tharupathi Wedding Hall,79.96482,7.06442,3.2,2.1,1.1,65.5
,79.96475,7.06456,3.2,2.1,1.1,65.5
,79.97992,7.07616,3.2,2.1,1.1,64.5
,79.97673,7.09754,3.2,2.1,1.1,66.0
,79.97697,7.09709,3.2,2.1,1.1,65.9
,79.97678,7.09767,3.2,2.1,1.1,66.0
,79.95021,7.08583,3.2,2.1,1.1,68.0
,79.95017,7.086,3.2,2.1,1.1,68.0
,79.96643,7.04789,3.2,2.1,1.1,64.5
,79.96499,7.08006,3.2,2.1,1.1,66.2
,79.96502,7.07992,3.2,2.1,1.1,66.2
,79.99342,7.08384,3.2,2.1,1.1,63.6
,79.96598,7.07366,3.2,2.1,1.1,65.8
,79.96884,7.07124,3.2,2.1,1.1,65.4
,79.96435,7.06974,3.2,2.1,1.1,65.8
,79.95405,7.09422,3.2,2.1,1.1,68.0
,79.96663,7.09287,3.2,2.1,1.1,66.7
,79.96706,7.09098,3.2,2.1,1.1,66.6
,79.97553,7.06811,3.2,2.1,1.1,64.6
,80.01205,7.05706,3.2,2.1,1.1,60.4
,80.00294,7.09297,3.2,2.1,1.1,63.2
,80.00259,7.09124,3.2,2.1,1.1,63.1
,79.94795,7.09304,3.2,2.1,1.1,68.5
,79.9561,7.07636,3.2,2.1,1.1,66.9
,79.96938,7.07823,3.2,2.1,1.1,65.7
,79.95256,7.08044,3.2,2.1,1.1,67.5
,80.01269,7.05793,3.2,2.1,1.1,60.4
,80.01173,7.05956,3.2,2.1,1.1,60.6
,80.01178,7.05943,3.2,2.1,1.1,60.6
,80.0389,7.07994,3.2,2.1,1.1,59.0
,79.93112,7.10364,3.2,2.1,1.1,70.7
,80.01109,7.09578,3.2,2.1,1.1,62.6
,80.03689,7.08139,3.2,2.1,1.1,59.3
,79.93352,7.1047,3.2,2.1,1.1,70.5
,79.93481,7.10403,3.2,2.1,1.1,70.4
,79.95463,7.07964,3.2,2.1,1.1,67.2
,79.99687,7.06488,6.4,5.3,1.1,62.3
,80.01887,7.10868,3.2,2.1,1.1,62.6
,79.98329,7.06417,3.2,2.1,1.1,63.6
,79.98831,7.05052,3.2,2.1,1.1,62.5
,79.98996,7.05148,3.2,2.1,1.1,62.3
,79.95091,7.07001,3.2,2.1,1.1,67.1
,79.99016,7.04855,3.2,2.1,1.1,62.2
,79.95215,7.07308,3.2,2.1,1.1,67.1
,80.03496,7.08376,6.4,5.3,1.1,59.6
,79.95379,7.07858,6.4,5.3,1.1,67.2
,79.9306,7.07753,3.2,2.1,1.1,69.5
,79.93051,7.07746,3.2,2.1,1.1,69.5
,79.93096,7.07548,3.2,2.1,1.1,69.4
,79.99269,7.04403,3.2,2.1,1.1,61.7
,79.99282,7.04405,3.2,2.1,1.1,61.7
,80.02352,7.10989,3.2,2.1,1.1,62.2
,80.02915,7.09565,3.2,2.1,1.1,60.8
,80.03512,7.10784,3.2,2.1,1.1,61.0
,80.02837,7.11078,3.2,2.1,1.1,61.8
,80.02817,7.11062,3.2,2.1,1.1,61.8
,79.93231,7.10829,3.2,2.1,1.1,70.8
,79.93495,7.09804,3.2,2.1,1.1,70.1
,79.94208,7.10277,3.2,2.1,1.1,69.6
,79.94219,7.10276,3.2,2.1,1.1,69.6
,79.94307,7.1011,3.2,2.1,1.1,69.4
,79.9423,7.10276,3.2,2.1,1.1,69.6
,79.93795,7.10044,3.2,2.1,1.1,69.9
,79.93778,7.10043,3.2,2.1,1.1,69.9
,79.93775,7.10068,3.2,2.1,1.1,69.9
,79.93782,7.10174,3.2,2.1,1.1,70.0
,80.00356,7.07117,6.4,5.3,1.1,62.0
,80.01839,7.05138,3.2,2.1,1.1,59.5
,80.01821,7.04931,3.2,2.1,1.1,59.4
,80.01845,7.04935,3.2,2.1,1.1,59.4
,80.01751,7.05361,3.2,2.1,1.1,59.7
,80.00721,7.06741,3.2,2.1,1.1,61.4
,80.00706,7.06735,3.2,2.1,1.1,61.4
,80.01403,7.05521,3.2,2.1,1.1,60.1
,79.94072,7.10139,3.2,2.1,1.1,69.7
,79.94089,7.10278,3.2,2.1,1.1,69.7
,80.01084,7.08678,3.2,2.1,1.1,62.1
,79.94152,7.10372,3.2,2.1,1.1,69.7
,79.9416,7.10388,3.2,2.1,1.1,69.7
,79.94168,7.10374,3.2,2.1,1.1,69.7
,80.00829,7.08607,3.2,2.1,1.1,62.3
,80.01636,7.06198,3.2,2.1,1.1,60.2
,79.9413,7.09836,3.2,2.1,1.1,69.5
,79.92781,7.07308,3.2,2.1,1.1,69.6
,79.92611,7.0708,3.2,2.1,1.1,69.6
,79.92631,7.07068,3.2,2.1,1.1,69.6
,79.92614,7.07063,3.2,2.1,1.1,69.6
,79.92622,7.07073,3.2,2.1,1.1,69.6
,80.00384,7.07382,3.2,2.1,1.1,62.1
,80.00386,7.07375,3.2,2.1,1.1,62.1
,80.00401,7.07388,3.2,2.1,1.1,62.1
,79.99595,7.07338,3.2,2.1,1.1,62.8
,79.93102,7.06876,3.2,2.1,1.1,69.1
,79.98939,7.07495,3.2,2.1,1.1,63.6
,80.00163,7.06408,3.2,2.1,1.1,61.8
,79.99384,7.06835,3.2,2.1,1.1,62.8
,79.99828,7.08607,3.2,2.1,1.1,63.3
,79.999,7.08657,3.2,2.1,1.1,63.2
,79.97579,7.06817,3.2,2.1,1.1,64.6
,79.98433,7.07436,3.2,2.1,1.1,64.0
Co-operative shop,79.98423,7.07439,3.2,2.1,1.1,64.0
,79.98428,7.0742,3.2,2.1,1.1,64.0
,79.98469,7.07446,3.2,2.1,1.1,64.0
,79.98427,7.07426,3.2,2.1,1.1,64.0
,80.00185,7.09216,3.2,2.1,1.1,63.3
,80.00168,7.06624,3.2,2.1,1.1,61.9
,79.98796,7.09019,3.2,2.1,1.1,64.5
,79.9879,7.0901,3.2,2.1,1.1,64.5
,80.02067,7.09224,3.2,2.1,1.1,61.5
,79.97137,7.05492,3.2,2.1,1.1,64.4
,79.97785,7.09458,3.2,2.1,1.1,65.7
,80.0074,7.08106,3.2,2.1,1.1,62.1
,80.00749,7.08089,3.2,2.1,1.1,62.1
,80.00748,7.08106,3.2,2.1,1.1,62.1
,79.98761,7.06167,3.2,2.1,1.1,63.1
,79.98763,7.06142,3.2,2.1,1.1,63.0
,80.00688,7.08281,3.2,2.1,1.1,62.3
,79.9876,7.06129,3.2,2.1,1.1,63.0
,79.98764,7.0612,3.2,2.1,1.1,63.0
,80.04875,7.11087,3.2,2.1,1.1,59.9
,80.00975,7.08422,3.2,2.1,1.1,62.1
,80.01163,7.08012,3.2,2.1,1.1,61.7
Linrose Hotel,80.04866,7.10843,3.2,2.1,1.1,59.8
Linrose Hotel,80.04862,7.10828,3.2,2.1,1.1,59.8
,80.0212,7.09891,3.2,2.1,1.1,61.8
,80.02122,7.09876,3.2,2.1,1.1,61.8
,79.89867,7.15557,3.2,2.1,1.1,76.6
,80.00019,7.06245,3.2,2.1,1.1,61.9
,79.99998,7.06245,3.2,2.1,1.1,61.9
,80.00087,7.05727,3.2,2.1,1.1,61.5
,80.00527,7.04821,3.2,2.1,1.1,60.7
,80.00533,7.04842,3.2,2.1,1.1,60.7
,80.02782,7.09011,6.4,5.3,1.1,60.7
,79.90562,7.15613,3.2,2.1,1.1,76.0
,79.90696,7.15681,3.2,2.1,1.1,75.9
,79.90715,7.15681,3.2,2.1,1.1,75.9
,79.90749,7.15586,3.2,2.1,1.1,75.8
,80.04249,7.09815,3.2,2.1,1.1,59.7
,80.04247,7.09807,3.2,2.1,1.1,59.7
,79.99882,7.05183,3.2,2.1,1.1,61.5
,79.90991,7.16236,3.2,2.1,1.1,75.9
,79.99185,7.05409,3.2,2.1,1.1,62.3
,79.99418,7.05232,3.2,2.1,1.1,62.0
,79.99243,7.05562,3.2,2.1,1.1,62.3
,79.90941,7.16034,3.2,2.1,1.1,75.9
,79.99037,7.05563,3.2,2.1,1.1,62.5
,79.98945,7.05663,3.2,2.1,1.1,62.6
,80.02859,7.09156,3.2,2.1,1.1,60.7
,79.91091,7.1535,3.2,2.1,1.1,75.3
,80.03214,7.09046,3.2,2.1,1.1,60.3
,80.03213,7.09028,3.2,2.1,1.1,60.3
,80.02852,7.09473,3.2,2.1,1.1,60.9
,80.02852,7.09485,3.2,2.1,1.1,60.9
Weerasiri Building,80.03471,7.0868,6.4,5.3,1.1,59.8
,80.03267,7.0849,3.2,2.1,1.1,59.9
,79.89065,7.15953,3.2,2.1,1.1,77.6
,80.03103,7.08598,3.2,2.1,1.1,60.1
,80.02822,7.08784,3.2,2.1,1.1,60.5
,80.02634,7.09327,3.2,2.1,1.1,61.0
,80.01847,7.08719,3.2,2.1,1.1,61.4
,80.01398,7.08929,3.2,2.1,1.1,61.9
,79.91484,7.15013,3.2,2.1,1.1,74.8
,79.91508,7.1502,3.2,2.1,1.1,74.8
,79.91829,7.15121,3.2,2.1,1.1,74.5
,80.02829,7.08687,3.2,2.1,1.1,60.4
,79.99166,7.04773,3.2,2.1,1.1,62.0
,80.01413,7.07985,3.2,2.1,1.1,61.4
,79.93191,7.0884,3.2,2.1,1.1,69.9
,79.93178,7.08877,3.2,2.1,1.1,69.9
,79.93065,7.08785,6.4,5.3,1.1,70.0
,80.0168,7.07322,3.2,2.1,1.1,60.8
,80.01689,7.07099,3.2,2.1,1.1,60.7
,80.01639,7.06334,3.2,2.1,1.1,60.3
,79.92665,7.08654,3.2,2.1,1.1,70.3
,79.92035,7.08914,3.2,2.1,1.1,71.1
,79.92064,7.0875,3.2,2.1,1.1,71.0
,80.02027,7.08123,6.4,5.3,1.1,60.9
,80.02056,7.08138,6.4,5.3,1.1,60.9
,80.02044,7.08136,6.4,5.3,1.1,60.9
,80.02053,7.08152,6.4,5.3,1.1,60.9
,79.92413,7.08553,3.2,2.1,1.1,70.5
,80.01372,7.06494,3.2,2.1,1.1,60.7
,79.91625,7.08966,3.2,2.1,1.1,71.5
,79.91467,7.08666,3.2,2.1,1.1,71.5
,80.04731,7.09154,3.2,2.1,1.1,58.9
,80.04745,7.09163,3.2,2.1,1.1,58.9
,80.04722,7.09162,3.2,2.1,1.1,58.9
,80.04945,7.09417,3.2,2.1,1.1,58.9
,80.02358,7.02632,3.2,2.1,1.1,57.8
,80.02354,7.02648,3.2,2.1,1.1,57.8
,80.02382,7.02624,3.2,2.1,1.1,57.8
,80.02391,7.0264,3.2,2.1,1.1,57.8
,79.89088,7.10475,3.2,2.1,1.1,74.8
,79.89132,7.10623,3.2,2.1,1.1,74.8
,80.0227,7.03363,3.2,2.1,1.1,58.2
,80.02241,7.03393,3.2,2.1,1.1,58.3
,80.02244,7.03403,3.2,2.1,1.1,58.3
,80.02248,7.03388,3.2,2.1,1.1,58.3
,80.02256,7.03366,3.2,2.1,1.1,58.2
,80.02247,7.03396,3.2,2.1,1.1,58.3
,79.98212,7.04887,3.2,2.1,1.1,63.0
,79.9822,7.04884,3.2,2.1,1.1,63.0
,79.98233,7.0472,3.2,2.1,1.1,62.9
,79.9848,7.04358,3.2,2.1,1.1,62.5
,79.99937,7.04194,3.2,2.1,1.1,61.0
,80.01152,7.04118,3.2,2.1,1.1,59.7
,80.01168,7.04141,3.2,2.1,1.1,59.7
,80.01161,7.04095,3.2,2.1,1.1,59.7
,79.93497,7.09043,3.2,2.1,1.1,69.7
,79.96578,7.044,3.2,2.1,1.1,64.4
,79.96876,7.04258,6.4,5.3,1.1,64.1
,79.96555,7.04395,3.2,2.1,1.1,64.4
,79.93362,7.09097,6.4,5.3,1.1,69.8
,80.01992,7.04076,3.2,2.1,1.1,58.8
,79.93273,7.09424,3.2,2.1,1.1,70.1
,79.93263,7.09424,3.2,2.1,1.1,70.1
,79.9293,7.09125,3.2,2.1,1.1,70.3
,79.96473,7.04086,3.2,2.1,1.1,64.4
,79.92661,7.09097,3.2,2.1,1.1,70.5
,79.92636,7.09101,3.2,2.1,1.1,70.6
,79.92652,7.0911,3.2,2.1,1.1,70.6
,79.9221,7.09295,3.2,2.1,1.1,71.1
,79.92221,7.09281,3.2,2.1,1.1,71.1
,79.9707,7.03286,3.2,2.1,1.1,63.4
,79.98642,7.03685,3.2,2.1,1.1,62.0
,79.98628,7.03679,3.2,2.1,1.1,62.0
,79.92404,7.09077,3.2,2.1,1.1,70.8
,79.92392,7.09066,3.2,2.1,1.1,70.8
,79.99079,7.03856,3.2,2.1,1.1,61.7
,79.99092,7.03859,3.2,2.1,1.1,61.6
,79.9204,7.09033,3.2,2.1,1.1,71.1
,80.02584,7.03618,3.2,2.1,1.1,58.0
,80.02596,7.03614,3.2,2.1,1.1,58.0
,80.02585,7.03607,3.2,2.1,1.1,58.0
,79.91468,7.09499,3.2,2.1,1.1,71.9
,79.91366,7.0916,3.2,2.1,1.1,71.9
,79.91378,7.09169,3.2,2.1,1.1,71.9
,79.91372,7.0916,3.2,2.1,1.1,71.9
,79.89086,7.14088,3.2,2.1,1.1,76.6
,79.92521,7.06748,3.2,2.1,1.1,69.6
,79.9251,7.06736,3.2,2.1,1.1,69.6
,79.91536,7.10046,3.2,2.1,1.1,72.1
,79.91591,7.10073,3.2,2.1,1.1,72.1
,79.91574,7.10086,3.2,2.1,1.1,72.1
,79.89148,7.09479,3.2,2.1,1.1,74.2
,79.89146,7.09467,3.2,2.1,1.1,74.2
,79.89259,7.09292,3.2,2.1,1.1,74.0
,79.96695,7.03431,3.2,2.1,1.1,63.9
,79.90236,7.07268,3.2,2.1,1.1,72.1
,79.902,7.07218,3.2,2.1,1.1,72.1
,79.90229,7.07251,3.2,2.1,1.1,72.1
,79.98194,7.0339,3.2,2.1,1.1,62.3
,79.9821,7.03399,3.2,2.1,1.1,62.3
,79.98038,7.03155,3.2,2.1,1.1,62.4
,79.98038,7.03144,3.2,2.1,1.1,62.4
Samurdhi Market,79.99092,7.03455,3.2,2.1,1.1,61.5
,79.99077,7.03417,3.2,2.1,1.1,61.5
,79.99064,7.03423,3.2,2.1,1.1,61.5
Samurdhi Market,79.99093,7.03449,3.2,2.1,1.1,61.5
,79.98613,7.03344,3.2,2.1,1.1,61.9
,79.99055,7.03412,3.2,2.1,1.1,61.5
,79.98016,7.03262,3.2,2.1,1.1,62.5
,79.99423,7.03717,3.2,2.1,1.1,61.2
,80.00732,7.03577,3.2,2.1,1.1,59.9
,79.89945,7.06586,3.2,2.1,1.1,72.1
,79.89941,7.06579,3.2,2.1,1.1,72.1
,79.92778,7.06694,3.2,2.1,1.1,69.3
,79.96918,7.07206,3.2,2.1,1.1,65.4
,80.0116,7.04137,3.2,2.1,1.1,59.7
,79.89083,7.14101,3.2,2.1,1.1,76.6
,79.947,7.09966,3.2,2.1,1.1,69.0
,79.92127,7.07091,3.2,2.1,1.1,70.1
,80.01982,7.04034,3.2,2.1,1.1,58.8
,80.00077,7.09062,3.2,2.1,1.1,63.3
,79.98233,7.04879,3.2,2.1,1.1,63.0
,80.00562,7.09011,3.2,2.1,1.1,62.8
Divisional Secratary Office Gampaha,80.00549,7.09011,3.2,2.1,1.1,62.8
,79.90224,7.07262,3.2,2.1,1.1,72.1
,80.00162,7.06414,3.2,2.1,1.1,61.8
,80.00181,7.06407,3.2,2.1,1.1,61.8
,80.01864,7.08721,3.2,2.1,1.1,61.4
,79.95031,7.07703,3.2,2.1,1.1,67.5
,80.03091,7.04506,3.2,2.1,1.1,58.0
,80.03086,7.04507,3.2,2.1,1.1,58.0
,80.03356,7.08524,6.4,5.3,1.1,59.8
,80.03352,7.0853,6.4,5.3,1.1,59.8
,80.03465,7.08658,6.4,5.3,1.1,59.8
,80.03257,7.08488,3.2,2.1,1.1,59.9
,80.03392,7.04335,3.2,2.1,1.1,57.6
,80.02819,7.08791,3.2,2.1,1.1,60.5
,80.00642,7.05388,3.2,2.1,1.1,60.8
,79.91579,7.10074,3.2,2.1,1.1,72.1
,79.96558,7.09415,3.2,2.1,1.1,66.9
,79.91491,7.08656,3.2,2.1,1.1,71.5
,79.9148,7.08674,3.2,2.1,1.1,71.5
,80.01539,7.07875,3.2,2.1,1.1,61.2
,80.01242,7.04642,3.2,2.1,1.1,59.9
,80.01522,7.02173,3.2,2.1,1.1,58.4
,80.01237,7.03663,3.2,2.1,1.1,59.4
,79.99532,7.03538,3.2,2.1,1.1,61.1
,79.99373,7.0345,3.2,2.1,1.1,61.2
,79.99504,7.03224,3.2,2.1,1.1,60.9
,80.00733,7.03465,3.2,2.1,1.1,59.8
,80.00632,7.03329,3.2,2.1,1.1,59.9
,79.99472,7.03256,3.2,2.1,1.1,61.0
,79.99461,7.0326,3.2,2.1,1.1,61.0
,80.00978,7.02633,3.2,2.1,1.1,59.2
,80.00956,7.02649,3.2,2.1,1.1,59.2
,79.93688,7.06702,3.2,2.1,1.1,68.4
,79.93697,7.06697,3.2,2.1,1.1,68.4
,79.92679,7.06407,3.2,2.1,1.1,69.3
,79.9273,7.06313,3.2,2.1,1.1,69.2
,79.92678,7.06419,3.2,2.1,1.1,69.3
,80.00278,7.02619,3.2,2.1,1.1,59.9
,80.00277,7.02612,3.2,2.1,1.1,59.9
,79.93434,7.06739,3.2,2.1,1.1,68.7
,79.93451,7.06758,3.2,2.1,1.1,68.6
,79.9344,7.0675,3.2,2.1,1.1,68.7
,80.00385,7.00972,3.2,2.1,1.1,59.1
,80.02724,7.02776,3.2,2.1,1.1,57.5
,80.02876,7.02832,3.2,2.1,1.1,57.4
,80.02857,7.02837,3.2,2.1,1.1,57.4
,80.02863,7.02839,3.2,2.1,1.1,57.4
,79.94405,7.08592,3.2,2.1,1.1,68.6
,79.94414,7.08597,3.2,2.1,1.1,68.6
,79.92506,7.08856,6.4,5.3,1.1,70.6
,79.94331,7.0863,3.2,2.1,1.1,68.7
,80.02903,7.09548,3.2,2.1,1.1,60.8
,79.98596,7.03349,3.2,2.1,1.1,61.9
,79.9777,7.09478,3.2,2.1,1.1,65.7
,79.99431,7.05833,3.2,2.1,1.1,62.2
,80.00287,7.07188,3.2,2.1,1.1,62.1
,79.96089,7.06769,6.4,5.3,1.1,66.0
,79.96102,7.0679,6.4,5.3,1.1,66.0
,79.96092,7.0679,6.4,5.3,1.1,66.0
,79.89774,7.06167,3.2,2.1,1.1,72.1
,79.98775,7.08996,3.2,2.1,1.1,64.5
,80.05417,7.11646,3.2,2.1,1.1,59.8
,80.01255,7.10233,3.2,2.1,1.1,62.8
,79.98885,7.08806,3.2,2.1,1.1,64.3
,80.00347,7.08892,3.2,2.1,1.1,62.9
,79.98902,7.08815,3.2,2.1,1.1,64.3
,79.98882,7.0882,3.2,2.1,1.1,64.3
,79.97682,7.09761,3.2,2.1,1.1,66.0
,80.01258,7.05785,3.2,2.1,1.1,60.4
,80.03355,7.08514,6.4,5.3,1.1,59.8
,80.01275,7.09223,3.2,2.1,1.1,62.2
,80.02069,7.09243,3.2,2.1,1.1,61.5
,80.00417,7.06281,3.2,2.1,1.1,61.5
,80.00424,7.06271,3.2,2.1,1.1,61.5
,80.00293,7.06762,3.2,2.1,1.1,61.9
,80.00417,7.06261,3.2,2.1,1.1,61.5
,80.00427,7.0626,3.2,2.1,1.1,61.5
,80.00019,7.06235,3.2,2.1,1.1,61.9
,80.00294,7.06754,3.2,2.1,1.1,61.8
,80.00366,7.07102,6.4,5.3,1.1,62.0
,80.02261,7.03381,3.2,2.1,1.1,58.2
,80.01185,7.07316,3.2,2.1,1.1,61.3
,80.01179,7.07335,3.2,2.1,1.1,61.3
,79.96707,7.03432,3.2,2.1,1.1,63.9
,80.02153,7.10745,3.2,2.1,1.1,62.2
,80.00531,7.05008,3.2,2.1,1.1,60.7
,79.9504,7.07905,6.4,5.3,1.1,67.6
,80.04718,7.09581,3.2,2.1,1.1,59.2
,80.0132,7.06586,3.2,2.1,1.1,60.8
,80.01317,7.06596,3.2,2.1,1.1,60.8
,80.00963,7.08928,3.2,2.1,1.1,62.3
,80.0083,7.01217,3.2,2.1,1.1,58.7
,80.01802,7.04824,3.2,2.1,1.1,59.4
,79.99344,7.04451,3.2,2.1,1.1,61.7
,79.99345,7.04459,3.2,2.1,1.1,61.7
,79.99326,7.04455,3.2,2.1,1.1,61.7
,80.03547,7.07798,3.2,2.1,1.1,59.2
,80.02082,7.0785,3.2,2.1,1.1,60.7
,79.97183,7.02994,3.2,2.1,1.1,63.2
,79.97185,7.02982,3.2,2.1,1.1,63.2
,79.9472,7.09963,3.2,2.1,1.1,68.9
,80.00628,7.02364,3.2,2.1,1.1,59.4
,80.00609,7.0236,3.2,2.1,1.1,59.4
,80.00606,7.0237,3.2,2.1,1.1,59.4
Menade cetrin service,79.94058,7.10082,3.2,2.1,1.1,69.7
,79.94095,7.10266,3.2,2.1,1.1,69.7
,79.95007,7.08603,3.2,2.1,1.1,68.0
,79.95415,7.09434,3.2,2.1,1.1,68.0
,79.97077,7.03931,3.2,2.1,1.1,63.7
,79.93785,7.10044,3.2,2.1,1.1,69.9
,80.01292,7.09222,3.2,2.1,1.1,62.2
,79.96641,7.04799,3.2,2.1,1.1,64.5
,79.96651,7.04795,3.2,2.1,1.1,64.5
,80.01374,7.06475,3.2,2.1,1.1,60.6
,80.02529,7.06117,3.2,2.1,1.1,59.3
,80.02541,7.06123,3.2,2.1,1.1,59.3
,80.02537,7.06106,3.2,2.1,1.1,59.3
,80.01871,7.10854,3.2,2.1,1.1,62.6
,80.01426,7.07981,3.2,2.1,1.1,61.4
,80.01806,7.08119,3.2,2.1,1.1,61.1
,80.03237,7.10938,6.4,5.3,1.1,61.4
,80.0007,7.09037,3.2,2.1,1.1,63.3
,80.00062,7.09037,3.2,2.1,1.1,63.3
,80.03334,7.07624,6.4,5.3,1.1,59.4
,80.02059,7.07857,3.2,2.1,1.1,60.7
,79.96914,7.07221,3.2,2.1,1.1,65.4
,79.92625,7.0707,3.2,2.1,1.1,69.6
,80.02817,7.1108,3.2,2.1,1.1,61.8
,80.02426,7.0847,3.2,2.1,1.1,60.7
,80.01834,7.10087,3.2,2.1,1.1,62.2
,80.01816,7.10109,3.2,2.1,1.1,62.2
,80.01818,7.1009,3.2,2.1,1.1,62.2
,79.93228,7.10835,3.2,2.1,1.1,70.9
,80.01694,7.07119,3.2,2.1,1.1,60.7
,79.91665,7.12528,3.2,2.1,1.1,73.3
,79.95006,7.08582,3.2,2.1,1.1,68.0
,80.02333,7.11002,3.2,2.1,1.1,62.2
,80.02839,7.08701,3.2,2.1,1.1,60.4
,79.88225,7.10548,3.2,2.1,1.1,75.7
,79.87876,7.09837,3.2,2.1,1.1,75.7
,80.04744,7.0958,3.2,2.1,1.1,59.1
,79.89141,7.09488,3.2,2.1,1.1,74.2
Toppi wedapala,79.89339,7.09413,3.2,2.1,1.1,74.0
,79.89277,7.09291,3.2,2.1,1.1,74.0
,79.88907,7.10761,3.2,2.1,1.1,75.1
,79.89092,7.10142,3.2,2.1,1.1,74.6
,79.88974,7.10694,3.2,2.1,1.1,75.0
,79.88906,7.10566,3.2,2.1,1.1,75.0
,80.00544,7.09079,3.2,2.1,1.1,62.8
,79.87907,7.09498,3.2,2.1,1.1,75.5
,79.87897,7.09497,3.2,2.1,1.1,75.5
,79.87899,7.09492,3.2,2.1,1.1,75.5
,79.93494,7.09063,3.2,2.1,1.1,69.7
,79.89579,7.07784,3.2,2.1,1.1,73.0
,79.89102,7.09961,3.2,2.1,1.1,74.5
,79.91831,7.12016,6.4,5.3,1.1,72.8
,79.88786,7.08049,6.4,5.3,1.1,73.9
,79.88467,7.06062,3.2,2.1,1.1,73.4
,79.89306,7.07561,6.4,5.3,1.1,73.2
,79.9015,7.08263,3.2,2.1,1.1,72.7
,79.91227,7.09588,3.2,2.1,1.1,72.2
,79.91246,7.09591,3.2,2.1,1.1,72.2
,79.91662,7.10095,3.2,2.1,1.1,72.0
,79.91676,7.10132,3.2,2.1,1.1,72.0
,79.91668,7.10118,3.2,2.1,1.1,72.0
,79.91676,7.10099,3.2,2.1,1.1,72.0
,79.89283,7.06023,6.4,5.3,1.1,72.5
,79.89288,7.06141,3.2,2.1,1.1,72.6
,79.89339,7.06481,3.2,2.1,1.1,72.7
,79.89337,7.06506,3.2,2.1,1.1,72.7
,79.89711,7.12244,3.2,2.1,1.1,75.0
,79.89704,7.12233,3.2,2.1,1.1,75.0
,79.89722,7.12249,3.2,2.1,1.1,75.0
,79.89696,7.12241,3.2,2.1,1.1,75.0
,79.89718,7.12236,3.2,2.1,1.1,75.0
,79.89906,7.08305,3.2,2.1,1.1,72.9
Wijesekara,80.58483,7.17934,3.2,2.1,1.1,42.0
,79.89469,7.08308,6.4,5.3,1.1,73.4
,79.89459,7.0831,6.4,5.3,1.1,73.4
,79.8938,7.08312,3.2,2.1,1.1,73.5
,79.97138,7.02911,3.2,2.1,1.1,63.2
,79.91731,7.11807,3.2,2.1,1.1,72.8
,79.98635,7.04586,6.4,5.3,1.1,62.4
,79.92114,7.12078,3.2,2.1,1.1,72.6
,79.96094,7.06716,3.2,2.1,1.1,66.0
,80.00748,7.08124,3.2,2.1,1.1,62.1
,79.98949,7.07495,3.2,2.1,1.1,63.5
,79.99193,7.05399,3.2,2.1,1.1,62.3
,79.91114,7.0823,3.2,2.1,1.1,71.7
,79.88733,7.1136,3.2,2.1,1.1,75.5
,79.88733,7.11342,3.2,2.1,1.1,75.5
,79.88732,7.11352,3.2,2.1,1.1,75.5
,79.91964,7.13693,3.2,2.1,1.1,73.6
,80.01863,7.02358,3.2,2.1,1.1,58.2
,80.01868,7.02371,3.2,2.1,1.1,58.2
,79.91746,7.12576,3.2,2.1,1.1,73.2
,79.91092,7.13088,3.2,2.1,1.1,74.1
,79.88736,7.12824,3.2,2.1,1.1,76.3
Priyantha Guruge's residence,80.03521,6.89286,10.0,8.9,1.1,52.1
,79.95042,7.06995,3.2,2.1,1.1,67.2
,79.88719,7.12811,3.2,2.1,1.1,76.3
,79.88721,7.12803,3.2,2.1,1.1,76.3
,79.8873,7.12807,3.2,2.1,1.1,76.3
,79.92904,7.14464,3.2,2.1,1.1,73.1
,80.01028,7.02305,3.2,2.1,1.1,59.0
,80.05398,7.11656,3.2,2.1,1.1,59.8
,79.88629,7.11324,3.2,2.1,1.1,75.6
,79.89866,7.08272,3.2,2.1,1.1,72.9
,79.89941,7.06568,3.2,2.1,1.1,72.1
,79.89784,7.06601,3.2,2.1,1.1,72.3
,79.89778,7.06592,3.2,2.1,1.1,72.3
,79.91531,7.06708,3.2,2.1,1.1,70.6
,79.92127,7.12084,3.2,2.1,1.1,72.6
,79.90219,7.0724,3.2,2.1,1.1,72.1
,79.9022,7.07217,3.2,2.1,1.1,72.1
,79.93347,7.07732,3.2,2.1,1.1,69.2
,79.93061,7.07738,3.2,2.1,1.1,69.5
,79.92065,7.14142,3.2,2.1,1.1,73.7
,79.94879,7.16937,3.2,2.1,1.1,72.7
,79.91507,6.97515,3.2,2.1,1.1,67.1
,80.3434,6.69472,3.2,2.1,1.1,21.4
,80.30009,7.37702,3.2,2.1,1.1,66.5
,80.30002,7.3769,3.2,2.1,1.1,66.5
,80.23984,7.29234,9.6,8.5,1.1,60.6
,80.23998,7.29235,9.6,8.5,1.1,60.6
,80.03758,7.14032,3.0,1.9,1.1,62.8
,80.27383,7.81713,3.2,2.1,1.1,114.2
,80.27442,7.8179,3.2,2.1,1.1,114.3
,80.27168,7.81694,3.2,2.1,1.1,114.2
,80.2713,7.81756,3.2,2.1,1.1,114.3
,80.27314,7.81924,3.2,2.1,1.1,114.4
,80.03886,6.29083,3.2,2.1,1.1,76.7
,80.03871,6.29069,3.2,2.1,1.1,76.7
,80.11414,6.61778,3.2,2.1,1.1,47.6
,80.10135,6.62704,3.2,2.1,1.1,48.4
,80.07626,6.64493,3.2,2.1,1.1,50.2
,80.07493,6.64771,3.2,2.1,1.1,50.2
,80.07956,6.66032,3.2,2.1,1.1,49.3
,80.1011,6.71588,3.2,2.1,1.1,45.2
,80.09836,6.7025,3.2,2.1,1.1,45.9
,80.09275,6.69022,3.2,2.1,1.1,46.9
,80.08019,6.68556,3.2,2.1,1.1,48.3
,80.07002,6.66789,3.2,2.1,1.1,50.0
,80.06026,6.65685,3.2,2.1,1.1,51.4
,80.07544,6.69647,3.2,2.1,1.1,48.5
,80.2199,6.37321,3.2,2.1,1.1,57.3
,80.2182,6.37237,3.2,2.1,1.1,57.5
,80.22195,6.35302,3.2,2.1,1.1,59.1
,80.35409,6.66336,3.2,2.1,1.1,22.8
,80.35865,6.63424,3.2,2.1,1.1,24.9
,80.35294,6.64674,3.2,2.1,1.1,24.2
,80.39783,6.64343,3.2,2.1,1.1,21.5
,80.35299,6.66743,3.2,2.1,1.1,22.6
,80.34599,6.67514,3.2,2.1,1.1,22.5
,80.07614,6.645,3.2,2.1,1.1,50.2
,80.0763,6.64509,3.2,2.1,1.1,50.2
,80.10218,6.62419,3.2,2.1,1.1,48.5
,80.06713,6.65227,3.2,2.1,1.1,50.9
,80.1149,6.6159,3.2,2.1,1.1,47.6
,80.10213,6.64195,3.2,2.1,1.1,47.7
,80.1055,6.70692,3.2,2.1,1.1,45.0
,80.36557,6.69167,3.2,2.1,1.1,19.7
,80.30458,6.717,3.2,2.1,1.1,23.8
,80.3119,6.69058,3.2,2.1,1.1,24.5
,80.31498,6.68752,3.2,2.1,1.1,24.4
,80.36339,6.69532,3.2,2.1,1.1,19.6
,80.31902,6.68566,3.2,2.1,1.1,24.2
,80.2225,6.36054,3.2,2.1,1.1,58.3
,80.30725,6.70189,3.2,2.1,1.1,24.3
,80.21348,6.36583,3.2,2.1,1.1,58.4
,80.3838,6.66119,3.2,2.1,1.1,20.8
,80.0699,6.66781,3.2,2.1,1.1,50.0
,80.05712,6.65393,3.2,2.1,1.1,51.8
,80.34582,6.67517,3.2,2.1,1.1,22.6
,80.34599,6.67529,3.2,2.1,1.1,22.5
,80.38394,6.66123,3.2,2.1,1.1,20.8
,80.38373,6.6607,3.2,2.1,1.1,20.8
,80.37024,6.64425,3.2,2.1,1.1,23.2
,80.35293,6.64661,3.2,2.1,1.1,24.2
,80.30734,6.70191,3.2,2.1,1.1,24.3
,80.29851,6.71164,3.2,2.1,1.1,24.7
,80.21997,6.72013,3.2,2.1,1.1,32.4
,80.11416,6.61771,3.2,2.1,1.1,47.6
,80.08015,6.64774,3.2,2.1,1.1,49.7
,80.84472,6.31976,3.2,2.1,1.1,66.3
hub 1 of sltc,80.09139,6.85469,9.6,8.5,1.1,45.4
,80.27428,7.81973,3.2,2.1,1.1,114.5
,79.90827,6.85837,3.2,2.1,1.1,65.6
,80.27328,7.81239,3.2,2.1,1.1,113.7
,80.27276,7.81207,3.2,2.1,1.1,113.7
,80.27322,7.81491,3.2,2.1,1.1,114.0
,79.96075,7.05679,3.2,2.2,1.0,65.5
,80.15114,7.36448,3.2,2.2,1.0,72.4
,79.95387,7.05909,3.2,2.2,1.0,66.3
,80.00102,7.04926,3.2,2.2,1.0,61.1
,80.01355,7.01781,3.2,2.2,1.0,58.4
,79.95687,7.07145,3.2,2.2,1.0,66.6
,79.95156,7.06422,3.2,2.2,1.0,66.8
,79.94976,7.05927,3.2,2.2,1.0,66.7
,79.95002,7.05932,3.2,2.2,1.0,66.7
,80.05472,7.11481,3.2,2.2,1.0,59.6
,80.05463,7.11492,3.2,2.2,1.0,59.6
,80.05455,7.11475,3.2,2.2,1.0,59.6
,79.96205,7.07175,6.4,5.4,1.0,66.1
,79.96205,7.07189,6.4,5.4,1.0,66.1
,79.9674,7.06315,3.2,2.2,1.0,65.1
,79.97972,7.06077,3.2,2.2,1.0,63.8
,79.98043,7.04718,3.2,2.2,1.0,63.1
,79.96642,7.0671,3.2,2.2,1.0,65.4
,79.9673,7.05903,3.2,2.2,1.0,65.0
,79.96654,7.06201,3.2,2.2,1.0,65.2
,79.96654,7.06218,3.2,2.2,1.0,65.2
,79.9774,7.0972,3.2,2.2,1.0,65.9
,79.98874,7.07919,3.2,2.2,1.0,63.8
,79.96556,7.04977,3.2,2.2,1.0,64.7
,79.98788,7.0812,3.2,2.2,1.0,64.0
,79.96905,7.08143,3.2,2.2,1.0,65.9
,79.96491,7.07969,3.2,2.2,1.0,66.2
,79.97145,7.05674,3.2,2.2,1.0,64.4
,79.97128,7.05677,3.2,2.2,1.0,64.5
,79.95998,7.06458,6.4,5.4,1.0,66.0
,79.95984,7.06453,6.4,5.4,1.0,66.0
,79.95987,7.06445,6.4,5.4,1.0,66.0
,79.97482,7.06983,3.2,2.2,1.0,64.7
,79.97475,7.06958,3.2,2.2,1.0,64.7
,79.97976,7.07287,3.2,2.2,1.0,64.4
,79.97911,7.07136,6.4,5.4,1.0,64.4
,79.95318,7.09344,6.4,5.4,1.0,68.0
,79.96569,7.09154,3.2,2.2,1.0,66.7
,79.97599,7.09333,3.2,2.2,1.0,65.8
,79.98916,7.06607,3.2,2.2,1.0,63.1
,79.99143,7.06168,3.2,2.2,1.0,62.7
,80.01206,7.04657,3.2,2.2,1.0,59.9
,79.93361,7.07274,3.2,2.2,1.0,69.0
,79.99207,7.06091,3.2,2.2,1.0,62.6
,80.00499,7.09274,3.2,2.2,1.0,63.0
,79.94792,7.07799,3.2,2.2,1.0,67.8
,79.9426,7.09399,3.2,2.2,1.0,69.1
,80.00339,7.09175,3.2,2.2,1.0,63.1
,79.95163,7.07679,3.2,2.2,1.0,67.4
,79.95071,7.07725,6.4,5.4,1.0,67.5
,79.95056,7.07727,6.4,5.4,1.0,67.5
,79.95273,7.07764,3.2,2.2,1.0,67.3
,79.95293,7.07752,3.2,2.2,1.0,67.3
,79.95272,7.07748,3.2,2.2,1.0,67.3
,79.94288,7.09174,3.2,2.2,1.0,69.0
,79.95763,7.07821,3.2,2.2,1.0,66.8
,79.94545,7.08554,3.2,2.2,1.0,68.4
,79.96631,7.07697,3.2,2.2,1.0,65.9
,79.96491,7.07864,3.2,2.2,1.0,66.1
,80.00623,7.10155,3.2,2.2,1.0,63.4
,80.00633,7.10153,3.2,2.2,1.0,63.3
,79.95291,7.08153,3.2,2.2,1.0,67.5
,79.95274,7.08155,3.2,2.2,1.0,67.5
,79.95664,7.07975,3.2,2.2,1.0,67.0
,79.9515,7.08204,3.2,2.2,1.0,67.6
,79.95437,7.08221,3.2,2.2,1.0,67.4
,80.01198,7.10179,3.2,2.2,1.0,62.8
,80.01121,7.0577,3.2,2.2,1.0,60.5
,80.01874,7.10134,3.2,2.2,1.0,62.2
,80.0142,7.09622,3.2,2.2,1.0,62.3
,80.03553,7.07962,3.2,2.2,1.0,59.3
,80.03569,7.07969,3.2,2.2,1.0,59.3
,80.01382,7.09809,3.2,2.2,1.0,62.4
,79.95611,7.07587,3.2,2.2,1.0,66.9
,79.93512,7.10235,3.2,2.2,1.0,70.3
,80.00103,7.09396,3.2,2.2,1.0,63.4
,79.93486,7.10529,3.2,2.2,1.0,70.4
,79.93489,7.10572,3.2,2.2,1.0,70.5
,79.95401,7.08099,3.2,2.2,1.0,67.3
,79.95389,7.08098,3.2,2.2,1.0,67.4
,80.01041,7.09403,3.2,2.2,1.0,62.5
,79.98212,7.06378,3.2,2.2,1.0,63.7
,79.98131,7.06439,3.2,2.2,1.0,63.8
,79.98142,7.06431,3.2,2.2,1.0,63.8
,79.95514,7.07593,3.2,2.2,1.0,67.0
,79.95489,7.0762,3.2,2.2,1.0,67.0
,79.95487,7.0758,3.2,2.2,1.0,67.0
,79.95514,7.07624,3.2,2.2,1.0,67.0
,79.9549,7.0761,3.2,2.2,1.0,67.0
,79.95475,7.07593,3.2,2.2,1.0,67.0
,79.95472,7.076,3.2,2.2,1.0,67.0
,79.9926,7.06777,3.2,2.2,1.0,62.9
,79.9944,7.06443,3.2,2.2,1.0,62.5
,79.99136,7.05023,3.2,2.2,1.0,62.1
,79.95072,7.07112,6.4,5.4,1.0,67.2
,79.95353,7.07841,3.2,2.2,1.0,67.3
,79.95375,7.07837,3.2,2.2,1.0,67.2
,80.02127,7.1076,3.2,2.2,1.0,62.3
,79.94217,7.07343,3.2,2.2,1.0,68.2
,79.93884,7.07928,3.2,2.2,1.0,68.8
,80.02841,7.0957,3.2,2.2,1.0,60.9
,79.92659,7.10996,3.2,2.2,1.0,71.5
,79.92679,7.11015,3.2,2.2,1.0,71.5
,80.03312,7.07915,3.2,2.2,1.0,59.5
,80.03023,7.10931,3.2,2.2,1.0,61.5
,80.03009,7.10928,3.2,2.2,1.0,61.6
,79.9301,7.10493,3.2,2.2,1.0,70.9
,79.93375,7.10948,3.2,2.2,1.0,70.8
,79.9295,7.10227,3.2,2.2,1.0,70.8
,79.92934,7.10221,3.2,2.2,1.0,70.8
,79.93093,7.101,3.2,2.2,1.0,70.6
,79.93341,7.10644,3.2,2.2,1.0,70.6
,80.03024,7.09612,3.2,2.2,1.0,60.8
,79.94558,7.10326,3.2,2.2,1.0,69.3
,79.94291,7.10282,3.2,2.2,1.0,69.5
,79.94311,7.10281,3.2,2.2,1.0,69.5
,80.00389,7.0522,3.2,2.2,1.0,61.0
,80.00728,7.06847,3.2,2.2,1.0,61.5
,80.00706,7.06839,3.2,2.2,1.0,61.5
,80.00727,7.06834,3.2,2.2,1.0,61.5
,80.01784,7.05106,3.2,2.2,1.0,59.6
,79.93871,7.10354,3.2,2.2,1.0,70.0
,79.93855,7.10361,3.2,2.2,1.0,70.0
,80.00387,7.07231,3.2,2.2,1.0,62.0
,80.00394,7.07212,3.2,2.2,1.0,62.0
,79.93686,7.10499,3.2,2.2,1.0,70.2
,80.0034,7.06364,3.2,2.2,1.0,61.6
,80.01402,7.05494,3.2,2.2,1.0,60.1
,79.94117,7.10195,3.2,2.2,1.0,69.7
,80.01271,7.0863,6.4,5.4,1.0,61.9
,80.03759,7.10981,3.2,2.2,1.0,60.9
,79.93956,7.10634,3.2,2.2,1.0,70.0
,80.0225,7.04949,3.2,2.2,1.0,59.0
,80.0022,7.06754,3.2,2.2,1.0,61.9
,79.99539,7.07296,3.2,2.2,1.0,62.9
,79.98248,7.07848,3.2,2.2,1.0,64.4
,79.9929,7.06847,3.2,2.2,1.0,62.9
,79.92464,7.07185,6.4,5.4,1.0,69.8
,79.9445,7.09584,3.2,2.2,1.0,69.0
,79.9638,7.07845,3.2,2.2,1.0,66.2
,79.97782,7.06536,3.2,2.2,1.0,64.2
,79.97698,7.06367,3.2,2.2,1.0,64.2
,79.977,7.06385,3.2,2.2,1.0,64.2
,80.00005,7.09072,3.2,2.2,1.0,63.3
,80.00013,7.09054,3.2,2.2,1.0,63.3
,80.00186,7.06655,3.2,2.2,1.0,61.9
,80.00167,7.06651,3.2,2.2,1.0,61.9
,80.00177,7.06649,3.2,2.2,1.0,61.9
,80.00167,7.06638,3.2,2.2,1.0,61.9
,79.93163,7.07247,6.4,5.4,1.0,69.2
,79.93143,7.07247,3.2,2.2,1.0,69.2
,79.97521,7.09071,3.2,2.2,1.0,65.8
,79.97505,7.09072,3.2,2.2,1.0,65.8
,80.00714,7.08121,3.2,2.2,1.0,62.2
,80.00697,7.08353,3.2,2.2,1.0,62.3
,80.04821,7.11403,3.2,2.2,1.0,60.2
,80.01404,7.09064,3.2,2.2,1.0,62.0
,80.04528,7.10571,6.4,5.4,1.0,59.9
Divinguma Bank,80.01051,7.0833,3.2,2.2,1.0,61.9
Post Office,80.01043,7.08344,3.2,2.2,1.0,62.0
,79.93073,7.10101,3.2,2.2,1.0,70.6
,79.89398,7.15848,3.2,2.2,1.0,77.2
,79.89402,7.15859,3.2,2.2,1.0,77.2
,80.00205,7.05741,3.2,2.2,1.0,61.4
,80.00199,7.05757,3.2,2.2,1.0,61.4
,80.04971,7.0954,3.2,2.2,1.0,58.9
,80.05091,7.0955,3.2,2.2,1.0,58.8
,79.96547,7.0564,3.2,2.2,1.0,65.0
,79.96533,7.05636,3.2,2.2,1.0,65.0
,79.96532,7.05649,3.2,2.2,1.0,65.0
,79.96542,7.05649,3.2,2.2,1.0,65.0
Lanka dewa sabhawa,79.89255,7.07196,3.2,2.2,1.0,73.1
,79.99677,7.05317,6.4,5.4,1.0,61.7
,79.99513,7.05248,3.2,2.2,1.0,61.9
,79.99534,7.05239,3.2,2.2,1.0,61.8
,79.99532,7.05181,3.2,2.2,1.0,61.8
,79.92156,7.0741,3.2,2.2,1.0,70.2
,79.91538,7.07431,3.2,2.2,1.0,70.9
,79.90979,7.15247,3.2,2.2,1.0,75.4
,80.03825,7.0853,6.4,5.4,1.0,59.4
,80.03652,7.08779,3.2,2.2,1.0,59.7
,80.0355,7.0894,6.4,5.4,1.0,59.9
,80.03635,7.0876,3.2,2.2,1.0,59.7
,80.03641,7.08782,3.2,2.2,1.0,59.7
,80.0342,7.08676,9.6,8.6,1.0,59.9
,80.03425,7.08612,3.2,2.2,1.0,59.8
,80.03418,7.08616,3.2,2.2,1.0,59.8
,80.03526,7.08933,6.4,5.4,1.0,59.9
,80.03189,7.08649,6.4,5.4,1.0,60.1
,80.03177,7.08675,6.4,5.4,1.0,60.1
,80.03263,7.08884,3.2,2.2,1.0,60.1
J-con Aluminium,80.03136,7.0873,3.2,2.2,1.0,60.2
,80.01618,7.08956,6.4,5.4,1.0,61.7
,80.0139,7.08671,6.4,5.4,1.0,61.8
,80.01487,7.08481,6.4,5.4,1.0,61.6
,80.01404,7.08667,6.4,5.4,1.0,61.8
,80.01369,7.08593,6.4,5.4,1.0,61.8
,80.04009,7.0769,6.4,5.4,1.0,58.7
,79.90363,7.14773,3.2,2.2,1.0,75.7
,79.90366,7.14766,3.2,2.2,1.0,75.7
,79.93265,7.08207,3.2,2.2,1.0,69.5
,79.93276,7.08222,3.2,2.2,1.0,69.5
,79.93269,7.082,3.2,2.2,1.0,69.5
,80.02061,7.0634,3.2,2.2,1.0,59.9
,79.93208,7.08958,3.2,2.2,1.0,69.9
,79.89901,7.14803,3.2,2.2,1.0,76.2
,79.89893,7.14803,3.2,2.2,1.0,76.2
,79.88936,7.1066,3.2,2.2,1.0,75.0
,80.02233,7.06588,3.2,2.2,1.0,59.9
,79.92964,7.08963,3.2,2.2,1.0,70.2
,79.93062,7.0876,6.4,5.4,1.0,70.0
,79.92938,7.08702,3.2,2.2,1.0,70.1
,79.92957,7.08697,3.2,2.2,1.0,70.1
,80.01547,7.07231,3.2,2.2,1.0,60.9
,80.01551,7.07212,3.2,2.2,1.0,60.9
,80.01634,7.06348,3.2,2.2,1.0,60.3
,80.03249,7.07839,6.4,5.4,1.0,59.6
,80.03306,7.07902,3.2,2.2,1.0,59.5
,80.03417,7.0767,3.2,2.2,1.0,59.3
,79.92121,7.08779,3.2,2.2,1.0,70.9
,79.92135,7.0878,3.2,2.2,1.0,70.9
,80.01897,7.08209,3.2,2.2,1.0,61.1
,80.01909,7.08193,3.2,2.2,1.0,61.0
,80.01453,7.0631,3.2,2.2,1.0,60.5
,80.02404,7.06975,3.2,2.2,1.0,59.9
,80.01462,7.06306,3.2,2.2,1.0,60.5
,80.04713,7.09317,3.2,2.2,1.0,59.0
,80.04834,7.09347,3.2,2.2,1.0,58.9
,80.04702,7.09308,3.2,2.2,1.0,59.0
,79.91561,7.08001,3.2,2.2,1.0,71.1
,80.05401,7.09088,3.2,2.2,1.0,58.2
,80.00213,7.04666,3.2,2.2,1.0,60.9
,80.00097,7.0492,3.2,2.2,1.0,61.1
,79.99601,7.04377,3.2,2.2,1.0,61.4
,80.02368,7.02673,3.2,2.2,1.0,57.8
,80.02382,7.02672,3.2,2.2,1.0,57.8
,80.02382,7.02659,3.2,2.2,1.0,57.8
,79.97275,7.05293,3.2,2.2,1.0,64.1
,80.02314,7.03245,3.2,2.2,1.0,58.1
,79.91882,7.1478,3.2,2.2,1.0,74.3
,79.91874,7.14778,3.2,2.2,1.0,74.3
,79.98178,7.04466,3.2,2.2,1.0,62.8
,79.98162,7.04466,3.2,2.2,1.0,62.9
,79.98541,7.04717,3.2,2.2,1.0,62.6
,79.98485,7.04715,3.2,2.2,1.0,62.6
,79.9824,7.03578,3.2,2.2,1.0,62.4
,79.98244,7.03589,3.2,2.2,1.0,62.4
,79.98207,7.03998,3.2,2.2,1.0,62.6
,79.98193,7.03997,3.2,2.2,1.0,62.6
,79.98263,7.03588,3.2,2.2,1.0,62.4
,79.91212,7.07324,3.2,2.2,1.0,71.2
,79.97782,7.04528,3.2,2.2,1.0,63.3
,79.97967,7.04404,3.2,2.2,1.0,63.0
,79.9797,7.04611,3.2,2.2,1.0,63.1
,79.97658,7.04441,3.2,2.2,1.0,63.4
,79.97969,7.04603,3.2,2.2,1.0,63.1
,79.97419,7.02817,3.2,2.2,1.0,62.9
,79.97401,7.02822,3.2,2.2,1.0,62.9
,79.97092,7.04164,3.2,2.2,1.0,63.8
,79.97227,7.03657,3.2,2.2,1.0,63.4
,79.93489,7.09024,3.2,2.2,1.0,69.7
,79.99605,7.04359,3.2,2.2,1.0,61.4
,80.00519,7.04324,3.2,2.2,1.0,60.4
,79.96222,7.04519,3.2,2.2,1.0,64.8
,79.93262,7.09467,3.2,2.2,1.0,70.1
,79.92875,7.09021,3.2,2.2,1.0,70.3
,80.02061,7.03901,3.2,2.2,1.0,58.7
,80.02048,7.03914,3.2,2.2,1.0,58.7
,79.98697,7.03668,3.2,2.2,1.0,62.0
,79.98684,7.03666,3.2,2.2,1.0,62.0
,80.02205,7.03832,3.2,2.2,1.0,58.5
,79.96181,7.03889,3.2,2.2,1.0,64.6
,80.0264,7.03672,3.2,2.2,1.0,58.0
,80.02672,7.03617,3.2,2.2,1.0,57.9
,80.02648,7.03656,3.2,2.2,1.0,58.0
,80.02661,7.03675,3.2,2.2,1.0,58.0
,79.98662,7.04069,3.2,2.2,1.0,62.2
,79.97512,7.0315,3.2,2.2,1.0,62.9
,79.9753,7.03132,3.2,2.2,1.0,62.9
,79.89123,7.09312,3.2,2.2,1.0,74.2
,79.96711,7.03467,3.2,2.2,1.0,63.9
,79.96697,7.03459,3.2,2.2,1.0,63.9
,79.90241,7.07225,3.2,2.2,1.0,72.1
,79.90015,7.16651,3.2,2.2,1.0,77.1
,79.98348,7.03285,3.2,2.2,1.0,62.1
,79.98155,7.03401,3.2,2.2,1.0,62.4
,79.97816,7.03287,3.2,2.2,1.0,62.7
,79.89263,7.0721,3.2,2.2,1.0,73.1
,80.00003,7.03704,3.2,2.2,1.0,60.7
,79.99637,7.03697,3.2,2.2,1.0,61.0
,79.99637,7.03686,3.2,2.2,1.0,61.0
,79.99193,7.03988,3.2,2.2,1.0,61.6
,80.00011,7.03696,3.2,2.2,1.0,60.6
,80.00107,7.02793,3.2,2.2,1.0,60.1
,80.00096,7.028,3.2,2.2,1.0,60.2
,80.0022,7.02566,3.2,2.2,1.0,59.9
,80.00172,7.03291,6.4,5.4,1.0,60.3
,80.00042,7.03507,3.2,2.2,1.0,60.5
,80.00051,7.0351,3.2,2.2,1.0,60.5
,79.94892,7.07255,3.2,2.2,1.0,67.4
,80.03009,7.10951,3.2,2.2,1.0,61.6
,79.99404,7.0945,3.2,2.2,1.0,64.1
,79.94244,7.094,3.2,2.2,1.0,69.1
,79.95362,7.05947,3.2,2.2,1.0,66.4
,79.94811,7.06093,3.2,2.2,1.0,67.0
,79.96037,7.05702,3.2,2.2,1.0,65.6
,79.96082,7.05669,3.2,2.2,1.0,65.5
,80.00019,7.09054,3.2,2.2,1.0,63.3
,80.0009,7.09237,3.2,2.2,1.0,63.4
,79.91287,7.15203,3.2,2.2,1.0,75.1
,79.95826,7.08002,3.2,2.2,1.0,66.9
,80.03392,7.04394,3.2,2.2,1.0,57.6
,80.03053,7.04083,3.2,2.2,1.0,57.8
,80.03043,7.04071,3.2,2.2,1.0,57.8
,80.03057,7.04063,3.2,2.2,1.0,57.8
,80.0306,7.04078,3.2,2.2,1.0,57.8
,79.99274,7.08602,3.2,2.2,1.0,63.8
,79.99266,7.08593,3.2,2.2,1.0,63.8
,79.9929,7.08627,3.2,2.2,1.0,63.8
,79.99308,7.08619,3.2,2.2,1.0,63.8
,80.0023,7.06755,3.2,2.2,1.0,61.9
,79.96233,7.07544,3.2,2.2,1.0,66.2
,79.95794,7.07836,3.2,2.2,1.0,66.8
,80.03306,7.07889,3.2,2.2,1.0,59.5
,79.90288,7.13289,3.2,2.2,1.0,75.0
,79.99353,7.03375,3.2,2.2,1.0,61.2
,79.99465,7.03204,3.2,2.2,1.0,61.0
,79.93992,7.07108,3.2,2.2,1.0,68.3
,79.94036,7.07052,3.2,2.2,1.0,68.2
,79.94038,7.07044,3.2,2.2,1.0,68.2
,79.94433,7.0672,3.2,2.2,1.0,67.6
,79.94633,7.07183,3.2,2.2,1.0,67.7
,79.94582,7.0672,6.4,5.4,1.0,67.5
,79.93949,7.06757,3.2,2.2,1.0,68.1
,79.9407,7.06387,3.2,2.2,1.0,67.9
,79.94051,7.06393,3.2,2.2,1.0,67.9
,79.93961,7.06744,3.2,2.2,1.0,68.1
,80.00937,7.02758,3.2,2.2,1.0,59.3
,80.0126,7.03328,3.2,2.2,1.0,59.2
,80.00843,7.03206,3.2,2.2,1.0,59.6
,80.00852,7.03328,3.2,2.2,1.0,59.6
,80.00859,7.03331,3.2,2.2,1.0,59.6
,80.0087,7.03336,3.2,2.2,1.0,59.6
,80.0127,7.03326,3.2,2.2,1.0,59.2
,80.01152,7.03525,3.2,2.2,1.0,59.4
,80.00866,7.03354,3.2,2.2,1.0,59.6
,80.01976,7.02404,3.2,2.2,1.0,58.1
,79.92625,7.06377,3.2,2.2,1.0,69.3
,80.00313,7.02598,3.2,2.2,1.0,59.8
,80.02394,7.02402,3.2,2.2,1.0,57.7
,79.9283,7.06284,3.2,2.2,1.0,69.1
,80.02877,7.03021,3.2,2.2,1.0,57.5
,80.02885,7.03137,6.4,5.4,1.0,57.5
,80.02874,7.03013,3.2,2.2,1.0,57.5
,80.02695,7.02751,3.2,2.2,1.0,57.5
,80.02769,7.02802,3.2,2.2,1.0,57.5
,80.02762,7.02807,3.2,2.2,1.0,57.5
,79.98288,7.05988,3.2,2.2,1.0,63.4
,79.92161,7.07417,3.2,2.2,1.0,70.2
,79.92149,7.07422,3.2,2.2,1.0,70.3
,79.97784,7.03868,3.2,2.2,1.0,63.0
,79.92367,7.08317,3.2,2.2,1.0,70.5
,80.02532,7.0957,3.2,2.2,1.0,61.2
,80.02527,7.09587,3.2,2.2,1.0,61.2
,79.94789,7.06101,3.2,2.2,1.0,67.0
,79.96499,7.04915,3.2,2.2,1.0,64.7
,79.94664,7.06106,6.4,5.4,1.0,67.1
,79.92867,7.09027,3.2,2.2,1.0,70.3
,79.9787,7.0926,3.2,2.2,1.0,65.5
,80.00483,7.09273,3.2,2.2,1.0,63.0
,80.01442,7.09666,3.2,2.2,1.0,62.3
,80.01739,7.09722,3.2,2.2,1.0,62.0
,80.00674,7.08632,3.2,2.2,1.0,62.5
,80.01754,7.09724,3.2,2.2,1.0,62.0
,80.01801,7.10064,3.2,2.2,1.0,62.2
,79.98914,7.07556,3.2,2.2,1.0,63.6
,79.99552,7.07304,3.2,2.2,1.0,62.9
,79.99545,7.07299,3.2,2.2,1.0,62.9
happy bright hotel,79.95895,7.09212,3.2,2.2,1.0,67.4
,80.03568,7.08863,6.4,5.4,1.0,59.8
,80.00931,7.10237,3.2,2.2,1.0,63.1
,79.99648,7.08813,3.2,2.2,1.0,63.6
,80.00513,7.08888,3.2,2.2,1.0,62.8
,80.00549,7.08944,3.2,2.2,1.0,62.8
,80.0052,7.08909,3.2,2.2,1.0,62.8
,80.0083,7.06544,3.2,2.2,1.0,61.2
,80.01606,7.08955,6.4,5.4,1.0,61.7
,79.98066,7.0654,3.2,2.2,1.0,63.9
,80.01188,7.07352,3.2,2.2,1.0,61.3
,80.01171,7.07348,3.2,2.2,1.0,61.3
,80.0038,7.05207,3.2,2.2,1.0,61.0
,79.97787,7.06654,3.2,2.2,1.0,64.3
,80.00107,7.0492,3.2,2.2,1.0,61.1
,80.00103,7.04916,3.2,2.2,1.0,61.1
,80.04147,7.11334,3.2,2.2,1.0,60.7
,79.98029,7.0473,3.2,2.2,1.0,63.1
,79.93963,7.08225,3.2,2.2,1.0,68.8
,79.93962,7.08221,3.2,2.2,1.0,68.8
,80.00815,7.06545,3.2,2.2,1.0,61.2
,80.00145,7.06403,3.2,2.2,1.0,61.8
,80.02202,7.03844,3.2,2.2,1.0,58.5
Sanasa,80.00469,7.06871,3.2,2.2,1.0,61.7
,80.04334,7.10747,6.4,5.4,1.0,60.2
,80.02825,7.09576,3.2,2.2,1.0,60.9
,80.03244,7.07579,3.2,2.2,1.0,59.4
,80.03391,7.04416,3.2,2.2,1.0,57.6
,79.96082,7.07791,6.4,5.4,1.0,66.5
,80.01912,7.0636,6.4,5.4,1.0,60.1
,80.02041,7.06331,3.2,2.2,1.0,59.9
,79.95748,7.0578,3.2,2.2,1.0,65.9
,79.99148,7.05016,3.2,2.2,1.0,62.1
,80.01581,7.05605,3.2,2.2,1.0,60.0
,79.97689,7.04498,3.2,2.2,1.0,63.3
,79.96267,7.04241,3.2,2.2,1.0,64.7
,79.97429,7.02656,3.2,2.2,1.0,62.8
,80.00029,7.03685,3.2,2.2,1.0,60.6
,79.94024,7.07049,3.2,2.2,1.0,68.2
,79.93475,7.10514,3.2,2.2,1.0,70.4
,79.92856,7.0629,3.2,2.2,1.0,69.0
,79.93953,7.10616,3.2,2.2,1.0,70.0
,80.01596,7.01726,3.2,2.2,1.0,58.2
,80.00268,7.0111,3.2,2.2,1.0,59.3
,80.01925,7.01797,3.2,2.2,1.0,57.9
Sawmill,79.93857,7.10347,3.2,2.2,1.0,70.0
,79.89855,7.17331,3.2,2.2,1.0,77.6
,79.9454,7.08575,3.2,2.2,1.0,68.4
,79.95397,7.08118,3.2,2.2,1.0,67.4
,79.96163,7.03817,3.2,2.2,1.0,64.6
,79.96805,7.07941,3.2,2.2,1.0,65.9
,79.9647,7.04895,3.2,2.2,1.0,64.8
Bank of Ceylon,79.89052,7.08173,9.6,8.6,1.0,73.7
,79.92849,7.06279,3.2,2.2,1.0,69.0
,79.92853,7.06497,3.2,2.2,1.0,69.1
,79.99469,7.03213,3.2,2.2,1.0,61.0
,80.03664,7.09176,3.2,2.2,1.0,59.9
,80.03926,7.09003,3.2,2.2,1.0,59.6
,80.03564,7.07959,3.2,2.2,1.0,59.3
,80.03251,7.07578,3.2,2.2,1.0,59.4
,79.97669,7.05054,3.2,2.2,1.0,63.6
,79.89039,7.08269,3.2,2.2,1.0,73.8
,79.89033,7.08269,3.2,2.2,1.0,73.8
Rice Mills,79.94764,7.09968,3.2,2.2,1.0,68.9
,80.01178,7.07367,3.2,2.2,1.0,61.3
,80.01868,7.10137,3.2,2.2,1.0,62.2
,79.88774,7.08128,3.2,2.2,1.0,74.0
,80.02391,7.11034,3.2,2.2,1.0,62.2
,80.02383,7.11018,3.2,2.2,1.0,62.2
,79.96633,7.06202,3.2,2.2,1.0,65.2
,79.96634,7.06212,3.2,2.2,1.0,65.2
,79.89059,7.09623,3.2,2.2,1.0,74.4
,79.89053,7.09601,3.2,2.2,1.0,74.4
,80.04701,7.09323,3.2,2.2,1.0,59.0
,80.04694,7.09319,3.2,2.2,1.0,59.0
,80.04848,7.09354,3.2,2.2,1.0,58.9
,80.0484,7.09332,3.2,2.2,1.0,58.9
,79.88924,7.10683,3.2,2.2,1.0,75.0
,79.88918,7.10721,3.2,2.2,1.0,75.0
,79.88964,7.10737,3.2,2.2,1.0,75.0
,79.88923,7.10673,3.2,2.2,1.0,75.0
,79.88918,7.10737,3.2,2.2,1.0,75.1
,79.8895,7.10723,3.2,2.2,1.0,75.0
,79.88776,7.09506,3.2,2.2,1.0,74.6
,79.88751,7.09497,3.2,2.2,1.0,74.6
,79.89049,7.09951,3.2,2.2,1.0,74.5
,79.89052,7.09933,3.2,2.2,1.0,74.5
,79.88462,7.09716,3.2,2.2,1.0,75.0
,79.88467,7.09732,3.2,2.2,1.0,75.0
,79.9944,7.06419,3.2,2.2,1.0,62.5
,80.02978,7.09584,3.2,2.2,1.0,60.8
,79.88941,7.09696,3.2,2.2,1.0,74.5
,79.88959,7.09689,3.2,2.2,1.0,74.5
,79.88952,7.09703,3.2,2.2,1.0,74.5
,79.9932,7.08508,3.2,2.2,1.0,63.7
,79.91321,7.06803,3.2,2.2,1.0,70.8
,80.0027,7.08583,3.2,2.2,1.0,62.8
,79.88946,7.09694,3.2,2.2,1.0,74.5
,79.88903,7.09791,3.2,2.2,1.0,74.6
,79.88749,7.0802,3.2,2.2,1.0,74.0
,79.91084,7.09121,3.2,2.2,1.0,72.1
,79.88163,7.0591,3.2,2.2,1.0,73.6
,79.88162,7.05915,3.2,2.2,1.0,73.6
,79.90393,7.08448,3.2,2.2,1.0,72.5
,79.91027,7.08451,3.2,2.2,1.0,71.9
,79.91021,7.08459,3.2,2.2,1.0,71.9
,79.913,7.08335,3.2,2.2,1.0,71.5
,79.91304,7.08353,3.2,2.2,1.0,71.5
,79.88167,7.05923,3.2,2.2,1.0,73.6
,79.88182,7.05924,3.2,2.2,1.0,73.6
,79.89389,7.06371,3.2,2.2,1.0,72.6
,79.89383,7.06367,3.2,2.2,1.0,72.6
,79.89395,7.06358,3.2,2.2,1.0,72.6
,79.89384,7.06355,3.2,2.2,1.0,72.6
,79.89786,7.08356,3.2,2.2,1.0,73.1
,79.89807,7.08355,3.2,2.2,1.0,73.0
,79.89743,7.08664,3.2,2.2,1.0,73.2
garage,79.89738,7.08656,3.2,2.2,1.0,73.2
,79.89683,7.05768,3.2,2.2,1.0,72.0
,79.99011,7.04738,3.2,2.2,1.0,62.1
,79.99945,7.08658,3.2,2.2,1.0,63.2
,79.9183,7.12244,3.2,2.2,1.0,73.0
,79.91832,7.12255,3.2,2.2,1.0,73.0
,80.01356,7.08614,6.4,5.4,1.0,61.8
,79.92056,7.12016,3.2,2.2,1.0,72.6
,79.92032,7.11948,3.2,2.2,1.0,72.6
,79.92055,7.11957,3.2,2.2,1.0,72.6
,79.92044,7.11997,3.2,2.2,1.0,72.6
,80.04205,7.10291,6.4,5.4,1.0,60.1
,79.89057,7.09943,3.2,2.2,1.0,74.5
,79.89051,7.09927,3.2,2.2,1.0,74.5
,79.87813,7.12057,3.2,2.2,1.0,76.8
,79.87802,7.12055,3.2,2.2,1.0,76.8
,79.98934,7.07559,3.2,2.2,1.0,63.6
,79.91021,7.08439,3.2,2.2,1.0,71.9
,79.88621,7.12053,3.2,2.2,1.0,76.0
,79.92005,7.1201,3.2,2.2,1.0,72.7
,79.92033,7.12005,3.2,2.2,1.0,72.6
,79.9206,7.11993,3.2,2.2,1.0,72.6
,79.91908,7.12562,6.4,5.4,1.0,73.0
,79.92243,7.14545,3.2,2.2,1.0,73.8
,79.92084,7.12,3.2,2.2,1.0,72.6
,79.91824,7.11888,3.2,2.2,1.0,72.8
,79.92376,7.14683,3.2,2.2,1.0,73.7
,79.92162,7.14685,3.2,2.2,1.0,74.0
,79.91063,7.13103,3.2,2.2,1.0,74.1
,79.91078,7.13121,3.2,2.2,1.0,74.1
,79.88697,7.12823,3.2,2.2,1.0,76.3
,79.8869,7.12806,3.2,2.2,1.0,76.3
,79.92733,7.15276,3.2,2.2,1.0,73.7
,80.01587,7.01726,3.2,2.2,1.0,58.2
,79.88612,7.12055,3.2,2.2,1.0,76.0
,79.887,7.12806,3.2,2.2,1.0,76.3
,79.91327,7.06789,3.2,2.2,1.0,70.8
,79.92286,7.08223,3.2,2.2,1.0,70.5
,79.90389,7.0846,3.2,2.2,1.0,72.5
,79.90222,7.07228,3.2,2.2,1.0,72.1
,79.92395,6.88716,6.4,5.4,1.0,64.2
,80.05816,7.32696,3.2,2.2,1.0,75.2
,80.6673,7.45547,3.2,2.2,1.0,73.8
,80.66713,7.45529,3.2,2.2,1.0,73.8
,80.66973,7.45549,3.2,2.2,1.0,73.9
,79.92905,6.89251,3.2,2.2,1.0,63.7
,79.92898,6.89254,3.2,2.2,1.0,63.7
,80.2745,7.81641,3.2,2.2,1.0,114.1
ABC,80.4116,8.33254,14.0,13.0,1.0,168.7
,80.11516,6.61776,3.2,2.2,1.0,47.5
,80.11499,6.61771,3.2,2.2,1.0,47.5
,80.11428,6.61612,3.2,2.2,1.0,47.6
,80.11186,6.62508,3.2,2.2,1.0,47.5
,80.09185,6.69027,3.2,2.2,1.0,46.9
,80.09428,6.62104,3.2,2.2,1.0,49.4
,80.09658,6.63049,3.2,2.2,1.0,48.7
,80.09692,6.63187,3.2,2.2,1.0,48.6
,80.10126,6.63065,3.2,2.2,1.0,48.3
,80.09864,6.6316,3.2,2.2,1.0,48.5
,80.09875,6.63151,3.2,2.2,1.0,48.5
,80.09883,6.63157,3.2,2.2,1.0,48.5
,80.09958,6.63161,3.2,2.2,1.0,48.4
,80.07577,6.64347,3.2,2.2,1.0,50.3
,80.0756,6.64353,3.2,2.2,1.0,50.3
,80.10614,6.70853,3.2,2.2,1.0,44.9
,80.07742,6.65579,3.2,2.2,1.0,49.7
,80.08116,6.6856,3.2,2.2,1.0,48.2
,80.08773,6.68514,3.2,2.2,1.0,47.5
,80.0772,6.65073,3.2,2.2,1.0,49.9
,80.06536,6.66353,3.2,2.2,1.0,50.6
,80.06458,6.66335,3.2,2.2,1.0,50.7
,80.06449,6.66353,3.2,2.2,1.0,50.7
,80.0719,6.68385,3.2,2.2,1.0,49.3
,80.05767,6.65413,3.2,2.2,1.0,51.8
,80.06259,6.65518,3.2,2.2,1.0,51.2
,80.2188,6.35379,3.2,2.2,1.0,59.2
,80.36902,6.65966,3.2,2.2,1.0,22.0
,80.38588,6.64542,3.2,2.2,1.0,22.1
,80.39615,6.64713,3.2,2.2,1.0,21.3
,80.39608,6.64704,3.2,2.2,1.0,21.3
,80.39608,6.64693,3.2,2.2,1.0,21.3
,80.29317,6.37838,3.2,2.2,1.0,52.8
,80.36984,6.66492,6.4,5.4,1.0,21.5
,80.36344,6.67286,3.2,2.2,1.0,21.3
,80.35924,6.67113,3.2,2.2,1.0,21.8
,80.34998,6.67454,3.2,2.2,1.0,22.3
,80.33692,6.70346,3.2,2.2,1.0,21.5
,80.08779,6.67438,3.2,2.2,1.0,47.9
,80.11751,6.6308,3.2,2.2,1.0,46.6
,80.07564,6.64341,3.2,2.2,1.0,50.3
,80.08999,6.69589,3.2,2.2,1.0,47.0
,80.08998,6.69572,3.2,2.2,1.0,47.0
,80.07291,6.63906,3.2,2.2,1.0,50.8
,80.11428,6.61596,3.2,2.2,1.0,47.7
,80.05759,6.65397,3.2,2.2,1.0,51.8
,80.05767,6.65435,3.2,2.2,1.0,51.8
,80.0982,6.63024,3.2,2.2,1.0,48.6
,80.09868,6.63143,3.2,2.2,1.0,48.5
,80.09676,6.63174,3.2,2.2,1.0,48.7
,80.10118,6.63067,3.2,2.2,1.0,48.3
,80.31454,6.68712,3.2,2.2,1.0,24.5
,80.3304,6.71305,3.2,2.2,1.0,21.5
,80.27604,6.72615,3.2,2.2,1.0,26.4
,80.32518,6.71686,3.2,2.2,1.0,21.8
,80.33045,6.71316,3.2,2.2,1.0,21.5
,80.28967,6.72435,3.2,2.2,1.0,25.0
,80.36358,6.69447,3.2,2.2,1.0,19.7
,80.36348,6.69447,3.2,2.2,1.0,19.7
,80.28568,6.71313,3.2,2.2,1.0,25.9
,80.35976,6.68693,3.2,2.2,1.0,20.5
,80.26476,6.22682,3.2,2.2,1.0,69.5
,80.21401,6.37221,3.2,2.2,1.0,57.7
,80.36228,6.67384,3.2,2.2,1.0,21.3
,80.36969,6.66499,6.4,5.4,1.0,21.5
,80.07305,6.63915,3.2,2.2,1.0,50.8
,80.35963,6.68699,3.2,2.2,1.0,20.5
,80.36316,6.65887,3.2,2.2,1.0,22.5
,80.32533,6.71703,3.2,2.2,1.0,21.8
,80.36217,6.65196,3.2,2.2,1.0,23.1
,80.36757,6.66806,6.4,5.4,1.0,21.4
,80.35172,6.70012,3.2,2.2,1.0,20.3
,80.24901,6.23257,3.2,2.2,1.0,69.5
,80.08774,6.65048,3.2,2.2,1.0,48.8
,80.08929,6.84315,5.0,4.0,1.0,45.5
,80.08914,6.84302,5.0,4.0,1.0,45.5
Bank of Ceylon,80.00569,6.84247,6.0,5.0,1.0,54.7
,80.31285,7.81897,3.0,2.0,1.0,113.5
,79.99701,7.08496,3.2,2.2,1.0,63.3
,79.95983,7.05587,3.2,2.3,0.9,65.6
,79.95995,7.05585,3.2,2.3,0.9,65.5
,79.96005,7.05583,3.2,2.3,0.9,65.5
,79.96255,7.05742,3.2,2.3,0.9,65.4
,79.9627,7.05758,3.2,2.3,0.9,65.4
,79.95112,7.05804,3.2,2.3,0.9,66.5
,79.9515,7.05836,3.2,2.3,0.9,66.5
,79.96266,7.06234,3.2,2.3,0.9,65.6
,80.00806,7.08864,3.2,2.3,0.9,62.5
,79.96148,7.06828,3.2,2.3,0.9,66.0
,79.96122,7.06206,6.4,5.5,0.9,65.7
,80.01219,7.0156,3.2,2.3,0.9,58.5
,80.05306,7.11888,3.2,2.3,0.9,60.0
,79.94934,7.06631,3.2,2.3,0.9,67.1
,79.9513,7.05797,3.2,2.3,0.9,66.5
,79.95745,7.05861,3.2,2.3,0.9,65.9
,80.05749,7.11396,3.2,2.3,0.9,59.3
,79.97134,7.05786,3.2,2.3,0.9,64.5
,79.96512,7.06329,3.2,2.3,0.9,65.4
,79.97918,7.06217,3.2,2.3,0.9,63.9
,79.9761,7.05994,3.2,2.3,0.9,64.1
,79.97345,7.04976,3.2,2.3,0.9,63.9
,79.97374,7.04923,3.2,2.3,0.9,63.9
,79.9646,7.06708,3.2,2.3,0.9,65.6
,79.96463,7.06696,3.2,2.3,0.9,65.6
,79.9652,7.06742,3.2,2.3,0.9,65.6
,79.9595,7.06128,3.2,2.3,0.9,65.8
,79.96617,7.05991,3.2,2.3,0.9,65.1
,79.96982,7.07966,3.2,2.3,0.9,65.7
,79.96824,7.04913,3.2,2.3,0.9,64.4
,79.96576,7.0471,3.2,2.3,0.9,64.6
,79.96574,7.04657,3.2,2.3,0.9,64.5
,79.96564,7.04676,3.2,2.3,0.9,64.6
,79.98622,7.08049,3.2,2.3,0.9,64.1
,79.96161,7.06748,3.2,2.3,0.9,65.9
,79.97237,7.07126,3.2,2.3,0.9,65.0
,79.97237,7.07144,3.2,2.3,0.9,65.1
,79.98597,7.06947,3.2,2.3,0.9,63.6
,79.9661,7.09341,3.2,2.3,0.9,66.8
,79.96615,7.09325,3.2,2.3,0.9,66.8
,79.99088,7.06279,3.2,2.3,0.9,62.8
,79.99085,7.0626,3.2,2.3,0.9,62.8
,79.97888,7.06663,3.2,2.3,0.9,64.2
,80.01241,7.05481,3.2,2.3,0.9,60.3
,80.00953,7.04688,3.2,2.3,0.9,60.2
,80.00966,7.04691,3.2,2.3,0.9,60.2
,79.99343,7.06118,3.2,2.3,0.9,62.5
Sun Bakary,80.30113,7.33664,3.2,2.3,0.9,62.3
,79.94416,7.09373,3.2,2.3,0.9,68.9
,79.94402,7.0939,3.2,2.3,0.9,69.0
,79.95247,7.09471,3.2,2.3,0.9,68.2
,80.00048,7.09615,3.2,2.3,0.9,63.6
,80.0045,7.09776,3.2,2.3,0.9,63.3
,79.96447,7.0748,3.2,2.3,0.9,66.0
,79.96406,7.07854,3.2,2.3,0.9,66.2
,80.03736,7.08246,3.2,2.3,0.9,59.3
,79.94327,7.08478,3.2,2.3,0.9,68.6
,79.9592,7.07391,3.2,2.3,0.9,66.5
,79.95909,7.07411,3.2,2.3,0.9,66.5
,80.01898,7.09765,3.2,2.3,0.9,61.9
,80.01006,7.09713,3.2,2.3,0.9,62.7
,79.93354,7.10494,3.2,2.3,0.9,70.6
,79.93304,7.10405,3.2,2.3,0.9,70.6
,79.93283,7.10416,3.2,2.3,0.9,70.6
,80.01067,7.10076,3.2,2.3,0.9,62.9
,80.01058,7.10067,3.2,2.3,0.9,62.9
Gemunu Funeral Society Hall,80.0109,7.10064,3.2,2.3,0.9,62.9
,80.01102,7.10071,3.2,2.3,0.9,62.9
,80.02248,7.06215,3.2,2.3,0.9,59.7
,80.02234,7.06218,3.2,2.3,0.9,59.7
,79.93648,7.1046,3.2,2.3,0.9,70.3
,80.0086,7.0907,3.2,2.3,0.9,62.5
,79.95534,7.07589,3.2,2.3,0.9,67.0
,80.01881,7.10896,3.2,2.3,0.9,62.6
,79.95009,7.06966,3.2,2.3,0.9,67.2
,79.95,7.06967,3.2,2.3,0.9,67.2
,79.99071,7.04656,3.2,2.3,0.9,62.0
,79.9905,7.04672,3.2,2.3,0.9,62.1
,79.95035,7.07094,6.4,5.5,0.9,67.2
,79.98736,7.04249,3.2,2.3,0.9,62.2
Sangawasaya,79.9874,7.04273,3.2,2.3,0.9,62.2
,79.99327,7.04531,3.2,2.3,0.9,61.7
,79.99253,7.04455,3.2,2.3,0.9,61.8
,79.98762,7.04752,3.2,2.3,0.9,62.4
,79.94406,7.07292,3.2,2.3,0.9,67.9
,80.03469,7.09887,3.2,2.3,0.9,60.5
,79.93314,7.10656,3.2,2.3,0.9,70.7
,79.93326,7.10648,3.2,2.3,0.9,70.7
,79.93192,7.10744,3.2,2.3,0.9,70.8
,79.93177,7.1079,3.2,2.3,0.9,70.9
,79.93198,7.10722,3.2,2.3,0.9,70.8
,79.9319,7.1073,3.2,2.3,0.9,70.8
,79.94536,7.10312,3.2,2.3,0.9,69.3
,79.94557,7.10306,3.2,2.3,0.9,69.3
,79.94541,7.10291,3.2,2.3,0.9,69.3
,79.9374,7.10055,3.2,2.3,0.9,70.0
,79.94311,7.09871,3.2,2.3,0.9,69.3
,80.00382,7.07185,3.2,2.3,0.9,62.0
,80.00307,7.06811,3.2,2.3,0.9,61.9
,80.00683,7.06637,3.2,2.3,0.9,61.4
,80.0043,7.06667,3.2,2.3,0.9,61.7
,80.00306,7.063,3.2,2.3,0.9,61.6
,80.0074,7.06594,6.4,5.5,0.9,61.3
,80.00692,7.06661,3.2,2.3,0.9,61.4
,79.97201,7.03082,3.2,2.3,0.9,63.2
,79.97191,7.03094,3.2,2.3,0.9,63.2
,79.97202,7.03266,3.2,2.3,0.9,63.3
,79.94176,7.10279,3.2,2.3,0.9,69.6
,80.01074,7.08557,3.2,2.3,0.9,62.0
,80.0081,7.08634,3.2,2.3,0.9,62.3
,80.00699,7.0848,3.2,2.3,0.9,62.4
,80.01455,7.06114,3.2,2.3,0.9,60.4
,80.00469,7.08784,3.2,2.3,0.9,62.7
,80.00654,7.08827,6.4,5.5,0.9,62.6
,79.98955,7.07654,3.2,2.3,0.9,63.6
,79.92644,7.0713,3.2,2.3,0.9,69.6
,79.99396,7.07482,3.2,2.3,0.9,63.1
,79.99373,7.07429,6.4,5.5,0.9,63.1
,79.99919,7.06609,3.2,2.3,0.9,62.1
,79.9257,7.06998,3.2,2.3,0.9,69.6
,79.92556,7.06984,3.2,2.3,0.9,69.6
,79.92563,7.06996,3.2,2.3,0.9,69.6
,80.00202,7.06736,3.2,2.3,0.9,61.9
,80.00208,7.06719,3.2,2.3,0.9,61.9
,80.00193,7.06732,3.2,2.3,0.9,61.9
,80.00373,7.07375,3.2,2.3,0.9,62.1
,80.00368,7.07385,3.2,2.3,0.9,62.1
,80.00356,7.07372,3.2,2.3,0.9,62.1
,79.99002,7.08782,3.2,2.3,0.9,64.2
,79.98997,7.08777,3.2,2.3,0.9,64.2
,79.98993,7.08795,3.2,2.3,0.9,64.2
,79.98163,7.07804,3.2,2.3,0.9,64.5
,79.99353,7.06833,3.2,2.3,0.9,62.8
,79.99243,7.06825,3.2,2.3,0.9,62.9
,79.99261,7.06843,3.2,2.3,0.9,62.9
,79.98349,7.07725,3.2,2.3,0.9,64.2
,79.98352,7.07743,3.2,2.3,0.9,64.3
,79.97547,7.06577,3.2,2.3,0.9,64.5
,79.9875,7.07714,3.2,2.3,0.9,63.8
,80.00093,7.08464,3.2,2.3,0.9,62.9
,79.9341,7.0728,3.2,2.3,0.9,68.9
,80.00112,7.09218,3.2,2.3,0.9,63.3
,79.98684,7.0911,3.2,2.3,0.9,64.6
,79.98689,7.09128,3.2,2.3,0.9,64.6
,79.97119,7.05707,3.2,2.3,0.9,64.5
,79.93348,7.07207,3.2,2.3,0.9,69.0
,79.93368,7.07213,3.2,2.3,0.9,68.9
,79.98838,7.07059,3.2,2.3,0.9,63.4
,79.98835,7.07059,3.2,2.3,0.9,63.4
,79.99559,7.10616,3.2,2.3,0.9,64.6
,79.99559,7.10605,3.2,2.3,0.9,64.6
,80.04897,7.11335,3.2,2.3,0.9,60.1
,80.00825,7.08133,3.2,2.3,0.9,62.0
,80.00835,7.08147,3.2,2.3,0.9,62.0
,80.00821,7.08145,3.2,2.3,0.9,62.1
,80.04453,7.10455,6.4,5.5,0.9,59.9
,80.04528,7.10505,3.2,2.3,0.9,59.9
,80.04552,7.10514,3.2,2.3,0.9,59.9
,80.01215,7.0826,6.4,5.5,0.9,61.7
,79.89437,7.15839,3.2,2.3,0.9,77.2
,79.90817,7.16137,3.2,2.3,0.9,76.0
,79.90824,7.16127,3.2,2.3,0.9,76.0
,80.01721,7.02925,3.2,2.3,0.9,58.6
,79.90588,7.15603,3.2,2.3,0.9,76.0
,79.90611,7.15615,3.2,2.3,0.9,75.9
,79.98649,7.05841,3.2,2.3,0.9,63.0
,79.98913,7.05923,3.2,2.3,0.9,62.8
,79.88915,7.07476,3.2,2.3,0.9,73.5
,79.88915,7.07467,3.2,2.3,0.9,73.5
,79.96647,7.05733,3.2,2.3,0.9,65.0
,80.00016,7.05291,3.2,2.3,0.9,61.4
,79.89037,7.07216,3.2,2.3,0.9,73.3
,79.9102,7.16154,3.2,2.3,0.9,75.9
,79.99151,7.0532,3.2,2.3,0.9,62.3
,79.99531,7.05202,3.2,2.3,0.9,61.8
,79.99495,7.0527,3.2,2.3,0.9,61.9
,79.99528,7.05277,3.2,2.3,0.9,61.9
,79.91815,7.07174,3.2,2.3,0.9,70.5
,79.91803,7.07165,3.2,2.3,0.9,70.5
,79.98008,7.05536,3.2,2.3,0.9,63.5
,79.9799,7.05536,3.2,2.3,0.9,63.5
,79.99134,7.05326,3.2,2.3,0.9,62.3
,80.02855,7.0936,3.2,2.3,0.9,60.8
,79.91513,7.07442,3.2,2.3,0.9,70.9
,79.9152,7.0757,3.2,2.3,0.9,71.0
,79.91496,7.07596,3.2,2.3,0.9,71.0
,79.90998,7.15224,3.2,2.3,0.9,75.4
,79.91016,7.15228,3.2,2.3,0.9,75.3
,79.91422,7.15272,3.2,2.3,0.9,75.0
,79.91414,7.15254,3.2,2.3,0.9,75.0
,79.99139,7.05309,3.2,2.3,0.9,62.3
,80.03203,7.08677,6.4,5.5,0.9,60.1
,80.02756,7.08797,3.2,2.3,0.9,60.6
,80.02581,7.08575,3.2,2.3,0.9,60.6
,80.02801,7.08995,6.4,5.5,0.9,60.6
,80.02724,7.06062,3.2,2.3,0.9,59.1
,80.04,7.07475,3.2,2.3,0.9,58.6
,80.02773,7.08074,6.4,5.5,0.9,60.1
Palpatha,80.02873,7.08164,3.2,2.3,0.9,60.1
,80.04303,7.08634,3.2,2.3,0.9,59.0
,80.04294,7.08647,3.2,2.3,0.9,59.0
,79.9347,7.08963,3.2,2.3,0.9,69.7
,80.01363,7.08181,3.2,2.3,0.9,61.6
,80.01362,7.08168,3.2,2.3,0.9,61.5
,80.01377,7.08181,3.2,2.3,0.9,61.5
,80.01352,7.08269,3.2,2.3,0.9,61.6
,80.0321,7.07672,3.2,2.3,0.9,59.5
,80.03207,7.07658,3.2,2.3,0.9,59.5
,79.92125,7.08901,3.2,2.3,0.9,71.0
,79.92312,7.08985,6.4,5.5,0.9,70.8
,79.92531,7.08779,3.2,2.3,0.9,70.5
,79.91702,7.08986,3.2,2.3,0.9,71.4
,80.04876,7.0946,3.2,2.3,0.9,58.9
,79.91533,7.0864,3.2,2.3,0.9,71.4
,79.91525,7.08651,3.2,2.3,0.9,71.5
,79.91978,7.08463,3.2,2.3,0.9,70.9
,80.04791,7.0916,3.2,2.3,0.9,58.8
,80.04781,7.0914,3.2,2.3,0.9,58.8
,79.91502,7.08445,3.2,2.3,0.9,71.4
,79.9198,7.08442,3.2,2.3,0.9,70.9
,80.05244,7.09224,3.2,2.3,0.9,58.5
,80.01914,7.07989,6.4,5.5,0.9,60.9
,80.019,7.07969,6.4,5.5,0.9,60.9
,80.04937,7.09183,3.2,2.3,0.9,58.7
,80.02301,7.08244,3.2,2.3,0.9,60.7
,79.96797,7.05419,3.2,2.3,0.9,64.7
,79.97271,7.05401,3.2,2.3,0.9,64.2
,79.98231,7.04856,3.2,2.3,0.9,63.0
,80.01626,7.04344,3.2,2.3,0.9,59.3
,79.98089,7.04663,3.2,2.3,0.9,63.0
,79.98073,7.0467,3.2,2.3,0.9,63.0
,79.98192,7.04689,3.2,2.3,0.9,62.9
,79.90975,7.07519,3.2,2.3,0.9,71.5
,79.96366,7.04959,3.2,2.3,0.9,64.9
,80.02276,7.0459,3.2,2.3,0.9,58.8
,80.02191,7.04239,3.2,2.3,0.9,58.7
,80.02176,7.04246,3.2,2.3,0.9,58.7
,79.91414,7.07272,6.4,5.5,0.9,70.9
,79.97824,7.04025,3.2,2.3,0.9,63.0
,79.97812,7.04027,3.2,2.3,0.9,63.0
,80.02147,7.04318,3.2,2.3,0.9,58.8
,80.01918,7.043,3.2,2.3,0.9,59.0
,79.9124,7.07074,3.2,2.3,0.9,71.0
,79.89771,7.17281,3.2,2.3,0.9,77.7
,79.89787,7.173,3.2,2.3,0.9,77.7
,79.9772,7.04266,3.2,2.3,0.9,63.2
,79.97436,7.02742,3.2,2.3,0.9,62.8
,79.97081,7.04382,3.2,2.3,0.9,63.9
,79.96993,7.04504,3.2,2.3,0.9,64.1
,79.97069,7.044,3.2,2.3,0.9,63.9
,80.02194,7.04821,3.2,2.3,0.9,59.0
,80.00961,7.0443,3.2,2.3,0.9,60.0
,79.97228,7.03639,3.2,2.3,0.9,63.4
,79.96953,7.03625,3.2,2.3,0.9,63.7
,79.9719,7.03626,3.2,2.3,0.9,63.5
,79.93504,7.09015,3.2,2.3,0.9,69.7
,79.934,7.09071,3.2,2.3,0.9,69.8
,79.9342,7.09066,3.2,2.3,0.9,69.8
,79.93529,7.09031,3.2,2.3,0.9,69.6
,80.02022,7.03723,3.2,2.3,0.9,58.6
,79.96273,7.04507,3.2,2.3,0.9,64.8
,79.96257,7.04506,3.2,2.3,0.9,64.8
,79.96277,7.0449,3.2,2.3,0.9,64.8
,79.96257,7.04492,3.2,2.3,0.9,64.8
,79.96939,7.03626,3.2,2.3,0.9,63.7
,80.00554,7.04343,3.2,2.3,0.9,60.4
,80.01364,7.03566,3.2,2.3,0.9,59.2
,79.92444,7.09522,3.2,2.3,0.9,71.0
,79.92468,7.09499,3.2,2.3,0.9,70.9
,79.98809,7.03649,3.2,2.3,0.9,61.8
,80.0233,7.03895,3.2,2.3,0.9,58.4
,79.92204,7.09046,3.2,2.3,0.9,71.0
,80.02625,7.03619,3.2,2.3,0.9,58.0
,79.96173,7.04229,3.2,2.3,0.9,64.8
,79.9874,7.04002,3.2,2.3,0.9,62.1
,79.98832,7.03669,3.2,2.3,0.9,61.8
,79.90597,7.07355,3.2,2.3,0.9,71.8
,79.97567,7.03456,3.2,2.3,0.9,63.0
,79.97567,7.03436,3.2,2.3,0.9,63.0
,79.92537,7.06713,3.2,2.3,0.9,69.5
,79.89036,7.09136,3.2,2.3,0.9,74.2
,79.89078,7.09372,3.2,2.3,0.9,74.2
,79.89127,7.09453,3.2,2.3,0.9,74.2
,79.90175,7.07189,3.2,2.3,0.9,72.1
,79.90192,7.07204,3.2,2.3,0.9,72.1
,79.9787,7.03321,3.2,2.3,0.9,62.6
,79.9804,7.03215,3.2,2.3,0.9,62.4
,80.00182,7.03933,3.2,2.3,0.9,60.6
,79.99621,7.0368,3.2,2.3,0.9,61.0
,79.99499,7.03588,6.4,5.5,0.9,61.1
,79.99604,7.03704,3.2,2.3,0.9,61.1
,80.00494,7.03864,3.2,2.3,0.9,60.2
,80.00312,7.03863,3.2,2.3,0.9,60.4
,80.0011,7.03041,3.2,2.3,0.9,60.2
,79.92599,7.06682,6.4,5.5,0.9,69.5
,79.92753,7.06693,3.2,2.3,0.9,69.3
,79.98192,7.04698,3.2,2.3,0.9,62.9
,79.89123,7.09461,3.2,2.3,0.9,74.2
,79.96147,7.06845,3.2,2.3,0.9,66.0
,79.96167,7.06826,3.2,2.3,0.9,66.0
,79.96156,7.06827,3.2,2.3,0.9,66.0
,79.99571,7.10602,3.2,2.3,0.9,64.6
,79.9429,7.09875,3.2,2.3,0.9,69.3
,79.95739,7.05892,3.2,2.3,0.9,65.9
,79.90607,7.15601,3.2,2.3,0.9,75.9
,79.8908,7.09362,3.2,2.3,0.9,74.2
,79.95995,7.05594,3.2,2.3,0.9,65.6
,79.91375,7.15165,3.2,2.3,0.9,75.0
,79.98219,7.04861,3.2,2.3,0.9,63.0
,79.95589,7.08135,3.2,2.3,0.9,67.2
,79.97931,7.06216,3.2,2.3,0.9,63.9
,80.03173,7.04254,3.2,2.3,0.9,57.8
,79.91151,7.0753,3.2,2.3,0.9,71.3
,80.03133,7.04017,3.2,2.3,0.9,57.7
,80.03139,7.04024,3.2,2.3,0.9,57.7
,79.99431,7.07109,3.2,2.3,0.9,62.9
,80.00206,7.06743,3.2,2.3,0.9,61.9
,80.00661,7.05228,6.4,5.5,0.9,60.7
,79.91546,7.08642,3.2,2.3,0.9,71.4
,79.95967,7.07609,3.2,2.3,0.9,66.5
,79.95898,7.07407,3.2,2.3,0.9,66.5
,79.95124,7.06567,3.2,2.3,0.9,66.9
,80.00558,7.04318,3.2,2.3,0.9,60.4
,79.95544,7.08184,3.2,2.3,0.9,67.2
,79.91416,7.106,3.2,2.3,0.9,72.5
,79.99557,7.035,3.2,2.3,0.9,61.0
,80.01492,7.02437,3.2,2.3,0.9,58.6
,80.01539,7.02268,3.2,2.3,0.9,58.5
,80.00443,7.03437,3.2,2.3,0.9,60.1
,79.93926,7.07219,3.2,2.3,0.9,68.4
,79.94042,7.07105,6.4,5.5,0.9,68.2
,80.01863,7.02347,3.2,2.3,0.9,58.2
,80.0177,7.02389,3.2,2.3,0.9,58.3
,80.00611,7.03517,3.2,2.3,0.9,60.0
,79.92842,7.0625,3.2,2.3,0.9,69.0
,79.94591,7.06685,6.4,5.5,0.9,67.5
,80.01287,7.03444,6.4,5.5,0.9,59.2
,80.00901,7.03219,3.2,2.3,0.9,59.5
,80.00916,7.03228,3.2,2.3,0.9,59.5
,80.01957,7.02266,3.2,2.3,0.9,58.0
,80.01913,7.02397,3.2,2.3,0.9,58.1
,80.0193,7.02254,3.2,2.3,0.9,58.1
,79.92694,7.06295,3.2,2.3,0.9,69.2
,79.92715,7.06292,3.2,2.3,0.9,69.2
,79.92705,7.06289,3.2,2.3,0.9,69.2
,80.00697,7.02656,3.2,2.3,0.9,59.5
,80.00691,7.02663,3.2,2.3,0.9,59.5
,80.02873,7.03033,3.2,2.3,0.9,57.5
,80.02876,7.03046,3.2,2.3,0.9,57.5
,79.93081,7.06596,3.2,2.3,0.9,68.9
,79.93079,7.06574,3.2,2.3,0.9,68.9
,79.93098,7.06576,3.2,2.3,0.9,68.9
,79.96385,7.07874,3.2,2.3,0.9,66.3
,80.03222,7.07652,3.2,2.3,0.9,59.5
,80.03434,7.08219,3.2,2.3,0.9,59.6
,80.0337,7.07956,3.2,2.3,0.9,59.5
,80.03483,7.0799,3.2,2.3,0.9,59.4
,80.03375,7.07951,3.2,2.3,0.9,59.5
,80.03478,7.07986,3.2,2.3,0.9,59.4
,80.03377,7.07963,3.2,2.3,0.9,59.5
,79.92416,7.09353,3.2,2.3,0.9,70.9
,79.96563,7.03622,3.2,2.3,0.9,64.1
,79.94338,7.08476,3.2,2.3,0.9,68.6
,79.95125,7.06359,3.2,2.3,0.9,66.8
,79.98423,7.0387,3.2,2.3,0.9,62.3
,79.92193,7.11517,3.2,2.3,0.9,72.2
,79.9521,7.06449,3.2,2.3,0.9,66.7
,80.01165,7.05688,3.2,2.3,0.9,60.5
,79.94894,7.06603,6.4,5.5,0.9,67.1
,79.96445,7.06699,3.2,2.3,0.9,65.6
,79.965,7.06317,3.2,2.3,0.9,65.4
,79.96616,7.09316,3.2,2.3,0.9,66.8
,79.89969,7.06023,3.2,2.3,0.9,71.8
,79.98666,7.09127,3.2,2.3,0.9,64.7
,80.03689,7.09273,3.2,2.3,0.9,59.9
,79.93293,7.10395,3.2,2.3,0.9,70.6
,80.01093,7.10461,3.2,2.3,0.9,63.1
,80.01097,7.10447,3.2,2.3,0.9,63.1
,79.99011,7.08803,3.2,2.3,0.9,64.2
,80.01149,7.05708,3.2,2.3,0.9,60.5
,80.02233,7.09394,3.2,2.3,0.9,61.4
,80.02226,7.09383,3.2,2.3,0.9,61.4
,80.00664,7.08811,6.4,5.5,0.9,62.6
,80.00284,7.08599,3.2,2.3,0.9,62.8
,80.00319,7.06814,3.2,2.3,0.9,61.9
,80.00189,7.06736,3.2,2.3,0.9,61.9
,80.04591,7.10919,6.4,5.5,0.9,60.1
,79.9952,7.05253,3.2,2.3,0.9,61.9
,80.05626,7.10576,3.2,2.3,0.9,58.9
,80.05616,7.10569,3.2,2.3,0.9,58.9
,80.05749,7.11411,3.2,2.3,0.9,59.3
,79.96409,7.07868,3.2,2.3,0.9,66.2
,80.01325,7.06542,3.2,2.3,0.9,60.7
,80.0132,7.06551,3.2,2.3,0.9,60.7
,80.03721,7.1077,3.2,2.3,0.9,60.8
,80.00087,7.08453,3.2,2.3,0.9,62.9
,80.00828,7.08642,3.2,2.3,0.9,62.3
,80.04206,7.1068,3.2,2.3,0.9,60.3
,79.99322,7.04537,3.2,2.3,0.9,61.7
Hotel Sanara,80.0433,7.10448,6.4,5.5,0.9,60.0
,80.03471,7.07993,3.2,2.3,0.9,59.4
,80.03625,7.07828,3.2,2.3,0.9,59.2
Ranawiru Apparels,80.03663,7.07861,3.2,2.3,0.9,59.2
,79.97471,7.05687,3.2,2.3,0.9,64.1
,79.94568,7.06684,6.4,5.5,0.9,67.5
,80.0155,7.05832,3.2,2.3,0.9,60.1
,80.01557,7.05835,3.2,2.3,0.9,60.1
,79.987,7.04286,3.2,2.3,0.9,62.2
Dewalaya,79.93927,7.07205,3.2,2.3,0.9,68.4
,79.93926,7.07198,3.2,2.3,0.9,68.4
,80.02012,7.05088,3.2,2.3,0.9,59.3
,80.02024,7.05078,3.2,2.3,0.9,59.3
,79.9376,7.10019,3.2,2.3,0.9,69.9
,79.95308,7.07783,3.2,2.3,0.9,67.3
,79.9531,7.07772,3.2,2.3,0.9,67.3
,79.9557,7.08143,3.2,2.3,0.9,67.2
,80.0106,7.10058,3.2,2.3,0.9,62.9
,80.01051,7.10058,3.2,2.3,0.9,62.9
,79.96376,7.04953,3.2,2.3,0.9,64.9
,80.01324,7.06532,3.2,2.3,0.9,60.7
,80.01084,7.10455,3.2,2.3,0.9,63.1
,79.93073,7.06585,3.2,2.3,0.9,68.9
,79.90876,7.08423,3.2,2.3,0.9,72.0
,80.0189,7.10879,3.2,2.3,0.9,62.6
,80.02787,7.07893,6.4,5.5,0.9,60.0
,80.01298,7.08196,3.2,2.3,0.9,61.6
,80.01241,7.08006,3.2,2.3,0.9,61.6
,80.01237,7.08012,3.2,2.3,0.9,61.6
,79.97865,7.03305,3.2,2.3,0.9,62.6
,80.032,7.07654,3.2,2.3,0.9,59.5
,80.03516,7.0763,3.2,2.3,0.9,59.2
,80.04172,7.09909,3.2,2.3,0.9,59.9
,79.97998,7.05536,3.2,2.3,0.9,63.5
,79.9945,7.07111,3.2,2.3,0.9,62.9
,79.92657,7.07134,3.2,2.3,0.9,69.6
,79.99964,7.0358,3.2,2.3,0.9,60.6
,80.02462,7.11079,3.2,2.3,0.9,62.2
,80.02463,7.11068,3.2,2.3,0.9,62.1
,80.02796,7.08767,6.4,5.5,0.9,60.5
,79.89011,7.09595,6.4,5.5,0.9,74.4
,79.88241,7.10588,3.2,2.3,0.9,75.7
,79.88243,7.10597,3.2,2.3,0.9,75.7
,80.04863,7.09459,3.2,2.3,0.9,59.0
,79.89313,7.09258,3.2,2.3,0.9,74.0
,79.8882,7.09492,3.2,2.3,0.9,74.6
,79.88829,7.09493,3.2,2.3,0.9,74.5
,79.88823,7.09514,3.2,2.3,0.9,74.6
,79.88813,7.09512,3.2,2.3,0.9,74.6
,79.89101,7.09587,3.2,2.3,0.9,74.3
,79.88443,7.0971,3.2,2.3,0.9,75.0
,80.02327,7.04681,3.2,2.3,0.9,58.8
,79.90461,7.0825,3.2,2.3,0.9,72.3
,79.98608,7.06149,3.2,2.3,0.9,63.2
,79.89503,7.09361,3.2,2.3,0.9,73.8
,80.00177,7.03923,3.2,2.3,0.9,60.6
,80.00326,7.03866,3.2,2.3,0.9,60.4
,80.01895,7.01859,3.2,2.3,0.9,57.9
,79.97442,7.02734,3.2,2.3,0.9,62.8
,79.99402,7.08532,3.2,2.3,0.9,63.6
,79.89814,7.08645,3.2,2.3,0.9,73.2
,79.88827,7.08058,6.4,5.5,0.9,73.9
,79.87999,7.05867,3.2,2.3,0.9,73.8
,79.91428,7.10584,3.2,2.3,0.9,72.5
,79.9142,7.10587,3.2,2.3,0.9,72.5
,79.91062,7.07806,3.2,2.3,0.9,71.5
,79.90953,7.07823,3.2,2.3,0.9,71.6
,79.91137,7.09486,3.2,2.3,0.9,72.2
,79.91094,7.09472,3.2,2.3,0.9,72.3
,79.91133,7.09474,3.2,2.3,0.9,72.2
,79.91105,7.09473,3.2,2.3,0.9,72.3
,79.91668,7.10181,3.2,2.3,0.9,72.1
,79.91661,7.10186,3.2,2.3,0.9,72.1
,79.91104,7.09483,3.2,2.3,0.9,72.3
,79.90842,7.10754,3.2,2.3,0.9,73.2
,79.90843,7.10762,3.2,2.3,0.9,73.2
,79.88402,7.06157,3.2,2.3,0.9,73.5
,79.88394,7.06175,3.2,2.3,0.9,73.5
,79.88379,7.06168,3.2,2.3,0.9,73.5
,79.91787,7.06509,3.2,2.3,0.9,70.2
,79.9177,7.06491,3.2,2.3,0.9,70.2
,79.91783,7.06492,3.2,2.3,0.9,70.2
,79.89765,7.08358,3.2,2.3,0.9,73.1
,79.89534,7.08299,6.4,5.5,0.9,73.3
,79.89461,7.08375,3.2,2.3,0.9,73.4
,79.89488,7.15445,3.2,2.3,0.9,76.9
,79.9652,7.06314,3.2,2.3,0.9,65.4
,79.9222,7.09051,3.2,2.3,0.9,71.0
,79.98713,7.04289,3.2,2.3,0.9,62.2
,79.91874,7.11985,3.2,2.3,0.9,72.8
,79.91876,7.11972,3.2,2.3,0.9,72.8
,79.91675,7.12457,3.2,2.3,0.9,73.2
,79.9166,7.12472,3.2,2.3,0.9,73.2
,79.9165,7.12478,3.2,2.3,0.9,73.2
,79.921,7.12232,6.4,5.5,0.9,72.7
,79.92132,7.12,6.4,5.5,0.9,72.5
,80.04685,7.10806,3.2,2.3,0.9,59.9
,80.04667,7.10803,3.2,2.3,0.9,59.9
,80.05163,7.1059,3.2,2.3,0.9,59.4
,80.05159,7.10604,3.2,2.3,0.9,59.4
,79.95194,7.06449,3.2,2.3,0.9,66.8
,80.00811,7.08153,3.2,2.3,0.9,62.1
temple,79.88203,7.1444,3.2,2.3,0.9,77.6
,79.98772,7.07695,3.2,2.3,0.9,63.8
,79.87704,7.12043,3.2,2.3,0.9,76.9
,79.87862,7.12186,3.2,2.3,0.9,76.8
,79.8787,7.12201,3.2,2.3,0.9,76.8
,79.87874,7.12189,3.2,2.3,0.9,76.8
,79.87857,7.12197,3.2,2.3,0.9,76.8
,79.8865,7.11369,3.2,2.3,0.9,75.6
,79.91252,7.07275,3.2,2.3,0.9,71.1
,79.95717,7.06887,3.2,2.3,0.9,66.4
,79.95715,7.06894,3.2,2.3,0.9,66.4
,79.95726,7.06894,3.2,2.3,0.9,66.4
,79.91445,7.12898,3.2,2.3,0.9,73.7
,79.91457,7.12901,3.2,2.3,0.9,73.7
,79.9209,7.12339,3.2,2.3,0.9,72.7
,79.9102,7.13094,3.2,2.3,0.9,74.2
,79.91181,7.12978,3.2,2.3,0.9,74.0
,79.91173,7.12968,3.2,2.3,0.9,74.0
,79.88496,7.13531,3.2,2.3,0.9,76.9
,79.89723,7.12307,3.2,2.3,0.9,75.0
,80.05756,7.11397,3.2,2.3,0.9,59.3
,79.89108,7.13522,3.2,2.3,0.9,76.3
,79.90103,7.12535,3.2,2.3,0.9,74.8
,80.051,7.10846,3.2,2.3,0.9,59.6
,79.89741,7.12313,3.2,2.3,0.9,75.0
,79.88393,7.0618,3.2,2.3,0.9,73.5
,79.88381,7.06163,3.2,2.3,0.9,73.5
,79.9258,7.08157,3.2,2.3,0.9,70.2
,79.92886,7.08096,3.2,2.3,0.9,69.8
,79.89968,7.0603,3.2,2.3,0.9,71.8
,79.99222,7.11774,3.2,2.3,0.9,65.6
,79.92212,7.13008,3.2,2.3,0.9,73.0
,79.922,7.1302,3.2,2.3,0.9,73.0
,79.91558,6.97653,3.2,2.3,0.9,67.1
,80.38964,6.66492,3.2,2.3,0.9,20.1
,80.27177,7.81594,3.2,2.3,0.9,114.1
,80.27198,7.81587,3.2,2.3,0.9,114.1
,80.27059,7.81753,3.2,2.3,0.9,114.3
SANASA,80.4125,8.33255,10.0,9.1,0.9,168.7
,80.11674,6.61802,3.2,2.3,0.9,47.3
,80.11655,6.618,3.2,2.3,0.9,47.3
,80.1089,6.64394,3.2,2.3,0.9,46.9
,80.10191,6.6265,3.2,2.3,0.9,48.4
,80.10259,6.62418,3.2,2.3,0.9,48.4
,80.10894,6.62996,3.2,2.3,0.9,47.5
,80.10974,6.62693,3.2,2.3,0.9,47.6
,80.11173,6.6248,3.2,2.3,0.9,47.5
,80.10134,6.62956,3.2,2.3,0.9,48.3
Sampath Rest,80.09146,6.6435,3.2,2.3,0.9,48.7
,80.0994,6.63145,3.2,2.3,0.9,48.4
,80.10119,6.62853,3.2,2.3,0.9,48.4
,80.09923,6.63139,3.2,2.3,0.9,48.4
,80.09959,6.63122,3.2,2.3,0.9,48.4
,80.08161,6.64237,3.2,2.3,0.9,49.8
,80.08167,6.6423,3.2,2.3,0.9,49.7
,80.09645,6.71804,3.2,2.3,0.9,45.7
,80.09083,6.69098,3.2,2.3,0.9,47.0
,80.0773,6.65561,3.2,2.3,0.9,49.7
,80.08126,6.68252,3.2,2.3,0.9,48.3
,80.06745,6.6523,3.2,2.3,0.9,50.8
,80.06941,6.67115,3.2,2.3,0.9,49.9
,80.06503,6.66354,3.2,2.3,0.9,50.7
,80.06517,6.66336,3.2,2.3,0.9,50.7
,80.0704,6.6814,3.2,2.3,0.9,49.5
,80.06074,6.65646,3.2,2.3,0.9,51.4
,80.07552,6.68402,3.2,2.3,0.9,48.9
,80.08267,6.69545,3.2,2.3,0.9,47.8
,80.22061,6.37424,3.2,2.3,0.9,57.2
,80.11382,6.62661,3.2,2.3,0.9,47.2
,80.3701,6.65907,3.2,2.3,0.9,21.9
,80.36541,6.65665,3.2,2.3,0.9,22.5
,80.3655,6.65678,3.2,2.3,0.9,22.5
,80.36349,6.63501,3.2,2.3,0.9,24.5
,80.30994,6.28813,3.2,2.3,0.9,61.3
,80.30991,6.28802,3.2,2.3,0.9,61.4
,80.34415,6.65812,3.2,2.3,0.9,24.0
,80.38871,6.66108,3.2,2.3,0.9,20.5
,80.29318,6.37741,3.2,2.3,0.9,52.9
,80.36438,6.6717,3.2,2.3,0.9,21.3
,80.36394,6.67276,3.2,2.3,0.9,21.3
,80.3437,6.67823,3.2,2.3,0.9,22.5
,80.07137,6.68502,3.2,2.3,0.9,49.3
,80.1112,6.6294,3.2,2.3,0.9,47.3
,80.10274,6.62646,3.2,2.3,0.9,48.3
,80.10886,6.64414,3.2,2.3,0.9,46.9
,80.10889,6.64402,3.2,2.3,0.9,46.9
,80.09712,6.71914,3.2,2.3,0.9,45.6
,80.1011,6.62918,3.2,2.3,0.9,48.3
,80.27698,6.72568,3.2,2.3,0.9,26.3
,80.33497,6.70961,3.2,2.3,0.9,21.3
,80.30415,6.71187,3.2,2.3,0.9,24.1
,80.27688,6.72549,3.2,2.3,0.9,26.3
,80.32524,6.71681,3.2,2.3,0.9,21.8
,80.33998,6.70589,3.2,2.3,0.9,21.0
,80.33508,6.70959,3.2,2.3,0.9,21.3
,80.31855,6.68458,3.2,2.3,0.9,24.3
,80.38964,6.66503,3.2,2.3,0.9,20.1
,80.08277,6.69543,3.2,2.3,0.9,47.8
,80.05648,6.6453,3.2,2.3,0.9,52.2
,80.09083,6.69081,3.2,2.3,0.9,47.0
,80.09717,6.69595,3.2,2.3,0.9,46.2
,80.32794,6.71632,3.2,2.3,0.9,21.6
,80.38951,6.66482,3.2,2.3,0.9,20.1
,80.34423,6.65816,3.2,2.3,0.9,24.0
,80.2167,6.72057,3.2,2.3,0.9,32.8
,80.08181,6.84281,3.2,2.3,0.9,46.3
,80.59573,7.21308,3.2,2.3,0.9,45.9
,80.59728,7.21678,3.2,2.3,0.9,46.3
,80.27537,7.81362,3.2,2.3,0.9,113.8
,80.27311,7.81208,3.2,2.3,0.9,113.7
,80.27292,7.81201,3.2,2.3,0.9,113.7
,80.27096,7.81728,3.2,2.3,0.9,114.3
,79.95906,7.05556,3.2,2.4,0.8,65.6
CR Export Pvt Ltd,80.00786,7.06507,3.2,2.4,0.8,61.2
,79.96144,7.05827,3.2,2.4,0.8,65.5
,80.00674,7.02416,3.2,2.4,0.8,59.4
,80.01384,7.01768,3.2,2.4,0.8,58.4
,80.05299,7.11933,3.2,2.4,0.8,60.1
,80.05308,7.11915,3.2,2.4,0.8,60.0
,79.95693,7.07186,6.4,5.6,0.8,66.6
,79.95635,7.06206,3.2,2.4,0.8,66.2
,79.94728,7.06026,3.2,2.4,0.8,67.0
,79.95546,7.06785,3.2,2.4,0.8,66.6
,79.96205,7.07307,3.2,2.4,0.8,66.2
,79.96219,7.07329,3.2,2.4,0.8,66.2
,79.96195,7.07309,3.2,2.4,0.8,66.2
,80.0574,7.10704,3.2,2.4,0.8,58.9
,79.96758,7.06376,3.2,2.4,0.8,65.2
,79.9675,7.06384,3.2,2.4,0.8,65.2
,79.97044,7.08277,3.2,2.4,0.8,65.8
,79.9854,7.0811,3.2,2.4,0.8,64.3
,79.9854,7.081,3.2,2.4,0.8,64.3
,79.96491,7.0496,3.2,2.4,0.8,64.8
,79.96897,7.08034,3.2,2.4,0.8,65.8
,79.9693,7.07981,3.2,2.4,0.8,65.8
,79.9596,7.06445,3.2,2.4,0.8,66.0
,79.96005,7.06299,3.2,2.4,0.8,65.9
,79.95973,7.06447,3.2,2.4,0.8,66.0
,79.95958,7.06465,3.2,2.4,0.8,66.0
,79.96465,7.06974,3.2,2.4,0.8,65.7
,79.97177,7.07014,3.2,2.4,0.8,65.0
,79.97613,7.06836,3.2,2.4,0.8,64.5
,79.97686,7.0727,3.2,2.4,0.8,64.7
,79.9899,7.07189,6.4,5.6,0.8,63.3
,79.99117,7.05758,9.6,8.8,0.8,62.5
,80.00811,7.05293,3.2,2.4,0.8,60.6
,79.99424,7.06241,3.2,2.4,0.8,62.4
,79.9444,7.09481,3.2,2.4,0.8,69.0
,79.9423,7.09465,3.2,2.4,0.8,69.2
,79.95084,7.0742,3.2,2.4,0.8,67.3
,79.94947,7.07447,3.2,2.4,0.8,67.5
,80.00305,7.09181,3.2,2.4,0.8,63.1
,80.00517,7.09524,3.2,2.4,0.8,63.1
,80.0126,7.07292,3.2,2.4,0.8,61.2
,79.95616,7.08212,3.2,2.4,0.8,67.2
,79.95607,7.08212,3.2,2.4,0.8,67.2
,80.00443,7.09791,3.2,2.4,0.8,63.3
,80.00745,7.09736,6.4,5.6,0.8,63.0
,79.94299,7.09212,3.2,2.4,0.8,69.0
,79.96529,7.07643,6.4,5.6,0.8,66.0
,80.00669,7.10138,3.2,2.4,0.8,63.3
,80.00652,7.10147,3.2,2.4,0.8,63.3
,80.00664,7.10142,3.2,2.4,0.8,63.3
,79.94806,7.07969,3.2,2.4,0.8,67.9
,79.94787,7.0797,3.2,2.4,0.8,67.9
,79.95374,7.08185,3.2,2.4,0.8,67.4
,80.0102,7.1035,3.2,2.4,0.8,63.1
,80.01007,7.10334,3.2,2.4,0.8,63.1
,80.0372,7.08009,6.4,5.6,0.8,59.2
,79.94391,7.08502,3.2,2.4,0.8,68.5
,79.94892,7.084,3.2,2.4,0.8,68.0
,79.94912,7.08398,3.2,2.4,0.8,68.0
,80.03649,7.07938,3.2,2.4,0.8,59.2
,80.03732,7.08009,6.4,5.6,0.8,59.2
,80.03671,7.08013,6.4,5.6,0.8,59.3
,80.01869,7.0978,3.2,2.4,0.8,62.0
,79.95624,7.07555,3.2,2.4,0.8,66.9
,80.00665,7.0573,3.2,2.4,0.8,61.0
,80.03664,7.08159,3.2,2.4,0.8,59.3
,80.0367,7.08157,3.2,2.4,0.8,59.3
,80.03731,7.08449,6.4,5.6,0.8,59.4
,80.03741,7.08002,6.4,5.6,0.8,59.2
,80.01091,7.09923,3.2,2.4,0.8,62.8
,80.02345,7.05737,3.2,2.4,0.8,59.3
,79.93845,7.07572,3.2,2.4,0.8,68.6
,79.94558,7.08132,3.2,2.4,0.8,68.2
,79.94095,7.07638,3.2,2.4,0.8,68.4
,80.0113,7.09492,3.2,2.4,0.8,62.5
,80.01119,7.0951,3.2,2.4,0.8,62.5
,79.98111,7.06552,3.2,2.4,0.8,63.9
,79.98115,7.06563,3.2,2.4,0.8,63.9
,79.9472,7.08321,3.2,2.4,0.8,68.1
,79.94734,7.08411,3.2,2.4,0.8,68.2
,79.94731,7.08424,3.2,2.4,0.8,68.2
,80.01337,7.09242,3.2,2.4,0.8,62.2
,80.01338,7.09247,3.2,2.4,0.8,62.2
,80.01332,7.09253,3.2,2.4,0.8,62.2
,79.94079,7.07689,6.4,5.6,0.8,68.5
,79.94258,7.07946,3.2,2.4,0.8,68.4
,79.9808,7.0641,3.2,2.4,0.8,63.9
,79.99651,7.06621,3.2,2.4,0.8,62.4
,79.99227,7.06489,3.2,2.4,0.8,62.8
,79.99275,7.06375,3.2,2.4,0.8,62.7
,79.98842,7.05046,3.2,2.4,0.8,62.4
,80.0352,7.08337,3.2,2.4,0.8,59.6
,80.03277,7.0823,3.2,2.4,0.8,59.7
,80.03257,7.08215,3.2,2.4,0.8,59.8
,80.03512,7.08326,3.2,2.4,0.8,59.6
,79.99017,7.04526,3.2,2.4,0.8,62.0
,79.99023,7.04537,3.2,2.4,0.8,62.0
,79.98613,7.04676,6.4,5.6,0.8,62.5
,79.94426,7.0787,3.2,2.4,0.8,68.2
,79.99306,7.04524,3.2,2.4,0.8,61.7
,79.94411,7.07276,3.2,2.4,0.8,67.9
,80.03942,7.0966,3.2,2.4,0.8,59.9
,80.03939,7.09679,3.2,2.4,0.8,60.0
,80.03445,7.07974,3.2,2.4,0.8,59.4
,80.02644,7.09564,3.2,2.4,0.8,61.1
,80.02577,7.0957,3.2,2.4,0.8,61.2
,79.93796,7.10677,3.2,2.4,0.8,70.2
,79.9378,7.10679,3.2,2.4,0.8,70.2
,79.93663,7.10659,3.2,2.4,0.8,70.3
,80.0396,7.0931,3.2,2.4,0.8,59.7
,79.93218,7.10813,3.2,2.4,0.8,70.9
,80.03598,7.09041,3.2,2.4,0.8,59.9
,79.9374,7.10042,3.2,2.4,0.8,69.9
,79.93732,7.10017,3.2,2.4,0.8,69.9
,79.93729,7.10041,3.2,2.4,0.8,70.0
,79.93736,7.10031,3.2,2.4,0.8,69.9
,79.93735,7.10041,3.2,2.4,0.8,70.0
,80.00437,7.0684,3.2,2.4,0.8,61.7
,80.00453,7.06834,3.2,2.4,0.8,61.7
,80.00445,7.06831,3.2,2.4,0.8,61.7
,80.01377,7.05165,3.2,2.4,0.8,60.0
,80.01398,7.05151,3.2,2.4,0.8,60.0
,80.014,7.0517,3.2,2.4,0.8,60.0
,80.01763,7.05278,6.4,5.6,0.8,59.7
,80.00117,7.08294,3.2,2.4,0.8,62.8
,80.04186,7.11489,3.2,2.4,0.8,60.8
,79.9448,7.09686,3.2,2.4,0.8,69.0
,79.9448,7.09667,3.2,2.4,0.8,69.0
,80.04629,7.11221,3.2,2.4,0.8,60.2
,80.01418,7.06129,3.2,2.4,0.8,60.4
,80.01428,7.06135,3.2,2.4,0.8,60.4
,80.0072,7.08666,3.2,2.4,0.8,62.4
,80.00701,7.0865,3.2,2.4,0.8,62.4
,80.00727,7.08669,3.2,2.4,0.8,62.4
,79.99822,7.07444,3.2,2.4,0.8,62.7
Dewalaya,79.99659,7.07836,3.2,2.4,0.8,63.0
,80.00639,7.08787,3.2,2.4,0.8,62.6
,80.00194,7.0685,3.2,2.4,0.8,62.0
,80.00213,7.06827,3.2,2.4,0.8,62.0
,80.02088,7.04914,3.2,2.4,0.8,59.2
,80.00149,7.06683,3.2,2.4,0.8,62.0
,79.99803,7.06885,3.2,2.4,0.8,62.4
,79.9978,7.06885,3.2,2.4,0.8,62.4
,79.98922,7.07552,3.2,2.4,0.8,63.6
,79.98902,7.0739,3.2,2.4,0.8,63.5
,80.00189,7.06424,3.2,2.4,0.8,61.8
,80.00124,7.06483,3.2,2.4,0.8,61.9
,80.0019,7.06437,3.2,2.4,0.8,61.8
,79.98245,7.07807,3.2,2.4,0.8,64.4
,79.92514,7.07187,3.2,2.4,0.8,69.8
,79.99876,7.08643,3.2,2.4,0.8,63.2
,79.99862,7.08659,3.2,2.4,0.8,63.3
,79.9833,7.077,3.2,2.4,0.8,64.3
,79.92487,7.06942,6.4,5.6,0.8,69.7
,79.93425,7.07158,3.2,2.4,0.8,68.9
,79.98622,7.09191,3.2,2.4,0.8,64.7
,79.98611,7.09194,3.2,2.4,0.8,64.8
,80.00143,7.06674,3.2,2.4,0.8,62.0
Siyapatha,80.02011,7.09116,3.2,2.4,0.8,61.4
,79.93234,7.07112,3.2,2.4,0.8,69.0
,79.97915,7.09286,3.2,2.4,0.8,65.5
,79.97844,7.09302,6.4,5.6,0.8,65.6
,79.97789,7.09397,3.2,2.4,0.8,65.7
,79.97861,7.09271,6.4,5.6,0.8,65.5
,79.97903,7.09266,3.2,2.4,0.8,65.5
,80.01788,7.09461,3.2,2.4,0.8,61.9
,80.01755,7.095,3.2,2.4,0.8,61.9
,80.04282,7.10631,3.2,2.4,0.8,60.2
,80.04191,7.10292,6.4,5.6,0.8,60.1
,80.01374,7.09481,3.2,2.4,0.8,62.3
,80.01362,7.09484,3.2,2.4,0.8,62.3
,79.9868,7.06086,3.2,2.4,0.8,63.1
,80.04878,7.11297,3.2,2.4,0.8,60.1
,80.04897,7.1129,3.2,2.4,0.8,60.0
,80.05089,7.1066,3.2,2.4,0.8,59.5
,80.01144,7.08099,3.2,2.4,0.8,61.7
,80.04491,7.11121,3.2,2.4,0.8,60.3
,80.04476,7.11126,3.2,2.4,0.8,60.3
,80.05181,7.1057,3.2,2.4,0.8,59.3
,80.0127,7.08254,3.2,2.4,0.8,61.7
,80.0122,7.08273,3.2,2.4,0.8,61.7
,80.04723,7.10277,3.2,2.4,0.8,59.6
,80.04865,7.10303,3.2,2.4,0.8,59.5
,80.01904,7.09649,3.2,2.4,0.8,61.9
,80.01964,7.09607,3.2,2.4,0.8,61.8
,80.01973,7.09604,3.2,2.4,0.8,61.8
,80.00567,7.05142,3.2,2.4,0.8,60.8
,80.00699,7.05159,3.2,2.4,0.8,60.7
,80.00699,7.05148,3.2,2.4,0.8,60.6
,80.00692,7.0517,3.2,2.4,0.8,60.7
,80.00335,7.04648,3.2,2.4,0.8,60.8
,79.88272,7.0762,3.2,2.4,0.8,74.3
,79.88274,7.07635,3.2,2.4,0.8,74.3
,79.90877,7.15042,3.2,2.4,0.8,75.4
,79.90751,7.15508,3.2,2.4,0.8,75.8
,79.88753,7.07242,3.2,2.4,0.8,73.6
,79.8874,7.07239,3.2,2.4,0.8,73.6
,79.89522,7.15255,3.2,2.4,0.8,76.8
,79.97644,7.05472,3.2,2.4,0.8,63.8
,79.98029,7.05589,3.2,2.4,0.8,63.5
,80.03106,7.09218,3.2,2.4,0.8,60.5
,79.98113,7.05148,3.2,2.4,0.8,63.2
,79.98121,7.05162,3.2,2.4,0.8,63.2
,79.91534,7.07575,3.2,2.4,0.8,70.9
,79.91525,7.07596,3.2,2.4,0.8,71.0
,79.9177,7.07578,3.2,2.4,0.8,70.7
,80.03098,7.08696,3.2,2.4,0.8,60.2
,80.028,7.0782,3.2,2.4,0.8,60.0
,80.02789,7.0886,3.2,2.4,0.8,60.6
,80.02772,7.08858,3.2,2.4,0.8,60.6
,80.02564,7.09388,3.2,2.4,0.8,61.1
,80.01844,7.08809,3.2,2.4,0.8,61.4
,80.01668,7.08953,3.2,2.4,0.8,61.7
,80.01426,7.08684,6.4,5.6,0.8,61.8
,79.91811,7.15144,3.2,2.4,0.8,74.5
,79.91817,7.15148,3.2,2.4,0.8,74.5
,79.91835,7.15148,3.2,2.4,0.8,74.5
,80.0253,7.06034,3.2,2.4,0.8,59.3
,80.02539,7.06018,3.2,2.4,0.8,59.3
,80.04011,7.0751,3.2,2.4,0.8,58.6
,80.04009,7.07494,3.2,2.4,0.8,58.6
,80.04062,7.07463,3.2,2.4,0.8,58.6
,80.02196,7.07573,3.2,2.4,0.8,60.4
,79.93584,7.08613,3.2,2.4,0.8,69.4
,79.93569,7.08623,3.2,2.4,0.8,69.4
,79.93575,7.08631,3.2,2.4,0.8,69.4
,79.93565,7.08613,3.2,2.4,0.8,69.4
,80.02055,7.06498,3.2,2.4,0.8,60.0
,79.93137,7.08737,3.2,2.4,0.8,69.9
,79.93127,7.08732,3.2,2.4,0.8,69.9
,79.92081,7.08885,3.2,2.4,0.8,71.0
,79.92302,7.08766,3.2,2.4,0.8,70.7
,79.9231,7.08675,3.2,2.4,0.8,70.7
,79.92468,7.08608,3.2,2.4,0.8,70.5
,79.92328,7.08668,3.2,2.4,0.8,70.7
,80.01375,7.06553,3.2,2.4,0.8,60.7
,79.91741,7.08779,3.2,2.4,0.8,71.3
,79.91742,7.08766,3.2,2.4,0.8,71.3
,79.88983,7.14611,3.2,2.4,0.8,77.0
,79.91502,7.08416,3.2,2.4,0.8,71.4
,79.91521,7.08422,3.2,2.4,0.8,71.4
,79.91508,7.08423,3.2,2.4,0.8,71.4
,79.91981,7.08428,3.2,2.4,0.8,70.9
,79.88936,7.10363,3.2,2.4,0.8,74.9
,80.02329,7.02866,3.2,2.4,0.8,57.9
,80.02408,7.02629,3.2,2.4,0.8,57.7
,79.89107,7.10488,3.2,2.4,0.8,74.7
,79.89119,7.1047,3.2,2.4,0.8,74.7
,79.89116,7.10491,3.2,2.4,0.8,74.7
,79.97358,7.05332,3.2,2.4,0.8,64.1
,80.02223,7.03411,3.2,2.4,0.8,58.3
,80.02228,7.03389,3.2,2.4,0.8,58.3
,80.02315,7.03411,3.2,2.4,0.8,58.2
,80.02212,7.03386,3.2,2.4,0.8,58.3
,79.98178,7.04704,3.2,2.4,0.8,63.0
,79.98103,7.04747,3.2,2.4,0.8,63.0
,79.98207,7.04747,3.2,2.4,0.8,62.9
,79.98205,7.04739,3.2,2.4,0.8,62.9
,79.98196,7.0476,3.2,2.4,0.8,63.0
,80.03904,7.0732,3.2,2.4,0.8,58.6
,79.91225,7.07561,3.2,2.4,0.8,71.3
,79.98061,7.03798,3.2,2.4,0.8,62.7
,79.98595,7.03649,3.2,2.4,0.8,62.1
,79.98065,7.0379,3.2,2.4,0.8,62.7
,79.98384,7.03787,3.2,2.4,0.8,62.3
,79.9807,7.0371,3.2,2.4,0.8,62.6
,79.98597,7.03633,3.2,2.4,0.8,62.0
,79.97607,7.04017,3.2,2.4,0.8,63.2
,79.98047,7.03646,3.2,2.4,0.8,62.6
,79.9761,7.04025,3.2,2.4,0.8,63.2
,79.97619,7.04078,6.4,5.6,0.8,63.2
,79.9759,7.04008,3.2,2.4,0.8,63.2
,79.98043,7.03636,3.2,2.4,0.8,62.6
,79.98008,7.04608,3.2,2.4,0.8,63.1
,79.98005,7.0462,3.2,2.4,0.8,63.1
,79.97329,7.04267,3.2,2.4,0.8,63.6
,79.97181,7.03666,3.2,2.4,0.8,63.5
,79.97189,7.03652,3.2,2.4,0.8,63.5
,80.01653,7.03288,3.2,2.4,0.8,58.8
,80.01638,7.0328,3.2,2.4,0.8,58.8
,79.96718,7.04229,6.4,5.6,0.8,64.2
,79.96885,7.04452,3.2,2.4,0.8,64.1
,79.96731,7.04232,6.4,5.6,0.8,64.2
,79.96893,7.04437,3.2,2.4,0.8,64.1
,80.02484,7.03933,3.2,2.4,0.8,58.3
,79.93319,7.0923,3.2,2.4,0.8,70.0
,79.93242,7.09262,3.2,2.4,0.8,70.0
,79.92958,7.09143,6.4,5.6,0.8,70.3
,79.96515,7.0364,6.4,5.6,0.8,64.2
,79.92613,7.09013,3.2,2.4,0.8,70.5
,80.00556,7.04296,3.2,2.4,0.8,60.4
,80.00548,7.04283,3.2,2.4,0.8,60.4
,79.98926,7.03687,6.4,5.6,0.8,61.7
,79.96376,7.03678,3.2,2.4,0.8,64.3
,79.92099,7.09037,3.2,2.4,0.8,71.1
,80.02667,7.03584,3.2,2.4,0.8,57.9
,80.02688,7.036,3.2,2.4,0.8,57.9
,79.97449,7.03228,3.2,2.4,0.8,63.0
,79.97427,7.03231,3.2,2.4,0.8,63.1
Lanka Dewa Sabha Sangamaya,79.89273,7.07191,3.2,2.4,0.8,73.1
,79.89285,7.07192,3.2,2.4,0.8,73.0
,79.99023,7.0348,3.2,2.4,0.8,61.5
,80.0002,7.03967,3.2,2.4,0.8,60.8
,79.99225,7.03844,3.2,2.4,0.8,61.5
,79.99226,7.03859,3.2,2.4,0.8,61.5
,79.99218,7.03943,3.2,2.4,0.8,61.6
,79.99218,7.03848,3.2,2.4,0.8,61.5
,79.99178,7.03651,9.6,8.8,0.8,61.5
,80.00178,7.03317,3.2,2.4,0.8,60.3
,79.99711,7.03058,3.2,2.4,0.8,60.7
,79.9456,7.08121,3.2,2.4,0.8,68.2
,79.94299,7.09225,3.2,2.4,0.8,69.0
,79.93796,7.10689,3.2,2.4,0.8,70.2
,79.93263,7.10852,3.2,2.4,0.8,70.8
,79.96115,7.06817,6.4,5.6,0.8,66.0
,79.94259,7.09372,3.2,2.4,0.8,69.1
,79.88739,7.07257,3.2,2.4,0.8,73.6
,79.94722,7.06015,3.2,2.4,0.8,67.0
,79.95613,7.08218,3.2,2.4,0.8,67.2
,80.03406,7.08723,3.2,2.4,0.8,59.9
,80.03643,7.07942,3.2,2.4,0.8,59.2
,79.98968,7.07437,3.2,2.4,0.8,63.5
,79.9137,7.09481,6.4,5.6,0.8,72.0
,80.02695,7.0861,6.4,5.6,0.8,60.5
,80.03337,7.03912,3.2,2.4,0.8,57.4
,79.97057,7.08261,3.2,2.4,0.8,65.8
,80.03073,7.03567,3.2,2.4,0.8,57.5
,80.03115,7.03562,3.2,2.4,0.8,57.5
,80.03104,7.03556,3.2,2.4,0.8,57.5
,80.03072,7.03553,3.2,2.4,0.8,57.5
,80.02738,7.03725,3.2,2.4,0.8,57.9
,80.00578,7.05647,3.2,2.4,0.8,61.0
,79.91972,7.08429,3.2,2.4,0.8,70.9
,79.91976,7.08433,3.2,2.4,0.8,70.9
,80.02053,7.06482,3.2,2.4,0.8,60.0
,80.04043,7.07475,3.2,2.4,0.8,58.6
,80.01205,7.05457,3.2,2.4,0.8,60.3
,80.01737,7.06605,3.2,2.4,0.8,60.4
,80.03256,7.08236,3.2,2.4,0.8,59.8
,80.0385,7.03627,3.2,2.4,0.8,56.8
,79.94216,7.06598,3.2,2.4,0.8,67.8
,79.94217,7.06577,3.2,2.4,0.8,67.8
,80.01488,7.02386,3.2,2.4,0.8,58.6
,79.94258,7.06635,3.2,2.4,0.8,67.8
,79.9426,7.06626,3.2,2.4,0.8,67.8
,80.0025,7.03375,3.2,2.4,0.8,60.3
,79.94041,7.07228,6.4,5.6,0.8,68.3
,80.01739,7.02398,3.2,2.4,0.8,58.3
,80.01722,7.02394,3.2,2.4,0.8,58.3
,79.99279,7.03243,3.2,2.4,0.8,61.2
,79.93972,7.06396,3.2,2.4,0.8,68.0
,80.02085,7.01964,3.2,2.4,0.8,57.8
,79.92643,7.06522,3.2,2.4,0.8,69.4
,79.92736,7.06361,3.2,2.4,0.8,69.2
,80.02408,7.023,3.2,2.4,0.8,57.6
,80.02857,7.0308,3.2,2.4,0.8,57.5
,80.02861,7.03068,3.2,2.4,0.8,57.5
,80.0288,7.03529,3.2,2.4,0.8,57.7
,80.02506,7.03112,3.2,2.4,0.8,57.9
,80.02523,7.02328,3.2,2.4,0.8,57.5
,79.93,7.06586,3.2,2.4,0.8,69.0
,79.92116,7.09045,3.2,2.4,0.8,71.1
,79.92065,7.08896,3.2,2.4,0.8,71.0
,79.94387,7.08524,3.2,2.4,0.8,68.6
,80.00134,7.03074,3.2,2.4,0.8,60.2
,79.97608,7.0357,3.2,2.4,0.8,63.0
,79.93838,7.07559,3.2,2.4,0.8,68.6
,80.02962,7.09621,3.2,2.4,0.8,60.8
,80.02791,7.0957,3.2,2.4,0.8,61.0
,79.98209,7.03411,3.2,2.4,0.8,62.3
,80.02866,7.03081,3.2,2.4,0.8,57.5
,79.97088,7.06279,3.2,2.4,0.8,64.8
,79.96157,7.06121,3.2,2.4,0.8,65.6
,79.96158,7.06131,3.2,2.4,0.8,65.6
,79.94678,7.06071,6.4,5.6,0.8,67.1
,79.947,7.06082,6.4,5.6,0.8,67.1
,79.96397,7.0669,6.4,5.6,0.8,65.7
,80.00673,7.05724,3.2,2.4,0.8,61.0
,79.96404,7.07663,3.2,2.4,0.8,66.1
,80.02694,7.10958,3.2,2.4,0.8,61.9
,80.02704,7.10969,3.2,2.4,0.8,61.9
,79.93482,7.10684,3.2,2.4,0.8,70.5
,80.01747,7.09777,3.2,2.4,0.8,62.1
,80.01018,7.10396,3.2,2.4,0.8,63.1
,80.01008,7.10351,3.2,2.4,0.8,63.1
,80.02,7.06045,3.2,2.4,0.8,59.8
,80.01699,7.09492,3.2,2.4,0.8,62.0
,80.01809,7.09482,3.2,2.4,0.8,61.8
,79.97724,7.09721,3.2,2.4,0.8,65.9
,79.98234,7.078,3.2,2.4,0.8,64.4
,80.05071,7.10681,3.2,2.4,0.8,59.5
,80.02432,7.08592,6.4,5.6,0.8,60.8
,80.01898,7.0948,3.2,2.4,0.8,61.8
,80.02104,7.09203,3.2,2.4,0.8,61.4
,79.94074,7.07771,3.2,2.4,0.8,68.5
,79.94053,7.07781,3.2,2.4,0.8,68.5
,79.94069,7.07777,3.2,2.4,0.8,68.5
,80.0057,7.07152,3.2,2.4,0.8,61.8
,80.00582,7.07177,3.2,2.4,0.8,61.8
,80.02432,7.0324,3.2,2.4,0.8,58.0
,80.0233,7.0341,3.2,2.4,0.8,58.2
,80.05764,7.10737,3.2,2.4,0.8,58.9
,80.05758,7.10722,3.2,2.4,0.8,58.9
,80.01249,7.07308,3.2,2.4,0.8,61.2
,80.02554,7.0278,3.2,2.4,0.8,57.7
,79.96935,7.07967,3.2,2.4,0.8,65.8
,80.00799,7.05289,3.2,2.4,0.8,60.6
,80.00797,7.05336,3.2,2.4,0.8,60.6
,79.96988,7.04722,3.2,2.4,0.8,64.2
,80.00084,7.05744,3.2,2.4,0.8,61.5
,79.99664,7.06618,3.2,2.4,0.8,62.4
,80.00581,7.05615,3.2,2.4,0.8,61.0
,80.03329,7.03918,3.2,2.4,0.8,57.4
,80.01545,7.03487,3.2,2.4,0.8,59.0
,80.01728,7.02384,3.2,2.4,0.8,58.3
,80.00446,7.0684,3.2,2.4,0.8,61.7
,80.01217,7.08288,3.2,2.4,0.8,61.8
,80.02814,7.09572,3.2,2.4,0.8,60.9
,80.03003,7.07531,3.2,2.4,0.8,59.6
,80.02988,7.0753,3.2,2.4,0.8,59.6
,80.04476,7.10945,3.2,2.4,0.8,60.2
,80.04042,7.07461,3.2,2.4,0.8,58.6
,79.97002,7.04714,3.2,2.4,0.8,64.1
,79.97003,7.04719,3.2,2.4,0.8,64.1
,80.04725,7.1026,3.2,2.4,0.8,59.6
,80.02041,7.06496,3.2,2.4,0.8,60.0
,79.94426,7.07855,3.2,2.4,0.8,68.2
,80.01372,7.0576,3.2,2.4,0.8,60.3
,79.98648,7.04459,3.2,2.4,0.8,62.4
,79.97743,7.04198,3.2,2.4,0.8,63.2
Dharma Shala and Pagoda,79.98756,7.04281,6.4,5.6,0.8,62.2
,79.93323,7.06367,3.2,2.4,0.8,68.6
,79.93181,7.06615,3.2,2.4,0.8,68.9
,79.93438,7.07163,3.2,2.4,0.8,68.8
,79.92674,7.10271,3.2,2.4,0.8,71.1
,79.93899,7.1006,3.2,2.4,0.8,69.8
,79.96528,7.04637,3.2,2.4,0.8,64.6
,79.94994,7.09985,3.2,2.4,0.8,68.7
,79.9468,7.08303,3.2,2.4,0.8,68.2
,80.01419,7.09215,3.2,2.4,0.8,62.1
,79.96993,7.04709,3.2,2.4,0.8,64.1
,80.0148,7.06414,3.2,2.4,0.8,60.5
1,80.02792,7.08226,3.2,2.4,0.8,60.2
,79.92726,7.06367,3.2,2.4,0.8,69.2
,80.0326,7.0823,3.2,2.4,0.8,59.8
,80.03279,7.08238,3.2,2.4,0.8,59.8
,80.03268,7.08219,3.2,2.4,0.8,59.8
,79.93002,7.06572,3.2,2.4,0.8,69.0
,79.93199,7.06611,3.2,2.4,0.8,68.8
,80.00194,7.06841,3.2,2.4,0.8,62.0
,80.0268,7.06006,3.2,2.4,0.8,59.1
,80.03823,7.11282,3.2,2.4,0.8,61.0
,80.02006,7.07751,3.2,2.4,0.8,60.7
,79.9795,7.04067,3.2,2.4,0.8,62.9
,79.97502,7.0533,3.2,2.4,0.8,63.9
,80.01619,7.07275,3.2,2.4,0.8,60.8
,80.02211,7.0902,3.2,2.4,0.8,61.2
,79.9322,7.10827,3.2,2.4,0.8,70.9
,79.97872,7.06762,3.2,2.4,0.8,64.2
,80.02213,7.07588,3.2,2.4,0.8,60.4
,80.02212,7.0757,3.2,2.4,0.8,60.4
,79.97625,7.06826,3.2,2.4,0.8,64.5
,79.88782,7.08172,3.2,2.4,0.8,74.0
,79.88794,7.08172,3.2,2.4,0.8,74.0
,79.88804,7.08174,3.2,2.4,0.8,74.0
,80.02322,7.11007,3.2,2.4,0.8,62.2
,79.88626,7.09984,3.2,2.4,0.8,75.0
,79.88619,7.0998,3.2,2.4,0.8,75.0
,79.88615,7.09989,3.2,2.4,0.8,75.0
,79.88246,7.10572,3.2,2.4,0.8,75.6
,79.89034,7.10441,3.2,2.4,0.8,74.8
,79.89288,7.10246,3.2,2.4,0.8,74.4
,79.89267,7.10237,3.2,2.4,0.8,74.5
,79.89278,7.10241,3.2,2.4,0.8,74.5
,79.90482,7.08302,9.6,8.8,0.8,72.3
,80.02988,7.09605,3.2,2.4,0.8,60.8
,80.02994,7.09614,3.2,2.4,0.8,60.8
,80.03102,7.09228,3.2,2.4,0.8,60.5
,80.00376,7.0396,3.2,2.4,0.8,60.4
,79.99998,7.08683,3.2,2.4,0.8,63.1
,79.88961,7.09583,3.2,2.4,0.8,74.5
,79.88959,7.09576,3.2,2.4,0.8,74.5
,79.88949,7.09584,3.2,2.4,0.8,74.5
,79.89867,7.0856,3.2,2.4,0.8,73.1
,79.8987,7.08569,3.2,2.4,0.8,73.1
,79.89867,7.0855,3.2,2.4,0.8,73.1
,79.89889,7.08551,3.2,2.4,0.8,73.0
,79.90181,7.08376,3.2,2.4,0.8,72.7
,79.90177,7.08381,3.2,2.4,0.8,72.7
,79.90188,7.0838,3.2,2.4,0.8,72.7
,79.91095,7.07812,3.2,2.4,0.8,71.5
,79.91106,7.07798,3.2,2.4,0.8,71.5
,79.91419,7.08176,3.2,2.4,0.8,71.3
,79.91438,7.08177,3.2,2.4,0.8,71.3
,79.90972,7.07797,3.2,2.4,0.8,71.6
,79.91138,7.0714,3.2,2.4,0.8,71.1
,79.9112,7.09425,3.2,2.4,0.8,72.2
,79.91128,7.09415,3.2,2.4,0.8,72.2
,79.8947,7.06355,3.2,2.4,0.8,72.5
,79.89564,7.08352,3.2,2.4,0.8,73.3
,79.89542,7.0834,3.2,2.4,0.8,73.3
,79.8938,7.08264,3.2,2.4,0.8,73.4
,79.96276,7.06263,3.2,2.4,0.8,65.6
,79.96409,7.05569,3.2,2.4,0.8,65.1
,79.96159,7.05818,3.2,2.4,0.8,65.5
,79.91388,7.12588,3.2,2.4,0.8,73.6
,79.91394,7.12597,3.2,2.4,0.8,73.6
,79.9163,7.12421,3.2,2.4,0.8,73.2
,79.91646,7.12423,3.2,2.4,0.8,73.2
,79.91857,7.12405,3.2,2.4,0.8,73.0
,80.01357,7.0877,3.2,2.4,0.8,61.9
,79.96128,7.06818,6.4,5.6,0.8,66.0
,79.96128,7.06816,6.4,5.6,0.8,66.0
,79.89107,7.10492,3.2,2.4,0.8,74.7
,80.04798,7.10362,3.2,2.4,0.8,59.6
,79.95711,7.06462,3.2,2.4,0.8,66.2
,80.04466,7.1087,3.2,2.4,0.8,60.2
,79.98687,7.0609,3.2,2.4,0.8,63.1
,79.95982,7.06299,3.2,2.4,0.8,65.9
,80.0083,7.09031,3.2,2.4,0.8,62.5
,80.01231,7.08283,3.2,2.4,0.8,61.7
,79.99436,7.03553,3.2,2.4,0.8,61.2
,80.01144,7.08077,3.2,2.4,0.8,61.7
,79.98614,7.03628,3.2,2.4,0.8,62.0
,79.88662,7.11925,3.2,2.4,0.8,75.9
,79.88644,7.11919,3.2,2.4,0.8,75.9
,79.88653,7.11928,3.2,2.4,0.8,75.9
,79.90662,7.13319,3.2,2.4,0.8,74.7
,79.91902,7.1189,3.2,2.4,0.8,72.7
,79.91847,7.1189,3.2,2.4,0.8,72.7
,79.91912,7.11897,3.2,2.4,0.8,72.7
,79.92816,7.1439,6.4,5.6,0.8,73.2
,79.92816,7.14405,6.4,5.6,0.8,73.2
,79.88758,7.11349,3.2,2.4,0.8,75.5
,80.0573,7.1069,3.2,2.4,0.8,58.9
Prant Villa Rekawa Beach,80.86669,6.05357,6.4,5.6,0.8,92.9
,79.92111,7.12126,3.2,2.4,0.8,72.6
,79.9157,7.11836,3.2,2.4,0.8,73.0
,79.92086,7.07249,6.4,5.6,0.8,70.2
,79.93207,7.09386,3.2,2.4,0.8,70.1
,79.93233,7.0928,3.2,2.4,0.8,70.1
,79.90396,7.08434,3.2,2.4,0.8,72.5
Milk Bar,79.91604,6.97612,3.2,2.4,0.8,67.1
,80.39036,6.66549,3.2,2.4,0.8,20.0
,80.59863,7.26569,3.2,2.4,0.8,51.6
,80.38822,6.66664,3.2,2.4,0.8,20.0
,80.27194,7.81704,3.2,2.4,0.8,114.2
,80.2735,7.8194,3.2,2.4,0.8,114.4
,80.11774,6.61579,3.2,2.4,0.8,47.3
,80.11427,6.61506,3.2,2.4,0.8,47.7
,80.11325,6.63516,3.2,2.4,0.8,46.8
,80.11058,6.64352,3.2,2.4,0.8,46.7
,80.1106,6.64337,3.2,2.4,0.8,46.7
,80.10886,6.64431,3.2,2.4,0.8,46.9
,80.10211,6.62757,3.2,2.4,0.8,48.3
,80.1089,6.63013,3.2,2.4,0.8,47.5
,80.10862,6.63024,3.2,2.4,0.8,47.5
,80.11159,6.62932,3.2,2.4,0.8,47.3
,80.10204,6.62857,3.2,2.4,0.8,48.3
,80.09893,6.63322,3.2,2.4,0.8,48.4
,80.09909,6.62199,3.2,2.4,0.8,48.9
,80.07803,6.64767,3.2,2.4,0.8,49.9
,80.06323,6.6496,3.2,2.4,0.8,51.4
,80.06097,6.65644,3.2,2.4,0.8,51.3
,80.05844,6.65881,3.2,2.4,0.8,51.5
,80.05861,6.65875,3.2,2.4,0.8,51.5
,80.0617,6.66208,3.2,2.4,0.8,51.1
,80.08249,6.69516,6.4,5.6,0.8,47.8
,80.06491,6.65538,3.2,2.4,0.8,51.0
,80.0629,6.65421,3.2,2.4,0.8,51.2
,80.06311,6.65473,3.2,2.4,0.8,51.2
,80.08728,6.69465,3.2,2.4,0.8,47.3
,80.08719,6.69459,3.2,2.4,0.8,47.3
,80.11277,6.62709,3.2,2.4,0.8,47.3
,80.21752,6.35293,3.2,2.4,0.8,59.3
,80.3514,6.63689,3.2,2.4,0.8,25.1
,80.34887,6.67516,3.2,2.4,0.8,22.3
,80.34927,6.67312,3.2,2.4,0.8,22.4
,80.35298,6.68765,3.2,2.4,0.8,21.1
,80.0781,6.64789,3.2,2.4,0.8,49.9
,80.11458,6.61603,3.2,2.4,0.8,47.6
,80.10967,6.64626,3.2,2.4,0.8,46.7
,80.36008,6.68707,3.2,2.4,0.8,20.5
,80.38758,6.63584,3.2,2.4,0.8,22.8
,80.38718,6.63658,3.2,2.4,0.8,22.8
,80.26005,6.21748,3.2,2.4,0.8,70.6
,80.30871,6.70175,3.2,2.4,0.8,24.2
,80.35988,6.68716,3.2,2.4,0.8,20.5
,80.37116,6.68662,3.2,2.4,0.8,19.6
,80.31171,6.71111,3.2,2.4,0.8,23.4
,80.3549,6.68481,3.2,2.4,0.8,21.1
,80.09026,6.72042,3.2,2.4,0.8,46.3
,80.06303,6.65414,3.2,2.4,0.8,51.2
,80.3146,6.68801,3.2,2.4,0.8,24.5
,80.39049,6.66535,3.2,2.4,0.8,20.0
,80.37106,6.6866,3.2,2.4,0.8,19.6
,80.37106,6.68656,3.2,2.4,0.8,19.6
,80.38706,6.63662,3.2,2.4,0.8,22.8
,80.20952,6.36725,3.2,2.4,0.8,58.5
,80.09729,6.70207,3.2,2.4,0.8,46.0
,80.09074,6.60859,3.2,2.4,0.8,50.3
,80.0907,6.60872,3.2,2.4,0.8,50.3
,80.0907,6.60885,3.2,2.4,0.8,50.3
,80.08715,6.69474,3.2,2.4,0.8,47.3
,80.08767,6.69322,3.2,2.4,0.8,47.3
,80.12268,6.61982,3.2,2.4,0.8,46.6
Damyuru Fashion,80.4788,8.03641,6.4,5.6,0.8,135.7
House 20,80.48146,8.036,6.4,5.6,0.8,135.7
,80.06137,7.15394,4.0,3.2,0.8,61.6
,80.06129,7.15383,4.0,3.2,0.8,61.6
Public Play Ground Pavilion,80.12771,7.24227,6.4,5.6,0.8,63.1
,80.84541,6.32075,6.4,5.6,0.8,66.2
,79.94004,6.886,6.4,5.6,0.8,62.4
,79.94007,6.8859,6.4,5.6,0.8,62.4
,80.30367,8.16446,3.2,2.4,0.8,151.4
Bandaranayake Memorial Int. Conference Hall,79.87282,6.90176,6.4,5.7,0.7,70.0
T.D. Wickramasinghe,79.95951,7.05615,3.2,2.5,0.7,65.6
,79.95635,7.05774,6.4,5.7,0.7,66.0
,79.96167,7.06214,6.4,5.7,0.7,65.7
,79.96111,7.06807,6.4,5.7,0.7,66.0
Ceypetco,79.96421,7.07227,3.2,2.5,0.7,65.9
,80.00621,7.01745,3.2,2.5,0.7,59.2
,80.01361,7.01807,3.2,2.5,0.7,58.4
,79.93258,7.09978,3.2,2.5,0.7,70.4
,79.95393,7.07067,3.2,2.5,0.7,66.8
,79.95386,7.07075,3.2,2.5,0.7,66.9
,79.95397,7.07082,3.2,2.5,0.7,66.8
,79.95173,7.0646,3.2,2.5,0.7,66.8
,79.95105,7.06485,3.2,2.5,0.7,66.9
,79.95102,7.06396,3.2,2.5,0.7,66.8
,79.95154,7.06385,3.2,2.5,0.7,66.8
,79.95143,7.06387,3.2,2.5,0.7,66.8
,79.95179,7.0644,3.2,2.5,0.7,66.8
,79.95575,7.05912,3.2,2.5,0.7,66.1
,80.05622,7.11402,3.2,2.5,0.7,59.4
,79.9474,7.06216,3.2,2.5,0.7,67.1
,79.9474,7.062,3.2,2.5,0.7,67.1
,79.9532,7.06349,3.2,2.5,0.7,66.6
,79.98551,7.05733,3.2,2.5,0.7,63.1
,79.98535,7.05732,3.2,2.5,0.7,63.1
,79.97631,7.06164,3.2,2.5,0.7,64.2
,79.97584,7.06212,3.2,2.5,0.7,64.3
,79.97592,7.06214,3.2,2.5,0.7,64.2
,79.9787,7.04904,3.2,2.5,0.7,63.4
,79.97787,7.04848,3.2,2.5,0.7,63.4
,79.96535,7.05818,3.2,2.5,0.7,65.1
,79.96541,7.05841,3.2,2.5,0.7,65.1
,79.98317,7.08286,3.2,2.5,0.7,64.6
,79.96745,7.04778,3.2,2.5,0.7,64.4
,79.96333,7.06738,3.2,2.5,0.7,65.8
,79.96358,7.06655,6.4,5.7,0.7,65.7
,79.95868,7.06581,3.2,2.5,0.7,66.1
,79.96086,7.06803,6.4,5.7,0.7,66.0
,79.95947,7.06802,3.2,2.5,0.7,66.2
,79.96902,7.07189,3.2,2.5,0.7,65.4
,79.97126,7.06939,3.2,2.5,0.7,65.1
,79.96217,7.0945,3.2,2.5,0.7,67.2
,79.9662,7.09297,3.2,2.5,0.7,66.7
,79.98723,7.06283,3.2,2.5,0.7,63.2
,79.9911,7.06166,3.2,2.5,0.7,62.7
Sri Sumangala Weerasingharamaya,79.94934,7.07751,3.2,2.5,0.7,67.6
,79.94222,7.09401,3.2,2.5,0.7,69.1
,79.9428,7.09308,3.2,2.5,0.7,69.0
,79.94378,7.09405,3.2,2.5,0.7,69.0
,79.9427,7.09305,3.2,2.5,0.7,69.1
,79.94379,7.09413,3.2,2.5,0.7,69.0
,79.94283,7.09301,3.2,2.5,0.7,69.0
,80.00553,7.09668,3.2,2.5,0.7,63.1
,79.96579,7.07552,3.2,2.5,0.7,65.9
,79.96431,7.07881,3.2,2.5,0.7,66.2
,79.96427,7.07895,3.2,2.5,0.7,66.2
,79.9477,7.0795,3.2,2.5,0.7,67.9
,80.01209,7.05883,3.2,2.5,0.7,60.5
,80.01195,7.0588,3.2,2.5,0.7,60.5
,80.01207,7.05899,3.2,2.5,0.7,60.5
,80.03811,7.08208,6.4,5.7,0.7,59.2
,80.01831,7.09593,3.2,2.5,0.7,61.9
,79.95783,7.07621,3.2,2.5,0.7,66.7
,80.00262,7.05785,3.2,2.5,0.7,61.4
,80.00254,7.05793,3.2,2.5,0.7,61.4
,79.95425,7.07969,3.2,2.5,0.7,67.3
,79.94695,7.08106,3.2,2.5,0.7,68.0
,79.94679,7.08096,3.2,2.5,0.7,68.1
,79.94215,7.07925,3.2,2.5,0.7,68.4
,80.01028,7.0921,3.2,2.5,0.7,62.4
,79.99466,7.06445,3.2,2.5,0.7,62.5
,79.99037,7.04792,3.2,2.5,0.7,62.1
,79.95134,7.0706,3.2,2.5,0.7,67.1
,79.99136,7.04711,3.2,2.5,0.7,62.0
,79.95141,7.07094,3.2,2.5,0.7,67.1
,79.93085,7.07721,3.2,2.5,0.7,69.5
,79.93094,7.07717,3.2,2.5,0.7,69.4
,80.01897,7.10447,3.2,2.5,0.7,62.3
,79.99355,7.04522,3.2,2.5,0.7,61.7
,79.99365,7.04534,3.2,2.5,0.7,61.7
,80.02379,7.11149,3.2,2.5,0.7,62.3
,80.03519,7.10752,3.2,2.5,0.7,61.0
,80.04145,7.09899,3.2,2.5,0.7,59.9
,80.04142,7.09924,3.2,2.5,0.7,59.9
,80.0414,7.09907,3.2,2.5,0.7,59.9
,79.93157,7.10767,3.2,2.5,0.7,70.9
,80.02903,7.11038,3.2,2.5,0.7,61.7
,80.028,7.11085,3.2,2.5,0.7,61.8
,80.02803,7.11075,3.2,2.5,0.7,61.8
,80.02809,7.11069,3.2,2.5,0.7,61.8
,80.02901,7.11055,3.2,2.5,0.7,61.7
Gampaha Siddhauruwadha (pvt)ltd,80.0367,7.09203,6.4,5.7,0.7,59.9
,79.93148,7.10748,3.2,2.5,0.7,70.9
,80.02548,7.11081,3.2,2.5,0.7,62.1
,80.00784,7.05272,3.2,2.5,0.7,60.6
,79.9328,7.09961,3.2,2.5,0.7,70.4
,79.94251,7.1015,3.2,2.5,0.7,69.5
,79.94248,7.10136,3.2,2.5,0.7,69.5
,80.00436,7.0545,3.2,2.5,0.7,61.1
,80.01378,7.05271,3.2,2.5,0.7,60.0
,80.01362,7.05281,3.2,2.5,0.7,60.1
,80.01367,7.05263,3.2,2.5,0.7,60.0
,80.00411,7.06966,3.2,2.5,0.7,61.8
,80.00484,7.07138,3.2,2.5,0.7,61.9
,80.01873,7.05134,3.2,2.5,0.7,59.5
,80.01855,7.05135,3.2,2.5,0.7,59.5
,80.0038,7.07268,3.2,2.5,0.7,62.0
,80.00775,7.06608,6.4,5.7,0.7,61.3
,80.00294,7.06801,3.2,2.5,0.7,61.9
,80.01697,7.05726,3.2,2.5,0.7,59.9
,80.00719,7.06642,3.2,2.5,0.7,61.4
,80.01187,7.05922,3.2,2.5,0.7,60.5
,80.01184,7.05908,3.2,2.5,0.7,60.5
,80.01321,7.08872,3.2,2.5,0.7,62.0
,80.01167,7.08474,3.2,2.5,0.7,61.9
,80.0151,7.05845,3.2,2.5,0.7,60.2
,80.01493,7.05768,3.2,2.5,0.7,60.2
,79.94188,7.09683,3.2,2.5,0.7,69.3
,80.01912,7.05096,3.2,2.5,0.7,59.4
,79.99051,7.07906,3.2,2.5,0.7,63.7
,79.99845,7.06596,3.2,2.5,0.7,62.2
,79.93053,7.07135,3.2,2.5,0.7,69.2
,79.99467,7.0759,3.2,2.5,0.7,63.1
,80.00306,7.07369,3.2,2.5,0.7,62.2
,80.00301,7.07377,3.2,2.5,0.7,62.2
,80.00313,7.07385,3.2,2.5,0.7,62.2
,80.0032,7.07371,3.2,2.5,0.7,62.1
Farm,79.99572,7.07209,3.2,2.5,0.7,62.8
,79.93064,7.07063,3.2,2.5,0.7,69.2
,79.99803,7.08555,3.2,2.5,0.7,63.3
,80.00118,7.06509,3.2,2.5,0.7,61.9
,80.00124,7.06521,3.2,2.5,0.7,61.9
,79.97824,7.06296,3.2,2.5,0.7,64.1
,79.97579,7.06459,3.2,2.5,0.7,64.4
,79.93472,7.07151,3.2,2.5,0.7,68.8
,79.98405,7.07399,3.2,2.5,0.7,64.0
,79.98511,7.08916,3.2,2.5,0.7,64.7
,80.021,7.09185,3.2,2.5,0.7,61.4
,79.93356,7.07192,3.2,2.5,0.7,68.9
,79.93349,7.07168,3.2,2.5,0.7,68.9
,79.93366,7.07175,3.2,2.5,0.7,68.9
,79.98892,7.07317,3.2,2.5,0.7,63.5
,80.03679,7.10415,3.2,2.5,0.7,60.6
,80.03922,7.10507,3.2,2.5,0.7,60.5
,80.01348,7.09485,3.2,2.5,0.7,62.3
,80.00754,7.08434,3.2,2.5,0.7,62.3
,80.0477,7.11203,3.2,2.5,0.7,60.1
,80.04774,7.11225,3.2,2.5,0.7,60.1
,80.01785,7.0953,3.2,2.5,0.7,61.9
,80.0181,7.09526,3.2,2.5,0.7,61.9
,80.01215,7.07579,3.2,2.5,0.7,61.4
,80.01212,7.07565,3.2,2.5,0.7,61.4
,80.05192,7.11023,3.2,2.5,0.7,59.6
,80.0115,7.08052,3.2,2.5,0.7,61.7
,80.04601,7.1088,6.4,5.7,0.7,60.1
,80.01217,7.08147,3.2,2.5,0.7,61.7
,80.01229,7.08224,3.2,2.5,0.7,61.7
,80.0038,7.05164,3.2,2.5,0.7,61.0
,79.90232,7.15628,3.2,2.5,0.7,76.3
,79.96447,7.05706,6.4,5.7,0.7,65.2
,80.02556,7.09297,3.2,2.5,0.7,61.0
,79.99928,7.05795,3.2,2.5,0.7,61.7
,79.99716,7.05835,3.2,2.5,0.7,62.0
,80.04266,7.09842,3.2,2.5,0.7,59.7
,80.04268,7.09818,3.2,2.5,0.7,59.7
,79.88963,7.07437,3.2,2.5,0.7,73.5
,79.8885,7.07258,3.2,2.5,0.7,73.5
,79.98546,7.05722,3.2,2.5,0.7,63.1
,79.98545,7.05712,3.2,2.5,0.7,63.1
,79.99059,7.05539,3.2,2.5,0.7,62.5
,80.02836,7.09168,3.2,2.5,0.7,60.7
,80.02839,7.09179,3.2,2.5,0.7,60.7
,80.02821,7.09179,3.2,2.5,0.7,60.7
,79.92224,7.07503,3.2,2.5,0.7,70.2
,79.99034,7.05191,3.2,2.5,0.7,62.3
,80.02588,7.09056,3.2,2.5,0.7,60.9
,79.97991,7.05593,3.2,2.5,0.7,63.6
,79.97979,7.05535,3.2,2.5,0.7,63.5
,80.03357,7.09019,3.2,2.5,0.7,60.1
,80.03116,7.09041,3.2,2.5,0.7,60.4
,79.98144,7.05132,3.2,2.5,0.7,63.2
,79.91081,7.15231,3.2,2.5,0.7,75.3
,80.0314,7.0889,3.2,2.5,0.7,60.2
,80.03136,7.08881,3.2,2.5,0.7,60.2
,80.02557,7.09281,3.2,2.5,0.7,61.0
,80.01672,7.08909,3.2,2.5,0.7,61.7
,80.01662,7.08905,3.2,2.5,0.7,61.7
,80.01631,7.08895,3.2,2.5,0.7,61.7
,80.0267,7.0856,3.2,2.5,0.7,60.5
,80.01357,7.08976,3.2,2.5,0.7,62.0
,80.02664,7.08545,3.2,2.5,0.7,60.5
,79.9929,7.0496,3.2,2.5,0.7,62.0
,80.02492,7.08843,3.2,2.5,0.7,60.8
,79.92842,7.08054,3.2,2.5,0.7,69.9
,80.0235,7.08587,6.4,5.7,0.7,60.8
,80.02743,7.09001,3.2,2.5,0.7,60.7
,79.92501,7.08206,3.2,2.5,0.7,70.3
,79.92508,7.082,3.2,2.5,0.7,70.3
,79.92517,7.08201,3.2,2.5,0.7,70.3
,79.92505,7.08222,3.2,2.5,0.7,70.3
,80.02528,7.06064,3.2,2.5,0.7,59.3
,79.99154,7.04712,3.2,2.5,0.7,62.0
,79.93246,7.08218,3.2,2.5,0.7,69.5
,79.93174,7.08037,3.2,2.5,0.7,69.5
,80.01368,7.08208,3.2,2.5,0.7,61.6
,80.01509,7.08293,6.4,5.7,0.7,61.5
,80.0205,7.06454,3.2,2.5,0.7,60.0
,79.9329,7.0898,3.2,2.5,0.7,69.9
,79.93312,7.08973,3.2,2.5,0.7,69.8
,79.93657,7.0895,3.2,2.5,0.7,69.5
,80.01417,7.06296,3.2,2.5,0.7,60.5
,80.01431,7.063,3.2,2.5,0.7,60.5
,80.01374,7.06511,3.2,2.5,0.7,60.7
,80.01379,7.06529,3.2,2.5,0.7,60.7
,80.04684,7.09338,3.2,2.5,0.7,59.1
,80.04674,7.09331,3.2,2.5,0.7,59.1
,79.91479,7.08406,3.2,2.5,0.7,71.4
,79.91493,7.0839,3.2,2.5,0.7,71.4
,79.91503,7.08368,3.2,2.5,0.7,71.3
,80.00243,7.04665,3.2,2.5,0.7,60.9
,80.0022,7.04668,3.2,2.5,0.7,60.9
,80.00231,7.04706,3.2,2.5,0.7,60.9
,79.96826,7.05391,3.2,2.5,0.7,64.6
,79.91878,7.14799,3.2,2.5,0.7,74.3
,79.98152,7.04488,3.2,2.5,0.7,62.9
,79.98149,7.04473,3.2,2.5,0.7,62.9
,79.98468,7.04723,3.2,2.5,0.7,62.7
,79.98238,7.03554,3.2,2.5,0.7,62.4
,79.9626,7.04766,3.2,2.5,0.7,64.9
,79.96314,7.04852,3.2,2.5,0.7,64.9
,79.91244,7.07097,3.2,2.5,0.7,71.0
,79.97972,7.03856,3.2,2.5,0.7,62.8
,79.91233,7.07105,3.2,2.5,0.7,71.0
,79.97985,7.0386,3.2,2.5,0.7,62.8
,80.02099,7.04326,3.2,2.5,0.7,58.9
,79.89717,7.17394,3.2,2.5,0.7,77.8
,80.01118,7.04192,3.2,2.5,0.7,59.8
,79.97428,7.04557,3.2,2.5,0.7,63.6
,79.97105,7.04374,3.2,2.5,0.7,63.9
,79.971,7.04368,3.2,2.5,0.7,63.9
,80.01141,7.04191,3.2,2.5,0.7,59.7
,80.01139,7.04181,3.2,2.5,0.7,59.7
,80.00863,7.04373,3.2,2.5,0.7,60.1
,79.93415,7.09108,3.2,2.5,0.7,69.8
,80.00359,7.04103,3.2,2.5,0.7,60.5
,80.00375,7.04093,3.2,2.5,0.7,60.5
,79.93243,7.09242,3.2,2.5,0.7,70.0
,79.93221,7.09242,3.2,2.5,0.7,70.1
,79.93323,7.09323,6.4,5.7,0.7,70.0
,79.9686,7.03594,3.2,2.5,0.7,63.8
,79.96871,7.03599,3.2,2.5,0.7,63.8
,79.92224,7.09326,3.2,2.5,0.7,71.1
,80.0144,7.03809,3.2,2.5,0.7,59.3
,80.01431,7.03794,3.2,2.5,0.7,59.3
,80.0147,7.0388,3.2,2.5,0.7,59.3
,79.96234,7.04074,3.2,2.5,0.7,64.6
,79.96402,7.03703,3.2,2.5,0.7,64.3
,79.92198,7.09175,3.2,2.5,0.7,71.0
,80.02661,7.03648,3.2,2.5,0.7,58.0
,80.02669,7.0364,3.2,2.5,0.7,58.0
,79.98673,7.03725,3.2,2.5,0.7,62.0
,79.98683,7.03718,3.2,2.5,0.7,62.0
,79.97124,7.03356,3.2,2.5,0.7,63.4
,79.96273,7.04252,3.2,2.5,0.7,64.7
,79.99107,7.03731,3.2,2.5,0.7,61.6
,79.8912,7.09256,3.2,2.5,0.7,74.1
,79.9737,7.0331,3.2,2.5,0.7,63.1
,79.97358,7.03287,3.2,2.5,0.7,63.1
,79.89094,7.09418,3.2,2.5,0.7,74.2
,79.89101,7.0943,3.2,2.5,0.7,74.2
,79.97351,7.03271,3.2,2.5,0.7,63.1
,79.97443,7.03197,3.2,2.5,0.7,63.0
,79.98238,7.03541,3.2,2.5,0.7,62.4
,79.98063,7.03229,3.2,2.5,0.7,62.4
,79.99042,7.03383,3.2,2.5,0.7,61.5
,79.99979,7.03976,3.2,2.5,0.7,60.8
,79.99983,7.03954,3.2,2.5,0.7,60.8
,79.99221,7.03836,3.2,2.5,0.7,61.5
,79.99239,7.03826,3.2,2.5,0.7,61.5
,79.99136,7.03704,6.4,5.7,0.7,61.5
,80.0028,7.03837,3.2,2.5,0.7,60.4
,80.00281,7.03719,3.2,2.5,0.7,60.4
,80.00068,7.0309,3.2,2.5,0.7,60.3
,80.00058,7.03087,3.2,2.5,0.7,60.3
,80.00416,7.03596,3.2,2.5,0.7,60.2
,80.00435,7.03581,3.2,2.5,0.7,60.2
,80.00176,7.04099,3.2,2.5,0.7,60.7
,80.00185,7.041,3.2,2.5,0.7,60.7
,80.01119,7.04182,3.2,2.5,0.7,59.8
,80.0233,7.04083,3.2,2.5,0.7,58.5
,79.91436,7.15113,3.2,2.5,0.7,74.9
,79.91442,7.15114,3.2,2.5,0.7,74.9
,80.02694,7.09379,3.2,2.5,0.7,60.9
,79.97443,7.03212,3.2,2.5,0.7,63.0
,80.03171,7.04238,3.2,2.5,0.7,57.8
,80.02622,7.08532,3.2,2.5,0.7,60.5
,80.03125,7.03572,3.2,2.5,0.7,57.5
,80.00775,7.05265,3.2,2.5,0.7,60.6
,79.91275,7.07092,3.2,2.5,0.7,71.0
,79.91655,7.07701,3.2,2.5,0.7,70.9
,79.93076,7.07719,3.2,2.5,0.7,69.5
,80.09477,7.13867,3.2,2.5,0.7,57.7
,80.03751,7.03719,3.2,2.5,0.7,56.9
,80.01163,7.0739,3.2,2.5,0.7,61.3
,80.01419,7.02252,3.2,2.5,0.7,58.6
,80.01427,7.02248,3.2,2.5,0.7,58.6
,79.99306,7.0338,3.2,2.5,0.7,61.2
,79.94061,7.0727,3.2,2.5,0.7,68.3
,79.9407,7.07274,3.2,2.5,0.7,68.3
,79.94054,7.07261,3.2,2.5,0.7,68.3
,79.94434,7.06738,3.2,2.5,0.7,67.6
,80.00364,7.0326,3.2,2.5,0.7,60.1
,79.94322,7.06779,3.2,2.5,0.7,67.8
,79.94033,7.06638,3.2,2.5,0.7,68.0
,80.02006,7.01936,3.2,2.5,0.7,57.8
,80.02121,7.02284,3.2,2.5,0.7,57.9
,79.93664,7.06602,6.4,5.7,0.7,68.4
,80.00733,7.02642,3.2,2.5,0.7,59.4
,80.00713,7.02643,3.2,2.5,0.7,59.5
,80.00352,7.02464,3.2,2.5,0.7,59.7
,80.00728,7.02622,3.2,2.5,0.7,59.4
,80.00279,7.02499,3.2,2.5,0.7,59.8
,80.02087,7.01856,3.2,2.5,0.7,57.7
,80.02148,7.01781,6.4,5.7,0.7,57.6
,79.93222,7.0678,3.2,2.5,0.7,68.9
,79.93158,7.06621,3.2,2.5,0.7,68.9
,79.93161,7.06612,3.2,2.5,0.7,68.9
,79.92915,7.06702,3.2,2.5,0.7,69.2
,80.00565,7.02716,3.2,2.5,0.7,59.6
,80.00551,7.02709,3.2,2.5,0.7,59.7
,80.00558,7.02724,3.2,2.5,0.7,59.7
,80.03013,7.02835,3.2,2.5,0.7,57.2
,80.03006,7.02839,3.2,2.5,0.7,57.2
,80.00443,7.02816,3.2,2.5,0.7,59.8
,80.0044,7.02836,3.2,2.5,0.7,59.8
,80.00417,7.02744,3.2,2.5,0.7,59.8
,80.02015,7.06017,3.2,2.5,0.7,59.8
,80.03246,7.0794,6.4,5.7,0.7,59.6
,79.96876,7.03601,3.2,2.5,0.7,63.8
,80.03826,7.09374,3.2,2.5,0.7,59.9
,80.0233,7.05042,3.2,2.5,0.7,59.0
,80.00058,7.03106,3.2,2.5,0.7,60.3
,80.01222,7.05696,3.2,2.5,0.7,60.4
,79.92842,7.08045,3.2,2.5,0.7,69.9
,80.00809,7.09651,3.2,2.5,0.7,62.9
,79.97665,7.07068,3.2,2.5,0.7,64.6
,79.98327,7.08282,3.2,2.5,0.7,64.6
Sub Post Office,80.04055,7.09578,3.2,2.5,0.7,59.8
,79.98508,7.08928,3.2,2.5,0.7,64.7
,79.93632,7.10232,3.2,2.5,0.7,70.1
,80.01397,7.09747,3.2,2.5,0.7,62.4
,80.01822,7.09569,3.2,2.5,0.7,61.9
,79.99122,7.09066,3.2,2.5,0.7,64.2
,79.9865,7.08205,3.2,2.5,0.7,64.2
,79.99575,7.08868,3.2,2.5,0.7,63.7
,80.01583,7.09122,3.2,2.5,0.7,61.9
,79.98422,7.0786,6.4,5.7,0.7,64.2
,79.98216,7.07693,3.2,2.5,0.7,64.4
,80.01172,7.05928,3.2,2.5,0.7,60.6
,79.97819,7.07683,6.4,5.7,0.7,64.7
,79.9922,7.09374,3.2,2.5,0.7,64.3
,80.00249,7.05772,3.2,2.5,0.7,61.4
,80.04124,7.09911,3.2,2.5,0.7,59.9
,80.02582,7.09081,3.2,2.5,0.7,60.9
,80.00417,7.06986,3.2,2.5,0.7,61.8
,79.98687,7.03706,3.2,2.5,0.7,62.0
,79.99665,7.05754,3.2,2.5,0.7,62.0
,80.00767,7.05261,3.2,2.5,0.7,60.6
,80.01217,7.0736,3.2,2.5,0.7,61.3
,80.05144,7.11054,6.4,5.7,0.7,59.7
,79.97778,7.04862,3.2,2.5,0.7,63.4
,79.94679,7.08111,3.2,2.5,0.7,68.1
,80.03912,7.11639,3.2,2.5,0.7,61.2
,80.02365,7.11145,3.2,2.5,0.7,62.3
,80.0076,7.0528,3.2,2.5,0.7,60.6
,79.9948,7.06322,3.2,2.5,0.7,62.4
,79.99489,7.06312,3.2,2.5,0.7,62.4
,79.99504,7.06321,3.2,2.5,0.7,62.4
,80.00476,7.06907,3.2,2.5,0.7,61.7
,80.00458,7.05468,3.2,2.5,0.7,61.0
,80.02774,7.07756,3.2,2.5,0.7,60.0
,80.02777,7.07828,3.2,2.5,0.7,60.0
,80.02013,7.06023,3.2,2.5,0.7,59.8
,79.96893,7.05722,3.2,2.5,0.7,64.7
,79.96887,7.05728,3.2,2.5,0.7,64.7
,79.94445,7.06744,3.2,2.5,0.7,67.6
,79.94848,7.06459,3.2,2.5,0.7,67.1
,79.98853,7.04715,6.4,5.7,0.7,62.3
,79.96254,7.04268,3.2,2.5,0.7,64.7
,80.01911,7.05112,3.2,2.5,0.7,59.4
,79.93882,7.06349,3.2,2.5,0.7,68.0
,79.93432,7.07132,3.2,2.5,0.7,68.8
,79.93328,7.07308,6.4,5.7,0.7,69.0
,79.92884,7.06538,3.2,2.5,0.7,69.1
,80.00938,7.02803,3.2,2.5,0.7,59.3
,80.0046,7.01663,3.2,2.5,0.7,59.3
,79.95951,7.06811,3.2,2.5,0.7,66.2
,80.00462,7.02823,3.2,2.5,0.7,59.8
,79.95435,7.08062,6.4,5.7,0.7,67.3
,79.95571,7.07645,3.2,2.5,0.7,66.9
,79.94693,7.08092,3.2,2.5,0.7,68.0
,80.00787,7.10095,3.2,2.5,0.7,63.2
,80.00366,7.06654,3.2,2.5,0.7,61.7
,79.96191,7.09456,3.2,2.5,0.7,67.2
,79.97422,7.04545,3.2,2.5,0.7,63.6
,80.01363,7.06522,3.2,2.5,0.7,60.7
,80.01843,7.09807,3.2,2.5,0.7,62.0
Buddas Statue,80.00361,7.06652,3.2,2.5,0.7,61.7
,80.02532,7.06043,3.2,2.5,0.7,59.3
,80.02539,7.06053,3.2,2.5,0.7,59.3
,80.00317,7.07377,3.2,2.5,0.7,62.1
,80.04143,7.09916,3.2,2.5,0.7,59.9
,80.03886,7.10485,3.2,2.5,0.7,60.5
,79.9788,7.04897,3.2,2.5,0.7,63.3
Educational Office Gampaha,80.00713,7.0922,3.2,2.5,0.7,62.7
,79.888,7.0826,3.2,2.5,0.7,74.0
,79.88786,7.08261,3.2,2.5,0.7,74.0
,79.88811,7.07948,3.2,2.5,0.7,73.9
,79.96741,7.05998,3.2,2.5,0.7,65.0
,79.96755,7.0599,3.2,2.5,0.7,65.0
,79.96961,7.06685,3.2,2.5,0.7,65.1
,79.89089,7.09433,3.2,2.5,0.7,74.3
,79.89123,7.09493,3.2,2.5,0.7,74.3
,79.88796,7.09497,3.2,2.5,0.7,74.6
,79.89168,7.106,3.2,2.5,0.7,74.7
,79.89169,7.10592,3.2,2.5,0.7,74.7
,79.89391,7.0936,3.2,2.5,0.7,73.9
,79.89391,7.09377,3.2,2.5,0.7,73.9
,79.89114,7.09564,3.2,2.5,0.7,74.3
,79.89172,7.09741,3.2,2.5,0.7,74.3
,79.8916,7.09809,3.2,2.5,0.7,74.4
,80.02218,7.05113,3.2,2.5,0.7,59.1
,79.90411,7.08293,3.2,2.5,0.7,72.4
,79.90421,7.08293,3.2,2.5,0.7,72.4
,79.88276,7.07592,3.2,2.5,0.7,74.2
,79.93409,7.09139,3.2,2.5,0.7,69.8
Weerawardana Hardware,80.04022,7.09516,3.2,2.5,0.7,59.8
,79.89331,7.07418,6.4,5.7,0.7,73.1
,80.00186,7.08617,3.2,2.5,0.7,62.9
Nivasiepura Swimming Pool,79.90624,7.11944,3.2,2.5,0.7,74.0
Lottery Hut,79.89095,7.08271,3.2,2.5,0.7,73.7
,79.87985,7.0587,3.2,2.5,0.7,73.8
,79.87981,7.05856,3.2,2.5,0.7,73.8
,79.89385,7.07397,6.4,5.7,0.7,73.0
,79.88143,7.05891,3.2,2.5,0.7,73.7
,79.90492,7.08426,3.2,2.5,0.7,72.4
,79.9051,7.08435,3.2,2.5,0.7,72.4
,79.9051,7.08428,3.2,2.5,0.7,72.4
,79.91369,7.08434,3.2,2.5,0.7,71.5
,79.91256,7.07793,3.2,2.5,0.7,71.3
,79.90752,7.08062,6.4,5.7,0.7,72.0
,79.91133,7.09459,3.2,2.5,0.7,72.2
,79.91139,7.09441,3.2,2.5,0.7,72.2
,79.91173,7.09466,3.2,2.5,0.7,72.2
,79.91123,7.09441,3.2,2.5,0.7,72.2
,79.91144,7.09558,3.2,2.5,0.7,72.3
,79.91165,7.09572,3.2,2.5,0.7,72.3
,79.91145,7.0957,3.2,2.5,0.7,72.3
,79.9115,7.09568,3.2,2.5,0.7,72.3
,79.89222,7.06112,3.2,2.5,0.7,72.6
,79.89376,7.06053,3.2,2.5,0.7,72.5
,79.89376,7.06066,3.2,2.5,0.7,72.5
,79.89428,7.06347,3.2,2.5,0.7,72.5
,79.89445,7.0637,3.2,2.5,0.7,72.5
,79.89412,7.06372,3.2,2.5,0.7,72.6
,79.89459,7.06354,3.2,2.5,0.7,72.5
,79.89447,7.06351,3.2,2.5,0.7,72.5
,79.89412,7.06363,3.2,2.5,0.7,72.6
,79.89423,7.06364,3.2,2.5,0.7,72.5
,79.89459,7.06371,3.2,2.5,0.7,72.5
,79.99655,7.05759,3.2,2.5,0.7,62.0
,79.909,7.10794,3.2,2.5,0.7,73.1
,79.90897,7.10782,3.2,2.5,0.7,73.1
,79.89681,7.12233,3.2,2.5,0.7,75.0
,79.89684,7.12261,3.2,2.5,0.7,75.1
,79.89672,7.12254,3.2,2.5,0.7,75.1
,79.89299,7.08346,3.2,2.5,0.7,73.5
,79.89305,7.08351,3.2,2.5,0.7,73.5
,79.89352,7.08266,3.2,2.5,0.7,73.5
,79.89369,7.08267,3.2,2.5,0.7,73.4
,79.89353,7.0825,3.2,2.5,0.7,73.4
,79.98127,7.04477,3.2,2.5,0.7,62.9
,79.98131,7.04484,3.2,2.5,0.7,62.9
,79.96797,7.06776,3.2,2.5,0.7,65.3
,79.95996,7.05819,3.2,2.5,0.7,65.7
,80.00679,7.08823,6.4,5.7,0.7,62.6
,79.91377,7.12563,3.2,2.5,0.7,73.6
,79.91369,7.1257,3.2,2.5,0.7,73.6
,79.91378,7.12588,3.2,2.5,0.7,73.6
,79.91638,7.12462,3.2,2.5,0.7,73.3
,79.92082,7.1226,3.2,2.5,0.7,72.7
,79.96088,7.06826,3.2,2.5,0.7,66.0
,80.0455,7.10764,6.4,5.7,0.7,60.0
,80.01157,7.08072,3.2,2.5,0.7,61.7
,79.89117,7.0955,3.2,2.5,0.7,74.3
,79.87761,7.11804,3.2,2.5,0.7,76.7
,79.95105,7.06472,3.2,2.5,0.7,66.9
,79.91178,7.13417,3.2,2.5,0.7,74.2
,79.91261,7.13357,3.2,2.5,0.7,74.1
,79.91365,7.12588,3.2,2.5,0.7,73.6
,79.91357,7.1257,3.2,2.5,0.7,73.6
,79.89676,7.12283,3.2,2.5,0.7,75.1
,79.8969,7.12286,3.2,2.5,0.7,75.1
,80.00821,7.06424,3.2,2.5,0.7,61.2
,79.9217,7.12999,3.2,2.5,0.7,73.0
,79.90433,7.08293,3.2,2.5,0.7,72.4
,79.89368,7.08246,3.2,2.5,0.7,73.4
,79.89363,7.08264,3.2,2.5,0.7,73.4
,79.89421,7.15461,3.2,2.5,0.7,77.0
,79.902,7.14771,3.2,2.5,0.7,75.9
,79.89828,7.08264,3.2,2.5,0.7,73.0
,79.89822,7.06541,6.4,5.7,0.7,72.2
,79.89832,7.06563,6.4,5.7,0.7,72.2
,79.9213,7.07207,6.4,5.7,0.7,70.2
,79.92254,7.08215,3.2,2.5,0.7,70.5
,79.90106,7.08354,3.2,2.5,0.7,72.7
,80.34202,6.69884,3.2,2.5,0.7,21.3
,80.35584,6.64544,3.2,2.5,0.7,24.1
,80.35604,6.64548,3.2,2.5,0.7,24.1
"Upper School Building, S.Thomas' College",79.86539,6.83624,6.4,5.7,0.7,70.1
,79.92427,6.84661,6.4,5.7,0.7,63.7
,79.84025,7.51622,3.2,2.5,0.7,106.8
,79.90673,6.84973,3.2,2.5,0.7,65.7
,80.27008,7.81984,3.2,2.5,0.7,114.6
,80.27395,7.8187,3.2,2.5,0.7,114.4
,80.27491,7.81941,3.2,2.5,0.7,114.4
,80.11607,6.60997,3.2,2.5,0.7,47.8
,80.11611,6.61023,3.2,2.5,0.7,47.8
,80.11135,6.6235,3.2,2.5,0.7,47.6
,80.11176,6.61875,3.2,2.5,0.7,47.8
,80.11216,6.62738,3.2,2.5,0.7,47.3
,80.10884,6.62847,3.2,2.5,0.7,47.6
,80.10458,6.70676,3.2,2.5,0.7,45.1
,80.09053,6.69046,3.2,2.5,0.7,47.1
,80.0919,6.64368,3.2,2.5,0.7,48.6
,80.08022,6.63439,3.2,2.5,0.7,50.2
,80.07913,6.64697,3.2,2.5,0.7,49.8
,80.08435,6.65562,3.2,2.5,0.7,48.9
,80.10101,6.71643,3.2,2.5,0.7,45.2
,80.10016,6.71833,3.2,2.5,0.7,45.3
,80.07303,6.65712,3.2,2.5,0.7,50.1
,80.08601,6.67767,3.2,2.5,0.7,48.0
,80.0696,6.66442,3.2,2.5,0.7,50.2
,80.06955,6.6642,3.2,2.5,0.7,50.2
,80.06974,6.66421,3.2,2.5,0.7,50.1
,80.06343,6.64959,3.2,2.5,0.7,51.3
,80.06492,6.66357,3.2,2.5,0.7,50.7
,80.08845,6.69149,3.2,2.5,0.7,47.3
,80.09871,6.72326,3.2,2.5,0.7,45.3
,80.2241,6.35978,3.2,2.5,0.7,58.3
,80.22546,6.36792,3.2,2.5,0.7,57.5
,80.36367,6.65786,3.2,2.5,0.7,22.5
,80.36007,6.63583,3.2,2.5,0.7,24.6
,80.35277,6.64526,3.2,2.5,0.7,24.3
,80.37882,6.66306,6.4,5.7,0.7,21.0
,80.39293,6.64727,3.2,2.5,0.7,21.5
,80.35518,6.66989,3.2,2.5,0.7,22.2
,80.33659,6.70362,3.2,2.5,0.7,21.5
,80.33669,6.70378,3.2,2.5,0.7,21.5
,80.0765,6.6815,3.2,2.5,0.7,48.8
,80.07715,6.65138,3.2,2.5,0.7,49.8
,80.10468,6.70659,3.2,2.5,0.7,45.1
,80.36407,6.69525,3.2,2.5,0.7,19.6
,80.39273,6.63996,3.2,2.5,0.7,22.1
,80.25757,6.72952,3.2,2.5,0.7,28.2
,80.23505,6.73148,3.2,2.5,0.7,30.5
,80.28577,6.71239,3.2,2.5,0.7,25.9
,80.37248,6.68707,3.2,2.5,0.7,19.5
,80.25969,6.21978,3.2,2.5,0.7,70.4
,80.04228,6.82308,6.4,5.7,0.7,50.6
,80.11628,6.61823,3.2,2.5,0.7,47.3
,80.08174,6.63474,3.2,2.5,0.7,50.1
,80.1113,6.62975,3.2,2.5,0.7,47.3
,80.10469,6.70676,3.2,2.5,0.7,45.1
,80.11179,6.62257,3.2,2.5,0.7,47.6
,80.34584,6.67482,3.2,2.5,0.7,22.6
,80.38352,6.66022,3.2,2.5,0.7,20.9
,80.31711,6.71975,3.2,2.5,0.7,22.5
,80.3725,6.68725,3.2,2.5,0.7,19.5
,80.35993,6.636,3.2,2.5,0.7,24.6
,80.21595,6.36869,3.2,2.5,0.7,58.0
,80.31226,6.71612,3.2,2.5,0.7,23.1
,80.39438,6.6158,3.2,2.5,0.7,24.4
,80.08793,6.69345,3.2,2.5,0.7,47.3
,80.26439,6.23117,3.2,2.5,0.7,69.0
,80.03878,6.27385,3.0,2.3,0.7,78.1
,80.03876,6.274,3.0,2.3,0.7,78.1
,80.34,6.92815,12.0,11.3,0.7,22.0
,79.9489,7.16848,3.0,2.3,0.7,72.6
,79.9667,6.5924,9.6,8.9,0.7,63.6
,80.27708,7.81506,3.2,2.5,0.7,113.9
,80.27711,7.81589,3.2,2.5,0.7,114.0
,80.17611,6.13946,6.4,5.7,0.7,82.3
,79.9563,7.05795,6.4,5.8,0.6,66.0
,79.96216,7.06187,3.2,2.6,0.6,65.6
,80.00381,7.02773,3.2,2.6,0.6,59.9
,79.99564,7.08833,3.2,2.6,0.6,63.6
,79.99573,7.08847,3.2,2.6,0.6,63.6
,80.01054,7.02323,3.2,2.6,0.6,59.0
,80.01293,7.01771,3.2,2.6,0.6,58.5
,80.0064,7.01777,3.2,2.6,0.6,59.2
,80.00594,7.01712,3.2,2.6,0.6,59.2
,80.01548,7.01755,3.2,2.6,0.6,58.2
,80.01366,7.01897,3.2,2.6,0.6,58.5
,80.01545,7.01735,3.2,2.6,0.6,58.2
,79.9316,7.09964,3.2,2.6,0.6,70.5
,79.93158,7.09986,3.2,2.6,0.6,70.5
,79.94758,7.06079,3.2,2.6,0.6,67.0
,79.94782,7.06062,3.2,2.6,0.6,67.0
,79.95693,7.05816,3.2,2.6,0.6,66.0
,79.95698,7.05827,3.2,2.6,0.6,66.0
,79.95398,7.05939,3.2,2.6,0.6,66.3
,79.95408,7.05929,3.2,2.6,0.6,66.3
,79.9539,7.05945,3.2,2.6,0.6,66.3
,79.95384,7.05935,3.2,2.6,0.6,66.3
,80.05661,7.11403,3.2,2.6,0.6,59.4
,79.95772,7.06739,3.2,2.6,0.6,66.3
,79.96112,7.07256,3.2,2.6,0.6,66.2
,79.98429,7.05939,3.2,2.6,0.6,63.3
,79.96669,7.05752,3.2,2.6,0.6,65.0
,79.97065,7.06203,3.2,2.6,0.6,64.8
,79.97078,7.06221,3.2,2.6,0.6,64.8
,79.97085,7.06198,3.2,2.6,0.6,64.7
,79.97483,7.05769,6.4,5.8,0.6,64.1
,79.97965,7.06115,3.2,2.6,0.6,63.8
,79.96709,7.06728,3.2,2.6,0.6,65.4
,79.96633,7.06671,3.2,2.6,0.6,65.4
,79.96856,7.06182,3.2,2.6,0.6,65.0
,79.96002,7.05981,3.2,2.6,0.6,65.7
,79.96004,7.0599,3.2,2.6,0.6,65.7
,79.9597,7.05917,3.2,2.6,0.6,65.7
,79.95981,7.05978,3.2,2.6,0.6,65.7
,79.98136,7.08346,3.2,2.6,0.6,64.8
,79.96772,7.04723,3.2,2.6,0.6,64.4
,79.98607,7.08201,3.2,2.6,0.6,64.2
,79.96519,7.08131,3.2,2.6,0.6,66.3
,79.96905,7.07261,3.2,2.6,0.6,65.4
,79.97192,7.07068,3.2,2.6,0.6,65.1
,79.97199,7.07158,6.4,5.8,0.6,65.1
,79.9665,7.09234,3.2,2.6,0.6,66.7
,79.96648,7.09249,3.2,2.6,0.6,66.7
,79.84348,6.93602,9.6,9.0,0.6,73.8
,79.95105,7.077,3.2,2.6,0.6,67.4
,80.00657,7.09816,3.2,2.6,0.6,63.1
,79.96515,7.07477,3.2,2.6,0.6,65.9
,79.96515,7.07493,3.2,2.6,0.6,65.9
,79.95202,7.07932,3.2,2.6,0.6,67.5
,80.03619,7.07922,3.2,2.6,0.6,59.2
,80.0361,7.07943,3.2,2.6,0.6,59.3
,80.03633,7.07934,3.2,2.6,0.6,59.2
,79.94907,7.08427,3.2,2.6,0.6,68.0
,79.95945,7.07569,3.2,2.6,0.6,66.5
,79.95932,7.07558,3.2,2.6,0.6,66.5
,79.93272,7.10322,3.2,2.6,0.6,70.5
,79.95632,7.07601,3.2,2.6,0.6,66.9
,79.95679,7.07612,3.2,2.6,0.6,66.8
,79.95696,7.07611,3.2,2.6,0.6,66.8
,80.00816,7.09701,3.2,2.6,0.6,62.9
,80.00819,7.09676,3.2,2.6,0.6,62.9
,80.01962,7.06033,3.2,2.6,0.6,59.8
,79.93471,7.10445,3.2,2.6,0.6,70.4
,79.9346,7.10445,3.2,2.6,0.6,70.4
,79.95438,7.07942,3.2,2.6,0.6,67.2
,79.95539,7.08178,3.2,2.6,0.6,67.2
,79.98136,7.06554,3.2,2.6,0.6,63.9
,80.01199,7.09223,3.2,2.6,0.6,62.3
,79.95464,7.07446,3.2,2.6,0.6,67.0
,79.99303,7.06397,3.2,2.6,0.6,62.6
,79.99263,7.0681,3.2,2.6,0.6,62.9
,79.99651,7.06503,3.2,2.6,0.6,62.4
,79.99624,7.06517,3.2,2.6,0.6,62.4
,79.99674,7.06467,6.4,5.8,0.6,62.3
,79.9885,7.04923,3.2,2.6,0.6,62.4
,79.95235,7.07047,3.2,2.6,0.6,67.0
,79.9522,7.07056,3.2,2.6,0.6,67.0
,79.95194,7.07104,6.4,5.8,0.6,67.1
,79.98647,7.0433,3.2,2.6,0.6,62.3
,79.99261,7.04437,3.2,2.6,0.6,61.7
,80.03417,7.07404,3.2,2.6,0.6,59.2
,80.02796,7.09714,3.2,2.6,0.6,61.0
,80.04142,7.09879,3.2,2.6,0.6,59.9
,80.0414,7.09871,3.2,2.6,0.6,59.9
,79.93552,7.10648,3.2,2.6,0.6,70.4
,79.93529,7.10662,3.2,2.6,0.6,70.5
,80.04044,7.09491,3.2,2.6,0.6,59.7
,80.04051,7.0951,3.2,2.6,0.6,59.7
,79.93324,7.1068,3.2,2.6,0.6,70.7
,79.93205,7.10836,3.2,2.6,0.6,70.9
,79.9325,7.10882,3.2,2.6,0.6,70.9
,80.02786,7.11082,3.2,2.6,0.6,61.9
,80.0023,7.07465,3.2,2.6,0.6,62.3
,79.93237,7.09969,3.2,2.6,0.6,70.4
,80.00498,7.05595,3.2,2.6,0.6,61.1
,80.00406,7.05189,3.2,2.6,0.6,61.0
,80.00395,7.05182,3.2,2.6,0.6,61.0
,79.93803,7.10531,3.2,2.6,0.6,70.1
,79.9381,7.10551,3.2,2.6,0.6,70.1
,80.00293,7.06692,6.4,5.8,0.6,61.8
,80.01705,7.05692,3.2,2.6,0.6,59.9
,80.00753,7.06533,3.2,2.6,0.6,61.3
,79.94068,7.10121,3.2,2.6,0.6,69.7
,79.94047,7.10114,3.2,2.6,0.6,69.7
,80.0389,7.11626,3.2,2.6,0.6,61.2
,80.01582,7.05746,3.2,2.6,0.6,60.1
,80.00472,7.08763,3.2,2.6,0.6,62.7
,80.00469,7.08777,3.2,2.6,0.6,62.7
Gonahaga Gramaniladhari office,79.93929,7.10017,3.2,2.6,0.6,69.7
,79.9898,7.07737,3.2,2.6,0.6,63.6
,79.99153,7.07381,3.2,2.6,0.6,63.3
,79.99396,7.07517,3.2,2.6,0.6,63.1
,79.99833,7.06547,3.2,2.6,0.6,62.2
,79.99449,7.07505,3.2,2.6,0.6,63.1
,79.99027,7.08898,3.2,2.6,0.6,64.2
,79.9914,7.0739,3.2,2.6,0.6,63.3
,79.99127,7.07376,3.2,2.6,0.6,63.3
,80.02121,7.04756,3.2,2.6,0.6,59.0
,80.02137,7.04748,3.2,2.6,0.6,59.0
,80.02141,7.04755,3.2,2.6,0.6,59.0
,79.98144,7.07657,3.2,2.6,0.6,64.4
,79.99412,7.06949,3.2,2.6,0.6,62.8
,79.94386,7.09766,3.2,2.6,0.6,69.2
,79.99841,7.08644,3.2,2.6,0.6,63.3
,79.97599,7.06527,3.2,2.6,0.6,64.4
,80.00099,7.08711,3.2,2.6,0.6,63.1
,80.00091,7.08711,3.2,2.6,0.6,63.1
,80.00008,7.0864,3.2,2.6,0.6,63.1
,80.02355,7.09269,3.2,2.6,0.6,61.2
,79.98989,7.07227,3.2,2.6,0.6,63.4
,80.0139,7.09229,3.2,2.6,0.6,62.1
,80.01857,7.09532,3.2,2.6,0.6,61.8
,80.01855,7.09516,3.2,2.6,0.6,61.8
,79.98852,7.06003,3.2,2.6,0.6,62.9
,80.05224,7.10796,3.2,2.6,0.6,59.4
,80.04779,7.10882,3.2,2.6,0.6,59.9
,80.01086,7.08134,3.2,2.6,0.6,61.8
,80.01156,7.08383,3.2,2.6,0.6,61.9
,80.05304,7.10579,3.2,2.6,0.6,59.2
,80.05552,7.10492,3.2,2.6,0.6,58.9
,80.05596,7.10582,3.2,2.6,0.6,59.0
,79.90084,7.15617,3.2,2.6,0.6,76.5
,79.9885,7.05992,3.2,2.6,0.6,62.9
,79.98832,7.05995,3.2,2.6,0.6,62.9
,79.98858,7.05824,3.2,2.6,0.6,62.8
,79.98877,7.05822,3.2,2.6,0.6,62.8
,79.98878,7.05834,3.2,2.6,0.6,62.8
,79.89651,7.15297,3.2,2.6,0.6,76.7
,79.8945,7.15465,3.2,2.6,0.6,77.0
,80.00012,7.05267,3.2,2.6,0.6,61.4
,80.00063,7.05203,3.2,2.6,0.6,61.3
,80.00124,7.0523,3.2,2.6,0.6,61.3
,80.00026,7.05261,3.2,2.6,0.6,61.4
,80.00121,7.05243,3.2,2.6,0.6,61.3
,80.00123,7.05236,3.2,2.6,0.6,61.3
,80.02576,7.09234,3.2,2.6,0.6,61.0
,79.9783,7.0532,3.2,2.6,0.6,63.6
,79.97852,7.05303,3.2,2.6,0.6,63.6
,79.9152,7.0741,3.2,2.6,0.6,70.9
,79.91539,7.0744,3.2,2.6,0.6,70.9
,79.91518,7.07418,3.2,2.6,0.6,70.9
,79.91548,7.07443,3.2,2.6,0.6,70.9
,80.03555,7.08536,3.2,2.6,0.6,59.7
,80.03518,7.0875,3.2,2.6,0.6,59.8
,80.03162,7.08829,3.2,2.6,0.6,60.2
,80.04223,7.09445,3.2,2.6,0.6,59.5
,80.04212,7.09462,3.2,2.6,0.6,59.6
,79.98802,7.05426,3.2,2.6,0.6,62.7
,80.02868,7.08829,3.2,2.6,0.6,60.5
,80.0265,7.08897,3.2,2.6,0.6,60.7
,80.02633,7.08892,3.2,2.6,0.6,60.7
,80.02435,7.063,3.2,2.6,0.6,59.5
,80.03961,7.07713,3.2,2.6,0.6,58.8
,80.03994,7.07738,3.2,2.6,0.6,58.8
,80.03986,7.07714,3.2,2.6,0.6,58.8
,80.02365,7.07825,3.2,2.6,0.6,60.4
,80.05246,7.08888,3.2,2.6,0.6,58.3
,79.92584,7.08967,3.2,2.6,0.6,70.6
,79.93064,7.08793,6.4,5.8,0.6,70.0
,80.02423,7.06311,3.2,2.6,0.6,59.5
,80.01606,7.07294,3.2,2.6,0.6,60.8
,80.03188,7.07803,6.4,5.8,0.6,59.6
,80.03305,7.07868,3.2,2.6,0.6,59.5
,79.92046,7.08854,3.2,2.6,0.6,71.0
,79.92039,7.08871,3.2,2.6,0.6,71.0
,79.92299,7.08985,3.2,2.6,0.6,70.8
,80.01969,7.08057,6.4,5.8,0.6,60.9
,80.01971,7.08072,6.4,5.8,0.6,60.9
,80.01566,7.06492,3.2,2.6,0.6,60.5
,79.9397,7.0825,3.2,2.6,0.6,68.8
,79.93973,7.08228,3.2,2.6,0.6,68.8
,79.93966,7.08234,3.2,2.6,0.6,68.8
,79.91569,7.08781,3.2,2.6,0.6,71.5
,79.91572,7.08766,3.2,2.6,0.6,71.5
,80.04673,7.09359,3.2,2.6,0.6,59.1
,79.91518,7.0865,3.2,2.6,0.6,71.5
,79.91521,7.0864,3.2,2.6,0.6,71.5
,79.91512,7.08645,3.2,2.6,0.6,71.5
,79.91516,7.08635,3.2,2.6,0.6,71.5
,80.03558,7.07349,3.2,2.6,0.6,59.0
,79.91573,7.08365,3.2,2.6,0.6,71.3
,80.04933,7.09385,3.2,2.6,0.6,58.8
,80.00791,7.04445,3.2,2.6,0.6,60.2
,80.02421,7.03299,3.2,2.6,0.6,58.0
,79.98147,7.04691,3.2,2.6,0.6,63.0
,79.9816,7.04454,3.2,2.6,0.6,62.9
,79.98156,7.04445,3.2,2.6,0.6,62.9
,80.02591,7.0463,3.2,2.6,0.6,58.5
,79.97599,7.03964,3.2,2.6,0.6,63.2
,79.99917,7.04173,3.2,2.6,0.6,61.0
,79.99925,7.04128,3.2,2.6,0.6,60.9
,79.9124,7.07032,3.2,2.6,0.6,71.0
,79.89795,7.17283,3.2,2.6,0.6,77.7
,79.89797,7.17304,3.2,2.6,0.6,77.7
,79.89804,7.17288,3.2,2.6,0.6,77.7
,79.97691,7.04204,3.2,2.6,0.6,63.2
,80.01187,7.04156,3.2,2.6,0.6,59.7
,80.01255,7.04385,3.2,2.6,0.6,59.7
,79.93583,7.09027,3.2,2.6,0.6,69.6
,79.93559,7.09031,3.2,2.6,0.6,69.6
,79.93623,7.09052,3.2,2.6,0.6,69.6
,79.96286,7.04551,3.2,2.6,0.6,64.8
,79.98657,7.03899,3.2,2.6,0.6,62.1
,79.9867,7.03907,3.2,2.6,0.6,62.1
,79.98947,7.03821,3.2,2.6,0.6,61.8
,79.98959,7.03814,3.2,2.6,0.6,61.8
,80.0264,7.03764,3.2,2.6,0.6,58.0
,80.02639,7.03626,3.2,2.6,0.6,58.0
,80.02649,7.03782,3.2,2.6,0.6,58.0
,80.0264,7.03616,3.2,2.6,0.6,58.0
,80.0266,7.03783,3.2,2.6,0.6,58.0
,79.91867,7.09113,3.2,2.6,0.6,71.3
,79.91847,7.09102,3.2,2.6,0.6,71.4
,79.96168,7.04139,3.2,2.6,0.6,64.7
,79.96147,7.04137,3.2,2.6,0.6,64.7
,79.89143,7.09219,3.2,2.6,0.6,74.1
,79.89135,7.09198,3.2,2.6,0.6,74.1
,79.98673,7.04048,6.4,5.8,0.6,62.2
,79.97578,7.03036,3.2,2.6,0.6,62.8
,79.96731,7.03453,3.2,2.6,0.6,63.9
,79.96723,7.03443,3.2,2.6,0.6,63.9
e,79.97906,7.03279,3.2,2.6,0.6,62.6
,79.99699,7.04083,3.2,2.6,0.6,61.1
Gamage Pastry Shop,79.99078,7.0346,3.2,2.6,0.6,61.5
,79.99073,7.03448,3.2,2.6,0.6,61.5
,79.98947,7.03429,3.2,2.6,0.6,61.6
,79.98633,7.03219,3.2,2.6,0.6,61.8
,79.89384,7.06973,3.2,2.6,0.6,72.8
,79.89405,7.06975,3.2,2.6,0.6,72.8
,79.99602,7.03758,3.2,2.6,0.6,61.1
,79.99597,7.03736,3.2,2.6,0.6,61.1
,80.00405,7.03955,3.2,2.6,0.6,60.4
,80.00495,7.03946,3.2,2.6,0.6,60.3
,80.00026,7.03233,3.2,2.6,0.6,60.4
,80.00196,7.03285,6.4,5.8,0.6,60.3
,80.00058,7.03403,3.2,2.6,0.6,60.5
,80.00078,7.03397,3.2,2.6,0.6,60.4
,79.98791,7.05427,3.2,2.6,0.6,62.7
,79.95768,7.07148,3.2,2.6,0.6,66.5
,80.0126,7.04376,3.2,2.6,0.6,59.7
,80.01274,7.04382,3.2,2.6,0.6,59.7
Flatform station Tudella,79.89106,7.09278,3.2,2.6,0.6,74.2
,79.89121,7.09276,3.2,2.6,0.6,74.2
,79.89468,7.15852,3.2,2.6,0.6,77.2
,79.95209,7.07112,6.4,5.8,0.6,67.1
,79.96003,7.06004,3.2,2.6,0.6,65.7
,79.98149,7.0468,3.2,2.6,0.6,63.0
,79.95089,7.07688,3.2,2.6,0.6,67.4
,80.03189,7.04183,3.2,2.6,0.6,57.7
,80.03206,7.04224,3.2,2.6,0.6,57.7
,80.03222,7.0421,3.2,2.6,0.6,57.7
,80.03218,7.04223,3.2,2.6,0.6,57.7
1,79.99321,7.08476,6.4,5.8,0.6,63.7
,80.02644,7.08584,3.2,2.6,0.6,60.5
,80.02645,7.08566,3.2,2.6,0.6,60.5
,79.91209,7.0899,3.2,2.6,0.6,71.9
,79.91504,7.08646,3.2,2.6,0.6,71.5
,79.96543,7.08132,3.2,2.6,0.6,66.2
,79.914,7.1057,3.2,2.6,0.6,72.5
,80.00976,7.03844,3.2,2.6,0.6,59.7
,79.92709,7.06235,3.2,2.6,0.6,69.2
,79.99352,7.03388,3.2,2.6,0.6,61.2
,79.94241,7.06657,3.2,2.6,0.6,67.8
,79.94256,7.06676,3.2,2.6,0.6,67.8
,80.00251,7.03535,3.2,2.6,0.6,60.3
,79.93933,7.07171,3.2,2.6,0.6,68.4
,79.94305,7.06739,3.2,2.6,0.6,67.8
,80.00554,7.03482,3.2,2.6,0.6,60.0
,79.92987,7.06173,3.2,2.6,0.6,68.8
,79.92977,7.06183,3.2,2.6,0.6,68.9
,79.94257,7.06661,3.2,2.6,0.6,67.8
,79.99244,7.03255,3.2,2.6,0.6,61.2
,79.99254,7.03265,3.2,2.6,0.6,61.2
,79.99247,7.03268,3.2,2.6,0.6,61.2
,79.99256,7.03251,3.2,2.6,0.6,61.2
,80.01267,7.03415,3.2,2.6,0.6,59.3
,80.019,7.02242,3.2,2.6,0.6,58.1
,79.92773,7.06392,3.2,2.6,0.6,69.2
,79.92804,7.06376,3.2,2.6,0.6,69.1
,79.92689,7.064,3.2,2.6,0.6,69.2
,79.92677,7.06391,3.2,2.6,0.6,69.3
,79.92691,7.06385,3.2,2.6,0.6,69.2
,80.00379,7.02763,3.2,2.6,0.6,59.9
,80.00617,7.02571,3.2,2.6,0.6,59.5
,80.00554,7.02841,3.2,2.6,0.6,59.7
,80.00554,7.02853,3.2,2.6,0.6,59.7
,79.92382,7.09024,3.2,2.6,0.6,70.8
,79.94082,7.07803,3.2,2.6,0.6,68.5
,80.00067,7.03403,3.2,2.6,0.6,60.5
,79.97599,7.03955,3.2,2.6,0.6,63.2
,80.02755,7.09726,3.2,2.6,0.6,61.1
,80.0281,7.09716,3.2,2.6,0.6,61.0
,80.01168,7.05706,3.2,2.6,0.6,60.5
,80.01125,7.08559,3.2,2.6,0.6,62.0
,79.92282,7.08989,3.2,2.6,0.6,70.9
,79.93246,7.09283,3.2,2.6,0.6,70.1
,80.00229,7.07629,3.2,2.6,0.6,62.4
,80.00239,7.07462,3.2,2.6,0.6,62.3
,80.00227,7.07623,3.2,2.6,0.6,62.4
,80.009,7.09227,3.2,2.6,0.6,62.6
,79.96644,7.06669,3.2,2.6,0.6,65.4
,79.97887,7.08278,3.2,2.6,0.6,65.0
,79.97902,7.08265,3.2,2.6,0.6,65.0
,79.96822,7.07751,3.2,2.6,0.6,65.8
,79.98819,7.08987,3.2,2.6,0.6,64.4
,79.93227,7.10845,3.2,2.6,0.6,70.9
,80.0277,7.11068,3.2,2.6,0.6,61.9
,80.05111,7.09531,3.2,2.6,0.6,58.8
,80.01705,7.05709,3.2,2.6,0.6,59.9
,80.01191,7.05704,3.2,2.6,0.6,60.4
,80.0037,7.08878,3.2,2.6,0.6,62.9
,80.0413,7.09885,3.2,2.6,0.6,59.9
,80.00737,7.0655,3.2,2.6,0.6,61.3
,80.00651,7.06957,3.2,2.6,0.6,61.6
,79.99035,7.04648,3.2,2.6,0.6,62.1
,80.0561,7.10583,3.2,2.6,0.6,58.9
,80.02434,7.033,3.2,2.6,0.6,58.0
,80.00383,7.05175,3.2,2.6,0.6,61.0
,80.00387,7.05183,3.2,2.6,0.6,61.0
,79.97759,7.05042,3.2,2.6,0.6,63.5
,80.03877,7.11556,3.2,2.6,0.6,61.1
,80.01163,7.05612,6.4,5.8,0.6,60.4
,79.99634,7.06512,3.2,2.6,0.6,62.4
,79.99506,7.06302,3.2,2.6,0.6,62.4
,80.00545,7.04847,3.2,2.6,0.6,60.7
,80.01258,7.04364,3.2,2.6,0.6,59.7
,79.99248,7.04423,3.2,2.6,0.6,61.7
,80.05557,7.10485,3.2,2.6,0.6,58.9
,79.96886,7.05669,3.2,2.6,0.6,64.7
,80.01582,7.05756,3.2,2.6,0.6,60.1
,79.99038,7.04629,3.2,2.6,0.6,62.1
,79.95204,7.05887,3.2,2.6,0.6,66.5
,79.93676,7.06908,3.2,2.6,0.6,68.5
,79.93923,7.07193,3.2,2.6,0.6,68.4
,80.01921,7.05069,3.2,2.6,0.6,59.4
,80.02108,7.04781,3.2,2.6,0.6,59.1
,80.00856,7.04036,3.2,2.6,0.6,60.0
,79.92503,7.07067,3.2,2.6,0.6,69.7
,79.94055,7.10106,3.2,2.6,0.6,69.7
,79.94066,7.1011,3.2,2.6,0.6,69.7
,79.92704,7.06218,3.2,2.6,0.6,69.2
,79.93821,7.10266,3.2,2.6,0.6,70.0
,79.93814,7.1027,3.2,2.6,0.6,70.0
,79.93803,7.1028,3.2,2.6,0.6,70.0
,79.93172,7.09965,3.2,2.6,0.6,70.5
,79.93819,7.10544,3.2,2.6,0.6,70.1
,79.94785,7.10153,3.2,2.6,0.6,69.0
,79.9685,7.04868,3.2,2.6,0.6,64.4
,80.01603,7.06561,3.2,2.6,0.6,60.5
,80.01553,7.06489,3.2,2.6,0.6,60.5
,80.01678,7.10498,3.2,2.6,0.6,62.6
,80.01834,7.09615,3.2,2.6,0.6,61.9
,80.01466,7.09936,3.2,2.6,0.6,62.4
,79.94243,7.06666,3.2,2.6,0.6,67.8
,79.89936,7.08674,3.2,2.6,0.6,73.1
,79.90776,7.08413,3.2,2.6,0.6,72.1
,80.03897,7.11573,3.2,2.6,0.6,61.1
,80.04194,7.11521,3.2,2.6,0.6,60.8
,80.04144,7.09893,3.2,2.6,0.6,59.9
,79.94573,7.10345,3.2,2.6,0.6,69.3
,80.01063,7.04838,3.2,2.6,0.6,60.1
,80.01623,7.0731,3.2,2.6,0.6,60.8
,79.97983,7.07159,3.2,2.6,0.6,64.3
,79.9672,7.06367,6.4,5.8,0.6,65.2
,79.99148,7.07367,3.2,2.6,0.6,63.3
,79.9879,7.05434,3.2,2.6,0.6,62.7
,79.88873,7.10702,3.2,2.6,0.6,75.1
,79.88875,7.10692,3.2,2.6,0.6,75.1
,79.8936,7.10318,3.2,2.6,0.6,74.4
,79.988,7.05028,3.2,2.6,0.6,62.5
,79.8936,7.10327,3.2,2.6,0.6,74.4
,79.89047,7.10006,3.2,2.6,0.6,74.6
,79.89471,7.09384,3.2,2.6,0.6,73.9
,80.02599,7.09226,3.2,2.6,0.6,61.0
,80.0255,7.09579,3.2,2.6,0.6,61.2
,80.00008,7.03878,3.2,2.6,0.6,60.7
,80.00025,7.03876,3.2,2.6,0.6,60.7
,80.00364,7.08861,3.2,2.6,0.6,62.9
,79.99857,7.08668,3.2,2.6,0.6,63.3
,79.88941,7.10351,3.2,2.6,0.6,74.8
,79.89156,7.09762,3.2,2.6,0.6,74.3
,79.926,7.08969,3.2,2.6,0.6,70.5
,79.91849,7.103,3.2,2.6,0.6,71.9
,79.91473,7.08298,3.2,2.6,0.6,71.3
,79.91398,7.1056,3.2,2.6,0.6,72.5
,79.91239,7.07809,3.2,2.6,0.6,71.4
,79.91236,7.09558,3.2,2.6,0.6,72.2
,79.91239,7.09573,3.2,2.6,0.6,72.2
,79.89366,7.06081,3.2,2.6,0.6,72.5
,79.89366,7.06087,3.2,2.6,0.6,72.5
,79.89441,7.06136,3.2,2.6,0.6,72.4
,79.89654,7.12247,3.2,2.6,0.6,75.1
,79.89665,7.12247,3.2,2.6,0.6,75.1
,79.89643,7.12239,3.2,2.6,0.6,75.1
,79.89662,7.12253,3.2,2.6,0.6,75.1
,79.91963,7.06543,3.2,2.6,0.6,70.0
,79.91414,7.06583,3.2,2.6,0.6,70.6
,79.91583,7.11827,3.2,2.6,0.6,73.0
,79.96835,7.06768,3.2,2.6,0.6,65.3
,79.96669,7.0574,3.2,2.6,0.6,64.9
,79.9162,7.12457,3.2,2.6,0.6,73.3
,79.91607,7.12464,3.2,2.6,0.6,73.3
,79.9204,7.11977,3.2,2.6,0.6,72.6
,79.9205,7.11979,3.2,2.6,0.6,72.6
,79.96088,7.06698,3.2,2.6,0.6,66.0
,79.96087,7.06686,3.2,2.6,0.6,66.0
,79.96091,7.06707,3.2,2.6,0.6,66.0
,79.96091,7.06705,3.2,2.6,0.6,66.0
,80.04452,7.10891,3.2,2.6,0.6,60.2
,80.00684,7.0859,3.2,2.6,0.6,62.4
Bank of Ceylon,79.8998,7.13861,3.2,2.6,0.6,75.6
Commericial Bank,79.89987,7.13875,3.2,2.6,0.6,75.6
,79.8862,7.11306,3.2,2.6,0.6,75.6
,79.91965,7.13734,3.2,2.6,0.6,73.6
,79.92044,7.11989,3.2,2.6,0.6,72.6
,79.9093,7.12917,3.2,2.6,0.6,74.2
,79.88665,7.12934,3.2,2.6,0.6,76.4
,79.88669,7.12911,3.2,2.6,0.6,76.4
,79.88694,7.12863,3.2,2.6,0.6,76.3
,79.88697,7.12857,3.2,2.6,0.6,76.3
,79.8869,7.12878,3.2,2.6,0.6,76.3
,79.88694,7.12872,3.2,2.6,0.6,76.3
,79.88681,7.1291,3.2,2.6,0.6,76.4
,80.01383,7.01912,3.2,2.6,0.6,58.5
,80.01055,7.02344,3.2,2.6,0.6,59.0
,80.05483,7.11482,3.2,2.6,0.6,59.6
,79.90841,7.15539,3.2,2.6,0.6,75.7
,79.90829,7.15531,3.2,2.6,0.6,75.7
,80.05496,7.11492,3.2,2.6,0.6,59.6
,79.89895,7.0652,6.4,5.8,0.6,72.1
,79.9019,7.07391,3.2,2.6,0.6,72.2
,79.9209,7.07348,3.2,2.6,0.6,70.3
,79.92073,7.07351,3.2,2.6,0.6,70.3
,79.89581,7.07025,3.2,2.6,0.6,72.7
,79.91952,7.13732,3.2,2.6,0.6,73.6
,80.36161,6.68538,3.2,2.6,0.6,20.5
,80.60076,7.26218,3.2,2.6,0.6,51.3
"St. Sebastian College, Madampe",79.82647,7.48413,5.0,4.4,0.6,105.3
,80.27171,7.81575,3.2,2.6,0.6,114.1
,80.27194,7.81601,3.2,2.6,0.6,114.1
,80.27176,7.81609,3.2,2.6,0.6,114.1
,80.27191,7.81624,3.2,2.6,0.6,114.1
,80.27435,7.81872,3.2,2.6,0.6,114.3
,80.03851,6.29077,3.2,2.6,0.6,76.7
,80.11727,6.62932,3.2,2.6,0.6,46.7
,80.1123,6.62509,3.2,2.6,0.6,47.4
,80.11394,6.61604,3.2,2.6,0.6,47.7
,80.10178,6.6242,3.2,2.6,0.6,48.5
,80.10174,6.62736,3.2,2.6,0.6,48.4
,80.10913,6.63062,3.2,2.6,0.6,47.5
,80.09441,6.63956,3.2,2.6,0.6,48.6
,80.09445,6.63973,3.2,2.6,0.6,48.5
,80.09783,6.63067,3.2,2.6,0.6,48.6
,80.08065,6.6699,3.2,2.6,0.6,48.8
,80.09553,6.71798,3.2,2.6,0.6,45.8
,80.09564,6.71813,3.2,2.6,0.6,45.8
,80.09817,6.71494,3.2,2.6,0.6,45.6
,80.10082,6.71712,3.2,2.6,0.6,45.2
,80.0922,6.69104,3.2,2.6,0.6,46.9
,80.06947,6.66358,3.2,2.6,0.6,50.2
,80.06574,6.64915,3.2,2.6,0.6,51.1
,80.06898,6.68215,3.2,2.6,0.6,49.6
,80.07517,6.69717,3.2,2.6,0.6,48.5
,80.08114,6.68738,3.2,2.6,0.6,48.2
,80.37517,6.65244,3.2,2.6,0.6,22.1
,80.36966,6.65997,3.2,2.6,0.6,21.9
,80.37539,6.63154,3.2,2.6,0.6,24.0
,80.38556,6.64549,3.2,2.6,0.6,22.1
,80.36547,6.67238,3.2,2.6,0.6,21.2
,80.08455,6.6555,3.2,2.6,0.6,48.9
,80.08931,6.69522,3.2,2.6,0.6,47.1
,80.08708,6.69611,3.2,2.6,0.6,47.3
,80.1118,6.62969,3.2,2.6,0.6,47.2
,80.08508,6.64629,3.2,2.6,0.6,49.2
,80.1139,6.61618,3.2,2.6,0.6,47.7
,80.09806,6.6306,3.2,2.6,0.6,48.6
,80.28123,6.70714,3.2,2.6,0.6,26.6
,80.26598,6.23576,3.2,2.6,0.6,68.5
,80.22292,6.71187,3.2,2.6,0.6,32.4
,80.31439,6.7177,3.2,2.6,0.6,22.8
,80.31187,6.71586,3.2,2.6,0.6,23.2
,80.27635,6.72685,3.2,2.6,0.6,26.3
,80.27623,6.72682,3.2,2.6,0.6,26.3
,80.37165,6.68848,3.2,2.6,0.6,19.5
,80.26515,6.23244,3.2,2.6,0.6,68.9
,80.31425,6.71773,3.2,2.6,0.6,22.8
,80.04221,6.82127,3.2,2.6,0.6,50.6
,80.36637,6.64106,3.2,2.6,0.6,23.7
,80.07468,6.6744,3.2,2.6,0.6,49.3
,80.3732,6.66435,3.2,2.6,0.6,21.3
,80.0693,6.6634,3.2,2.6,0.6,50.2
,80.06935,6.66347,3.2,2.6,0.6,50.2
,80.28132,6.7072,3.2,2.6,0.6,26.6
,80.32936,6.71155,3.2,2.6,0.6,21.7
,80.25633,6.21276,3.2,2.6,0.6,71.3
,80.22197,6.36246,3.2,2.6,0.6,58.2
,80.40038,6.61797,3.2,2.6,0.6,23.8
,80.39098,6.6405,3.2,2.6,0.6,22.2
,80.11419,6.61651,3.2,2.6,0.6,47.6
Softlogic,80.47881,8.03481,6.4,5.8,0.6,135.5
Singer,80.47875,8.03475,6.4,5.8,0.6,135.5
Fancy Palace,80.47921,8.03472,6.4,5.8,0.6,135.5
Commercial Building,80.47916,8.03377,3.2,2.6,0.6,135.4
"Fashion Lovers, City Communication",80.47857,8.03398,3.2,2.6,0.6,135.4
,80.59671,7.21316,3.2,2.6,0.6,45.9
DGR,79.89315,6.86171,6.4,5.8,0.6,67.3
,80.03705,6.83574,6.4,5.8,0.6,51.2
settlement buildings,80.20281,7.8492,6.4,5.8,0.6,119.6
,80.27424,7.8139,3.2,2.6,0.6,113.8
,80.60461,7.06961,60.0,59.4,0.6,31.0
,79.95307,7.05781,3.2,2.7,0.5,66.3
,79.96287,7.05965,3.2,2.7,0.5,65.4
Ganemulla railway station,79.96068,7.06843,3.2,2.7,0.5,66.1
,79.96482,7.07255,3.2,2.7,0.5,65.9
,80.00773,7.01602,3.2,2.7,0.5,58.9
,80.00533,7.0209,3.2,2.7,0.5,59.4
,79.93125,7.09983,3.2,2.7,0.5,70.5
,79.93137,7.09967,3.2,2.7,0.5,70.5
,79.95699,7.07107,3.2,2.7,0.5,66.6
,79.95097,7.06445,3.2,2.7,0.5,66.8
,79.95674,7.06236,6.4,5.9,0.5,66.2
,79.95512,7.0631,3.2,2.7,0.5,66.4
,80.05807,7.10727,3.2,2.7,0.5,58.9
,79.96441,7.06279,3.2,2.7,0.5,65.4
,79.96453,7.06291,3.2,2.7,0.5,65.4
,79.97111,7.06238,3.2,2.7,0.5,64.7
,79.97094,7.06241,3.2,2.7,0.5,64.8
,79.97025,7.04718,3.2,2.7,0.5,64.1
,79.97996,7.04657,3.2,2.7,0.5,63.1
,79.98032,7.04933,3.2,2.7,0.5,63.2
,79.97036,7.08128,3.2,2.7,0.5,65.7
,79.98032,7.07703,3.2,2.7,0.5,64.5
,79.96389,7.07912,3.2,2.7,0.5,66.3
,79.96399,7.07912,3.2,2.7,0.5,66.3
,79.98126,7.08317,3.2,2.7,0.5,64.8
,79.96633,7.0479,3.2,2.7,0.5,64.5
,79.96619,7.04791,3.2,2.7,0.5,64.6
,79.9715,7.05694,3.2,2.7,0.5,64.4
,79.96597,7.07324,3.2,2.7,0.5,65.8
,79.97345,7.07296,3.2,2.7,0.5,65.0
,79.97186,7.07101,6.4,5.9,0.5,65.1
,79.97196,7.07004,6.4,5.9,0.5,65.0
,79.97552,7.0685,3.2,2.7,0.5,64.6
,79.97538,7.06856,3.2,2.7,0.5,64.6
,79.9788,7.09237,3.2,2.7,0.5,65.5
,79.98732,7.06635,3.2,2.7,0.5,63.3
,79.98701,7.06795,3.2,2.7,0.5,63.4
,79.98747,7.06654,3.2,2.7,0.5,63.3
,79.97965,7.06671,3.2,2.7,0.5,64.1
,79.97969,7.0668,3.2,2.7,0.5,64.1
,80.00974,7.04667,3.2,2.7,0.5,60.1
,79.94432,7.09378,3.2,2.7,0.5,68.9
,80.00278,7.0928,6.4,5.9,0.5,63.2
,80.00573,7.09013,3.2,2.7,0.5,62.8
,80.00355,7.09182,3.2,2.7,0.5,63.1
,80.00358,7.09169,3.2,2.7,0.5,63.1
,80.00723,7.09066,6.4,5.9,0.5,62.7
,79.94777,7.09333,3.2,2.7,0.5,68.6
,79.94766,7.09328,3.2,2.7,0.5,68.6
,79.95625,7.08187,3.2,2.7,0.5,67.2
,79.95644,7.07642,3.2,2.7,0.5,66.9
,79.95627,7.0764,3.2,2.7,0.5,66.9
,79.96528,7.07556,3.2,2.7,0.5,66.0
,79.9552,7.08247,3.2,2.7,0.5,67.3
,79.96058,7.07489,3.2,2.7,0.5,66.4
,79.9604,7.0747,3.2,2.7,0.5,66.4
,79.9593,7.07418,3.2,2.7,0.5,66.5
,79.95929,7.07428,3.2,2.7,0.5,66.5
,79.93262,7.10206,3.2,2.7,0.5,70.5
,79.93334,7.1016,3.2,2.7,0.5,70.4
,79.96387,7.07511,3.2,2.7,0.5,66.1
,79.96395,7.07519,3.2,2.7,0.5,66.1
,79.93493,7.10596,3.2,2.7,0.5,70.5
,79.95464,7.08124,3.2,2.7,0.5,67.3
,80.02336,7.05767,3.2,2.7,0.5,59.3
,79.94546,7.08151,6.4,5.9,0.5,68.2
,79.94734,7.08382,3.2,2.7,0.5,68.1
,80.01331,7.09234,3.2,2.7,0.5,62.2
,79.98053,7.06428,3.2,2.7,0.5,63.9
,80.00831,7.09083,3.2,2.7,0.5,62.6
,79.98503,7.06519,3.2,2.7,0.5,63.5
,79.98494,7.06506,3.2,2.7,0.5,63.5
,79.94896,7.07195,6.4,5.9,0.5,67.4
,79.94985,7.07009,6.4,5.9,0.5,67.2
,79.98965,7.04849,3.2,2.7,0.5,62.2
,79.99047,7.04838,3.2,2.7,0.5,62.1
,79.95219,7.07101,6.4,5.9,0.5,67.0
,79.95228,7.07101,6.4,5.9,0.5,67.0
,79.9522,7.07108,6.4,5.9,0.5,67.0
,79.99001,7.04509,3.2,2.7,0.5,62.0
,79.9426,7.0786,3.2,2.7,0.5,68.4
,80.04741,7.09571,3.2,2.7,0.5,59.1
,80.04742,7.09547,3.2,2.7,0.5,59.1
,80.02767,7.11053,3.2,2.7,0.5,61.9
,80.00641,7.05205,3.2,2.7,0.5,60.7
,80.0065,7.05219,3.2,2.7,0.5,60.7
,79.93891,7.10167,3.2,2.7,0.5,69.9
,79.93838,7.10142,6.4,5.9,0.5,69.9
,79.94422,7.09825,3.2,2.7,0.5,69.2
,80.00432,7.07225,3.2,2.7,0.5,62.0
,80.00448,7.07229,3.2,2.7,0.5,61.9
,80.00551,7.07144,3.2,2.7,0.5,61.8
,80.01663,7.05426,3.2,2.7,0.5,59.8
,80.01671,7.05425,3.2,2.7,0.5,59.8
,80.00705,7.06808,3.2,2.7,0.5,61.5
,80.01378,7.05573,3.2,2.7,0.5,60.2
,80.0137,7.05561,3.2,2.7,0.5,60.2
,79.94092,7.10162,3.2,2.7,0.5,69.7
,79.94076,7.10178,3.2,2.7,0.5,69.7
,80.01319,7.08895,3.2,2.7,0.5,62.0
,80.01689,7.05772,3.2,2.7,0.5,60.0
,80.00925,7.08988,3.2,2.7,0.5,62.4
,79.92751,7.07227,3.2,2.7,0.5,69.6
,79.99171,7.07457,3.2,2.7,0.5,63.3
,79.99408,7.07478,3.2,2.7,0.5,63.1
,79.99157,7.07474,3.2,2.7,0.5,63.3
,79.9974,7.08981,3.2,2.7,0.5,63.6
,79.99463,7.07612,3.2,2.7,0.5,63.1
,79.99477,7.07625,3.2,2.7,0.5,63.1
,79.99535,7.07621,3.2,2.7,0.5,63.0
,79.99455,7.07628,3.2,2.7,0.5,63.1
,79.99661,7.07632,3.2,2.7,0.5,62.9
,79.99647,7.07612,3.2,2.7,0.5,62.9
,79.99658,7.07612,3.2,2.7,0.5,62.9
,79.99462,7.0763,3.2,2.7,0.5,63.1
,80.00171,7.06684,3.2,2.7,0.5,61.9
,79.98287,7.07857,3.2,2.7,0.5,64.4
,79.98203,7.07793,3.2,2.7,0.5,64.4
,79.9818,7.07785,3.2,2.7,0.5,64.4
,79.94254,7.09747,3.2,2.7,0.5,69.3
,79.99972,7.08645,3.2,2.7,0.5,63.1
,80.00152,7.06468,6.4,5.9,0.5,61.8
,79.97985,7.0667,3.2,2.7,0.5,64.1
,79.98267,7.07572,3.2,2.7,0.5,64.2
,79.97517,7.06791,3.2,2.7,0.5,64.6
,80.00162,7.06672,3.2,2.7,0.5,61.9
,79.9314,7.0717,3.2,2.7,0.5,69.1
,79.93326,7.0716,3.2,2.7,0.5,69.0
,79.97848,7.09384,3.2,2.7,0.5,65.6
,79.97869,7.0939,3.2,2.7,0.5,65.6
,79.97857,7.09382,3.2,2.7,0.5,65.6
,79.9785,7.09392,3.2,2.7,0.5,65.6
,79.97865,7.09324,3.2,2.7,0.5,65.5
,79.99016,7.07058,3.2,2.7,0.5,63.3
,79.98747,7.06183,3.2,2.7,0.5,63.1
,79.9874,7.06175,3.2,2.7,0.5,63.1
,80.0135,7.09228,3.2,2.7,0.5,62.1
,80.01353,7.09085,3.2,2.7,0.5,62.1
,80.01169,7.08101,3.2,2.7,0.5,61.7
,80.01183,7.08101,3.2,2.7,0.5,61.7
,80.005,7.04756,3.2,2.7,0.5,60.7
,79.90576,7.15518,3.2,2.7,0.5,75.9
,79.99912,7.0569,3.2,2.7,0.5,61.7
,79.99913,7.05699,3.2,2.7,0.5,61.7
,79.89522,7.15393,3.2,2.7,0.5,76.9
,79.89501,7.15401,3.2,2.7,0.5,76.9
,79.99878,7.05213,3.2,2.7,0.5,61.5
,79.99251,7.05441,3.2,2.7,0.5,62.2
,79.99068,7.05515,3.2,2.7,0.5,62.4
,79.9186,7.07105,3.2,2.7,0.5,70.4
,79.97579,7.05657,3.2,2.7,0.5,64.0
,79.97808,7.05293,3.2,2.7,0.5,63.6
,79.97682,7.05621,3.2,2.7,0.5,63.9
,79.97507,7.05635,6.4,5.9,0.5,64.1
,80.03353,7.09055,3.2,2.7,0.5,60.1
,80.02737,7.09384,3.2,2.7,0.5,60.9
,80.0293,7.09407,3.2,2.7,0.5,60.7
,79.92067,7.0727,6.4,5.9,0.5,70.3
,79.92086,7.07319,3.2,2.7,0.5,70.3
,79.91243,7.15202,3.2,2.7,0.5,75.1
,80.03417,7.08636,6.4,5.9,0.5,59.8
,80.03649,7.08504,3.2,2.7,0.5,59.5
,79.92222,7.06884,3.2,2.7,0.5,69.9
,79.9222,7.06877,3.2,2.7,0.5,69.9
,79.89068,7.16007,3.2,2.7,0.5,77.6
,80.0257,7.07827,3.2,2.7,0.5,60.2
,80.03061,7.08606,3.2,2.7,0.5,60.2
,80.04246,7.09463,3.2,2.7,0.5,59.5
,80.02511,7.09333,3.2,2.7,0.5,61.1
,80.02508,7.0934,3.2,2.7,0.5,61.1
,80.01545,7.08966,3.2,2.7,0.5,61.8
,79.93067,7.08355,3.2,2.7,0.5,69.8
,79.93056,7.08352,3.2,2.7,0.5,69.8
,79.93072,7.08291,3.2,2.7,0.5,69.7
,80.02561,7.08649,3.2,2.7,0.5,60.7
,79.9932,7.05118,6.4,5.9,0.5,62.0
Sussex Collage,80.02504,7.08896,3.2,2.7,0.5,60.9
,80.02518,7.08914,3.2,2.7,0.5,60.9
,80.02352,7.08619,3.2,2.7,0.5,60.8
,80.04035,7.07531,3.2,2.7,0.5,58.6
,80.04044,7.07418,3.2,2.7,0.5,58.6
,80.04029,7.07526,3.2,2.7,0.5,58.6
,80.04024,7.07516,3.2,2.7,0.5,58.6
,79.99342,7.0487,3.2,2.7,0.5,61.9
,80.02899,7.08228,3.2,2.7,0.5,60.1
,79.93137,7.08211,3.2,2.7,0.5,69.6
,79.93141,7.08221,3.2,2.7,0.5,69.6
,79.90311,7.14943,3.2,2.7,0.5,75.9
,80.02298,7.07847,3.2,2.7,0.5,60.5
,80.01459,7.08112,3.2,2.7,0.5,61.4
,80.01836,7.08159,3.2,2.7,0.5,61.1
,80.01825,7.08161,3.2,2.7,0.5,61.1
,80.02081,7.06333,3.2,2.7,0.5,59.9
,79.93122,7.08463,3.2,2.7,0.5,69.8
,80.03508,7.07719,3.2,2.7,0.5,59.2
,79.92171,7.08782,3.2,2.7,0.5,70.9
,79.92146,7.08781,3.2,2.7,0.5,70.9
,80.01472,7.06308,3.2,2.7,0.5,60.5
,80.04795,7.09386,3.2,2.7,0.5,59.0
,79.91458,7.08725,3.2,2.7,0.5,71.6
,79.89023,7.14455,3.2,2.7,0.5,76.8
,80.00325,7.04629,3.2,2.7,0.5,60.8
,79.89178,7.10688,3.2,2.7,0.5,74.8
,79.89161,7.10692,3.2,2.7,0.5,74.8
,79.982,7.04789,3.2,2.7,0.5,63.0
,79.89045,7.10106,3.2,2.7,0.5,74.6
,79.89045,7.10095,3.2,2.7,0.5,74.6
,79.89032,7.10098,3.2,2.7,0.5,74.6
,79.89029,7.10114,3.2,2.7,0.5,74.6
,79.91811,7.14977,3.2,2.7,0.5,74.4
,79.98509,7.04706,3.2,2.7,0.5,62.6
,79.9844,7.03891,3.2,2.7,0.5,62.3
,79.96312,7.04796,3.2,2.7,0.5,64.9
,79.96311,7.04834,3.2,2.7,0.5,64.9
,79.96318,7.04816,3.2,2.7,0.5,64.9
,80.02297,7.04573,3.2,2.7,0.5,58.8
,80.02299,7.04562,3.2,2.7,0.5,58.8
,79.9122,7.07239,3.2,2.7,0.5,71.1
,79.97946,7.03861,3.2,2.7,0.5,62.8
,79.91193,7.07186,3.2,2.7,0.5,71.1
,79.98015,7.04092,6.4,5.9,0.5,62.8
,79.91183,7.07177,3.2,2.7,0.5,71.1
,79.97978,7.03822,3.2,2.7,0.5,62.8
,79.9124,7.0702,3.2,2.7,0.5,71.0
,79.91232,7.07014,3.2,2.7,0.5,71.0
,79.91247,7.07022,3.2,2.7,0.5,71.0
,79.91247,7.07001,3.2,2.7,0.5,71.0
,79.9123,7.07026,3.2,2.7,0.5,71.0
,79.91252,7.07014,3.2,2.7,0.5,71.0
,79.98018,7.04532,3.2,2.7,0.5,63.0
,79.97999,7.04518,3.2,2.7,0.5,63.0
,79.97418,7.0268,3.2,2.7,0.5,62.8
,80.01135,7.04165,3.2,2.7,0.5,59.7
,80.02776,7.05006,3.2,2.7,0.5,58.5
,79.9701,7.04467,3.2,2.7,0.5,64.0
,79.97025,7.04416,3.2,2.7,0.5,64.0
,79.97131,7.04274,3.2,2.7,0.5,63.8
,79.97436,7.04582,3.2,2.7,0.5,63.6
,79.97033,7.0443,3.2,2.7,0.5,64.0
,79.90663,7.07422,3.2,2.7,0.5,71.8
,79.90677,7.07427,3.2,2.7,0.5,71.7
,79.90667,7.07412,3.2,2.7,0.5,71.7
,80.01134,7.04108,3.2,2.7,0.5,59.7
,80.01725,7.03026,3.2,2.7,0.5,58.6
,79.93597,7.09018,3.2,2.7,0.5,69.6
,80.02061,7.03952,3.2,2.7,0.5,58.7
,80.02053,7.03927,3.2,2.7,0.5,58.7
,79.92874,7.09205,3.2,2.7,0.5,70.4
,79.96313,7.04518,3.2,2.7,0.5,64.7
,79.96328,7.04526,3.2,2.7,0.5,64.7
,79.96445,7.03928,6.4,5.9,0.5,64.4
,79.9647,7.03941,6.4,5.9,0.5,64.3
,79.92484,7.09407,3.2,2.7,0.5,70.9
,80.01396,7.03894,3.2,2.7,0.5,59.3
,79.92455,7.09075,6.4,5.9,0.5,70.7
,79.96278,7.0393,3.2,2.7,0.5,64.5
,79.96254,7.03822,3.2,2.7,0.5,64.5
,79.92192,7.0911,3.2,2.7,0.5,71.0
,80.02616,7.03561,3.2,2.7,0.5,58.0
,79.98775,7.0404,3.2,2.7,0.5,62.0
,79.97622,7.03145,3.2,2.7,0.5,62.8
,79.9773,7.03228,3.2,2.7,0.5,62.7
,79.9774,7.03224,3.2,2.7,0.5,62.7
,79.89077,7.09389,3.2,2.7,0.5,74.3
,79.90246,7.07286,3.2,2.7,0.5,72.1
,79.9023,7.07286,3.2,2.7,0.5,72.1
,79.90171,7.0717,3.2,2.7,0.5,72.1
,79.99211,7.03951,3.2,2.7,0.5,61.6
,79.99984,7.03602,3.2,2.7,0.5,60.6
,79.99999,7.03622,3.2,2.7,0.5,60.6
,79.99992,7.03608,3.2,2.7,0.5,60.6
,80.00459,7.03967,3.2,2.7,0.5,60.3
,80.00223,7.02678,3.2,2.7,0.5,60.0
,80.0023,7.02692,3.2,2.7,0.5,60.0
,79.90088,7.06813,3.2,2.7,0.5,72.1
,80.00359,7.03628,6.4,5.9,0.5,60.3
,80.00028,7.03402,3.2,2.7,0.5,60.5
,79.92571,7.06659,3.2,2.7,0.5,69.5
,79.96079,7.06823,3.2,2.7,0.5,66.0
,79.88971,7.1035,3.2,2.7,0.5,74.8
,79.90305,7.14937,3.2,2.7,0.5,75.9
,80.00588,7.09015,3.2,2.7,0.5,62.8
,79.99054,7.05519,3.2,2.7,0.5,62.5
,79.95644,7.08182,3.2,2.7,0.5,67.1
,80.00638,7.03569,3.2,2.7,0.5,60.0
,79.98003,7.04669,3.2,2.7,0.5,63.1
,80.01134,7.04096,3.2,2.7,0.5,59.7
,80.03449,7.04429,3.2,2.7,0.5,57.6
,79.98503,7.06514,3.2,2.7,0.5,63.5
,79.91226,7.09532,3.2,2.7,0.5,72.2
,79.95082,7.08055,3.2,2.7,0.5,67.6
,80.02558,7.07134,3.2,2.7,0.5,59.8
,79.94514,7.06564,3.2,2.7,0.5,67.5
,79.94428,7.06462,3.2,2.7,0.5,67.5
,79.94417,7.06455,3.2,2.7,0.5,67.5
,79.92713,7.06161,3.2,2.7,0.5,69.1
,79.92712,7.06139,3.2,2.7,0.5,69.1
,80.00556,7.03401,3.2,2.7,0.5,60.0
,79.93921,7.06783,6.4,5.9,0.5,68.2
,80.00921,7.03376,3.2,2.7,0.5,59.6
,80.00915,7.03376,3.2,2.7,0.5,59.6
,80.00905,7.03372,3.2,2.7,0.5,59.6
,80.009,7.03365,3.2,2.7,0.5,59.6
,80.02872,7.03087,3.2,2.7,0.5,57.5
,80.02625,7.03548,3.2,2.7,0.5,58.0
,80.02931,7.03171,3.2,2.7,0.5,57.5
,80.02863,7.03113,3.2,2.7,0.5,57.5
,80.02868,7.03099,3.2,2.7,0.5,57.5
,80.02859,7.03096,3.2,2.7,0.5,57.5
,80.00431,7.01122,3.2,2.7,0.5,59.1
,80.00417,7.01126,3.2,2.7,0.5,59.1
,79.93054,7.06643,3.2,2.7,0.5,69.0
,79.93051,7.06633,3.2,2.7,0.5,69.0
,80.00391,7.02631,3.2,2.7,0.5,59.8
,80.00388,7.02646,3.2,2.7,0.5,59.8
,80.00698,7.02907,3.2,2.7,0.5,59.6
,80.00685,7.02914,3.2,2.7,0.5,59.6
,79.92183,7.091,3.2,2.7,0.5,71.0
,79.92147,7.0877,3.2,2.7,0.5,70.9
,79.92172,7.0877,3.2,2.7,0.5,70.9
,79.93489,7.10586,3.2,2.7,0.5,70.5
,80.03901,7.08766,6.4,5.9,0.5,59.5
,80.02823,7.09633,3.2,2.7,0.5,61.0
,79.944,7.09811,3.2,2.7,0.5,69.2
CTB bus station,79.89005,7.07872,6.4,5.9,0.5,73.6
,79.9585,7.065,3.2,2.7,0.5,66.1
,79.95851,7.06509,3.2,2.7,0.5,66.1
,79.95939,7.06388,3.2,2.7,0.5,66.0
,79.89406,7.07264,6.4,5.9,0.5,73.0
,79.96417,7.07471,3.2,2.7,0.5,66.0
,79.97872,7.09378,3.2,2.7,0.5,65.6
,80.01841,7.09568,3.2,2.7,0.5,61.9
,80.01786,7.09786,3.2,2.7,0.5,62.0
,79.98894,7.08023,3.2,2.7,0.5,63.9
,80.00405,7.07317,3.2,2.7,0.5,62.0
,80.04652,7.09455,3.2,2.7,0.5,59.2
,80.04639,7.09448,3.2,2.7,0.5,59.2
,79.97797,7.09749,3.2,2.7,0.5,65.8
,80.0493,7.10844,3.2,2.7,0.5,59.7
,80.01968,7.09131,3.2,2.7,0.5,61.5
,80.01965,7.09113,3.2,2.7,0.5,61.5
,79.93683,7.07803,3.2,2.7,0.5,68.9
,80.00376,7.06293,3.2,2.7,0.5,61.5
,79.98723,7.06183,3.2,2.7,0.5,63.1
,79.97556,7.05667,3.2,2.7,0.5,64.0
,79.97898,7.03368,6.4,5.9,0.5,62.6
,79.97503,7.06793,3.2,2.7,0.5,64.6
,80.00951,7.04658,3.2,2.7,0.5,60.2
,80.01307,7.0658,3.2,2.7,0.5,60.8
,80.01319,7.06572,3.2,2.7,0.5,60.7
,80.0132,7.06563,3.2,2.7,0.5,60.7
,80.01311,7.06576,3.2,2.7,0.5,60.8
,80.0261,7.03568,3.2,2.7,0.5,58.0
,80.01312,7.09011,3.2,2.7,0.5,62.1
,80.0455,7.09911,3.2,2.7,0.5,59.5
,79.99645,7.04345,3.2,2.7,0.5,61.3
,79.99646,7.04355,3.2,2.7,0.5,61.3
,79.99192,7.0396,3.2,2.7,0.5,61.6
,79.96566,7.04249,3.2,2.7,0.5,64.4
,79.94246,7.07854,3.2,2.7,0.5,68.4
,79.93188,7.0672,3.2,2.7,0.5,68.9
,79.94003,7.06383,3.2,2.7,0.5,67.9
,79.92675,7.0715,3.2,2.7,0.5,69.6
,79.95851,7.06515,3.2,2.7,0.5,66.1
,79.97412,7.02673,3.2,2.7,0.5,62.8
,79.95471,7.08137,3.2,2.7,0.5,67.3
,79.94095,7.10176,3.2,2.7,0.5,69.7
,79.94046,7.06508,3.2,2.7,0.5,67.9
,79.97058,7.08146,3.2,2.7,0.5,65.7
,80.0132,7.06577,3.2,2.7,0.5,60.8
,80.01322,7.06581,3.2,2.7,0.5,60.8
,80.01326,7.06576,3.2,2.7,0.5,60.7
,80.01418,7.10132,3.2,2.7,0.5,62.6
,80.01425,7.10132,3.2,2.7,0.5,62.6
,79.92789,7.06387,3.2,2.7,0.5,69.1
,79.93664,7.06768,3.2,2.7,0.5,68.4
,79.99644,7.07627,3.2,2.7,0.5,62.9
,79.99242,7.07299,3.2,2.7,0.5,63.2
,80.01441,7.08129,3.2,2.7,0.5,61.5
,80.03395,7.10794,3.2,2.7,0.5,61.1
,79.9764,7.03149,3.2,2.7,0.5,62.8
,80.03255,7.07566,3.2,2.7,0.5,59.4
,80.00404,7.07341,3.2,2.7,0.5,62.0
,79.95945,7.07434,3.2,2.7,0.5,66.5
,80.03759,7.10411,3.2,2.7,0.5,60.6
,80.03757,7.10387,3.2,2.7,0.5,60.5
,80.03751,7.10394,3.2,2.7,0.5,60.5
,80.03744,7.10391,3.2,2.7,0.5,60.6
,80.03875,7.09562,3.2,2.7,0.5,59.9
,80.04531,7.09918,3.2,2.7,0.5,59.5
,79.9276,7.07238,3.2,2.7,0.5,69.6
,79.92602,7.07069,3.2,2.7,0.5,69.6
,79.97922,7.06678,3.2,2.7,0.5,64.1
,79.97362,7.07288,3.2,2.7,0.5,65.0
,79.96958,7.06671,3.2,2.7,0.5,65.1
,79.89099,7.09406,3.2,2.7,0.5,74.2
,79.89091,7.09405,3.2,2.7,0.5,74.2
,80.02504,7.09328,3.2,2.7,0.5,61.1
,79.89628,7.07796,3.2,2.7,0.5,73.0
,79.89087,7.0987,3.2,2.7,0.5,74.5
,79.91872,7.12029,3.2,2.7,0.5,72.8
,79.89643,7.07794,3.2,2.7,0.5,73.0
,79.89698,7.07836,3.2,2.7,0.5,72.9
,79.88787,7.07238,3.2,2.7,0.5,73.6
,79.90361,7.08343,3.2,2.7,0.5,72.5
,79.9037,7.08345,3.2,2.7,0.5,72.5
,79.90429,7.08434,3.2,2.7,0.5,72.5
,79.90415,7.08435,3.2,2.7,0.5,72.5
,79.90934,7.0832,3.2,2.7,0.5,71.9
,79.90928,7.08306,3.2,2.7,0.5,71.9
,79.91108,7.09512,3.2,2.7,0.5,72.3
,79.91111,7.09521,3.2,2.7,0.5,72.3
,79.91107,7.09501,3.2,2.7,0.5,72.3
,79.90365,7.08459,3.2,2.7,0.5,72.5
,79.90373,7.08459,3.2,2.7,0.5,72.5
,79.89416,7.0621,3.2,2.7,0.5,72.5
,79.89423,7.06219,3.2,2.7,0.5,72.5
,79.89424,7.06215,3.2,2.7,0.5,72.5
,79.89291,7.06095,3.2,2.7,0.5,72.6
,79.89427,7.0621,3.2,2.7,0.5,72.5
,79.89337,7.06524,3.2,2.7,0.5,72.7
,79.89941,7.08313,3.2,2.7,0.5,72.9
,79.89704,7.12271,3.2,2.7,0.5,75.0
,79.89712,7.12274,3.2,2.7,0.5,75.0
,79.91461,7.06694,3.2,2.7,0.5,70.6
,79.89668,7.08321,3.2,2.7,0.5,73.2
,79.89658,7.08317,3.2,2.7,0.5,73.2
,79.89666,7.08306,3.2,2.7,0.5,73.2
,79.89659,7.08306,3.2,2.7,0.5,73.2
,79.89558,7.08289,6.4,5.9,0.5,73.3
,79.98001,7.04532,3.2,2.7,0.5,63.0
,80.01218,7.04404,3.2,2.7,0.5,59.8
,79.89177,7.107,3.2,2.7,0.5,74.8
,79.9793,7.05823,3.2,2.7,0.5,63.7
,80.01175,7.08088,3.2,2.7,0.5,61.7
,80.01,7.07693,3.2,2.7,0.5,61.6
,80.00974,7.07685,3.2,2.7,0.5,61.7
,79.88318,7.14136,3.2,2.7,0.5,77.4
,79.87867,7.12213,3.2,2.7,0.5,76.8
,79.87855,7.12212,3.2,2.7,0.5,76.8
,79.87746,7.11824,3.2,2.7,0.5,76.7
,79.87761,7.11837,3.2,2.7,0.5,76.7
,79.88592,7.12077,3.2,2.7,0.5,76.0
,79.91156,7.13486,3.2,2.7,0.5,74.3
,79.91123,7.12913,3.2,2.7,0.5,74.0
,79.91917,7.11806,3.2,2.7,0.5,72.6
,79.91115,7.13107,3.2,2.7,0.5,74.1
,79.91125,7.13107,3.2,2.7,0.5,74.1
,79.88735,7.12927,3.2,2.7,0.5,76.3
,79.8873,7.12933,3.2,2.7,0.5,76.3
,79.90288,7.13148,3.2,2.7,0.5,74.9
,79.92817,7.14417,6.4,5.9,0.5,73.2
Lotery shop,79.91753,7.11939,3.2,2.7,0.5,72.9
,79.89865,7.06535,6.4,5.9,0.5,72.2
,79.92277,7.08103,3.2,2.7,0.5,70.4
,79.90381,7.0844,3.2,2.7,0.5,72.5
,79.90244,7.07277,3.2,2.7,0.5,72.1
,79.92453,7.078,3.2,2.7,0.5,70.1
,79.92795,7.0769,3.2,2.7,0.5,69.7
,79.92294,7.14101,3.2,2.7,0.5,73.5
,80.34076,6.70533,3.2,2.7,0.5,21.0
,80.27404,7.81959,3.2,2.7,0.5,114.4
,80.27397,7.81969,3.2,2.7,0.5,114.5
,80.27403,7.8198,3.2,2.7,0.5,114.5
,80.11446,6.61592,3.2,2.7,0.5,47.6
,80.11996,6.61914,3.2,2.7,0.5,46.9
,80.11979,6.61909,3.2,2.7,0.5,47.0
,80.09082,6.60777,3.2,2.7,0.5,50.4
,80.09101,6.60794,3.2,2.7,0.5,50.4
,80.09477,6.63973,3.2,2.7,0.5,48.5
,80.0946,6.63971,3.2,2.7,0.5,48.5
,80.08483,6.63793,3.2,2.7,0.5,49.6
,80.08968,6.63935,3.2,2.7,0.5,49.1
,80.08976,6.63935,3.2,2.7,0.5,49.0
,80.07637,6.64497,3.2,2.7,0.5,50.2
,80.07584,6.6475,3.2,2.7,0.5,50.1
,80.10349,6.71707,3.2,2.7,0.5,44.9
,80.09985,6.71675,3.2,2.7,0.5,45.3
,80.07681,6.69069,3.2,2.7,0.5,48.5
,80.07707,6.69098,3.2,2.7,0.5,48.5
,80.07668,6.66844,3.2,2.7,0.5,49.3
,80.05747,6.65428,3.2,2.7,0.5,51.8
,80.07092,6.68345,3.2,2.7,0.5,49.4
,80.05753,6.65468,3.2,2.7,0.5,51.8
,80.08759,6.69481,3.2,2.7,0.5,47.3
,80.21157,6.36219,3.2,2.7,0.5,58.8
,80.21165,6.36216,3.2,2.7,0.5,58.8
,80.22278,6.36671,3.2,2.7,0.5,57.7
,80.21745,6.35314,3.2,2.7,0.5,59.3
,80.38925,6.64382,3.2,2.7,0.5,22.0
,80.38928,6.64357,3.2,2.7,0.5,22.0
,80.08242,6.671,3.2,2.7,0.5,48.6
,80.07594,6.64748,3.2,2.7,0.5,50.1
,80.07652,6.64494,3.2,2.7,0.5,50.2
,80.07651,6.64514,3.2,2.7,0.5,50.2
,80.07709,6.65119,3.2,2.7,0.5,49.9
,80.10458,6.63071,3.2,2.7,0.5,47.9
,80.10452,6.63082,3.2,2.7,0.5,47.9
,80.08539,6.64639,3.2,2.7,0.5,49.2
,80.06265,6.65425,3.2,2.7,0.5,51.2
,80.05758,6.65433,3.2,2.7,0.5,51.8
,80.05745,6.65478,3.2,2.7,0.5,51.8
,80.38299,6.63827,3.2,2.7,0.5,22.9
,80.33457,6.71068,3.2,2.7,0.5,21.2
,80.33434,6.71074,3.2,2.7,0.5,21.3
,80.34068,6.70539,3.2,2.7,0.5,21.0
,80.36368,6.6943,3.2,2.7,0.5,19.7
,80.34374,6.6948,3.2,2.7,0.5,21.4
,80.36393,6.67775,3.2,2.7,0.5,20.9
,80.38655,6.6618,3.2,2.7,0.5,20.6
Casons Automobile,79.93392,6.88048,3.2,2.7,0.5,63.0
,79.93379,6.8805,3.2,2.7,0.5,63.0
Saloon Anushka,79.92181,7.03045,15.0,14.5,0.5,68.4
,80.47861,8.0341,6.4,5.9,0.5,135.4
Manjula Wine Stores,80.47866,8.03408,6.4,5.9,0.5,135.4
,80.09218,6.8364,5.0,4.5,0.5,45.1
,80.11354,7.83201,3.2,2.7,0.5,120.8
,79.89201,6.85505,3.2,2.7,0.5,67.3
,80.07815,6.67525,3.2,2.7,0.5,48.9
Primelife Residencis,79.95988,6.9915,6.4,5.9,0.5,62.9
DS Senanayake Sports Complex,79.87417,6.90797,3.2,2.8,0.4,70.0
,79.96241,7.06263,3.2,2.8,0.4,65.6
,79.97158,7.02956,3.2,2.8,0.4,63.2
,80.00989,7.01528,3.2,2.8,0.4,58.7
,80.006,7.01415,3.2,2.8,0.4,59.0
,80.02815,7.03504,3.2,2.8,0.4,57.7
,79.95744,7.07349,3.2,2.8,0.4,66.6
,79.9509,7.06548,3.2,2.8,0.4,66.9
,79.9498,7.05886,3.2,2.8,0.4,66.7
,79.95794,7.06769,3.2,2.8,0.4,66.3
,79.95857,7.07339,3.2,2.8,0.4,66.5
,79.96214,7.07359,3.2,2.8,0.4,66.2
,79.96197,7.07351,3.2,2.8,0.4,66.2
,79.97313,7.06285,3.2,2.8,0.4,64.6
,79.98514,7.05736,3.2,2.8,0.4,63.1
,79.96661,7.0581,3.2,2.8,0.4,65.0
,79.96835,7.05799,3.2,2.8,0.4,64.8
,79.97857,7.04892,3.2,2.8,0.4,63.4
,79.96028,7.06038,6.4,6.0,0.4,65.7
Siriwardhanaramaya Temple,79.97828,7.07678,3.2,2.8,0.4,64.7
,79.97847,7.07663,3.2,2.8,0.4,64.7
,79.96562,7.04777,3.2,2.8,0.4,64.6
,79.96714,7.04834,3.2,2.8,0.4,64.5
,79.96623,7.04709,3.2,2.8,0.4,64.5
,79.96543,7.07977,3.2,2.8,0.4,66.2
,79.96027,7.06401,3.2,2.8,0.4,65.9
,79.96008,7.0639,3.2,2.8,0.4,65.9
,79.96643,7.09299,3.2,2.8,0.4,66.7
,80.01333,7.05251,3.2,2.8,0.4,60.1
,80.01336,7.05238,3.2,2.8,0.4,60.1
,80.01348,7.05242,3.2,2.8,0.4,60.0
,79.94435,7.09823,3.2,2.8,0.4,69.2
,79.94274,7.09324,3.2,2.8,0.4,69.1
,79.95249,7.07499,3.2,2.8,0.4,67.2
,80.0077,7.09698,3.2,2.8,0.4,63.0
,79.96628,7.07598,3.2,2.8,0.4,65.9
,79.96601,7.07604,3.2,2.8,0.4,65.9
,79.96435,7.07872,3.2,2.8,0.4,66.2
,79.96518,7.07646,3.2,2.8,0.4,66.0
,79.94945,7.08049,3.2,2.8,0.4,67.8
,79.94983,7.08055,3.2,2.8,0.4,67.7
,79.95395,7.08422,3.2,2.8,0.4,67.5
,80.01233,7.05894,3.2,2.8,0.4,60.5
,80.01231,7.05883,3.2,2.8,0.4,60.5
,80.01168,7.05902,3.2,2.8,0.4,60.6
,79.9497,7.0845,3.2,2.8,0.4,67.9
,80.0144,7.09637,3.2,2.8,0.4,62.3
,79.9565,7.07607,3.2,2.8,0.4,66.9
,80.01136,7.09569,3.2,2.8,0.4,62.5
,80.01992,7.06009,3.2,2.8,0.4,59.8
,79.9326,7.10474,3.2,2.8,0.4,70.6
,79.93452,7.10415,3.2,2.8,0.4,70.4
,80.00273,7.06242,3.2,2.8,0.4,61.6
,80.00275,7.06229,3.2,2.8,0.4,61.6
,80.00295,7.06242,3.2,2.8,0.4,61.6
,79.93922,7.07769,3.2,2.8,0.4,68.6
,80.01993,7.05991,3.2,2.8,0.4,59.8
,79.98246,7.06514,6.4,6.0,0.4,63.7
,79.98215,7.06527,3.2,2.8,0.4,63.8
,80.00824,7.0912,3.2,2.8,0.4,62.6
,79.99464,7.0643,3.2,2.8,0.4,62.5
,80.02738,7.11272,3.2,2.8,0.4,62.0
,79.94283,7.07714,3.2,2.8,0.4,68.3
,79.98797,7.04762,3.2,2.8,0.4,62.4
,80.02041,7.10964,3.2,2.8,0.4,62.5
,80.02918,7.09619,3.2,2.8,0.4,60.9
,80.02919,7.09603,3.2,2.8,0.4,60.9
,80.03887,7.09573,3.2,2.8,0.4,59.9
,80.03848,7.09636,3.2,2.8,0.4,60.0
,80.03886,7.09595,3.2,2.8,0.4,60.0
,79.93415,7.10898,3.2,2.8,0.4,70.7
,80.03612,7.09253,6.4,6.0,0.4,60.0
,80.00516,7.05583,3.2,2.8,0.4,61.0
,79.99853,7.07699,3.2,2.8,0.4,62.8
,80.00695,7.06631,3.2,2.8,0.4,61.4
,80.01273,7.08894,3.2,2.8,0.4,62.0
,80.01034,7.0853,3.2,2.8,0.4,62.1
,80.00886,7.08748,6.4,6.0,0.4,62.3
,80.04619,7.11243,3.2,2.8,0.4,60.3
,80.0156,7.05804,3.2,2.8,0.4,60.1
,80.01439,7.06043,6.4,6.0,0.4,60.4
,79.99625,7.0773,3.2,2.8,0.4,63.0
,80.00003,7.0708,3.2,2.8,0.4,62.3
,79.99356,7.07421,6.4,6.0,0.4,63.1
,79.99848,7.06561,3.2,2.8,0.4,62.2
,79.9985,7.06574,3.2,2.8,0.4,62.2
,79.99958,7.07049,3.2,2.8,0.4,62.3
,79.92891,7.06826,3.2,2.8,0.4,69.2
,79.99036,7.08958,3.2,2.8,0.4,64.2
,79.99433,7.07026,3.2,2.8,0.4,62.8
,79.99999,7.06496,3.2,2.8,0.4,62.0
,80.00013,7.06474,3.2,2.8,0.4,62.0
,79.98893,7.09113,3.2,2.8,0.4,64.4
,79.98902,7.09114,3.2,2.8,0.4,64.4
,79.99819,7.08638,3.2,2.8,0.4,63.3
,79.92468,7.0697,3.2,2.8,0.4,69.7
,80.02038,7.09034,3.2,2.8,0.4,61.4
,80.03782,7.10437,3.2,2.8,0.4,60.5
,80.01527,7.09103,3.2,2.8,0.4,61.9
,80.04551,7.10536,3.2,2.8,0.4,59.9
,80.04477,7.10511,3.2,2.8,0.4,59.9
,80.01002,7.08327,3.2,2.8,0.4,62.0
,80.01018,7.08321,3.2,2.8,0.4,62.0
,80.01014,7.08328,3.2,2.8,0.4,62.0
,80.0101,7.08337,3.2,2.8,0.4,62.0
,80.04783,7.10844,3.2,2.8,0.4,59.9
,80.04838,7.10876,3.2,2.8,0.4,59.8
,80.01071,7.08205,6.4,6.0,0.4,61.9
,80.04601,7.10775,3.2,2.8,0.4,60.0
,80.0124,7.08119,3.2,2.8,0.4,61.6
,80.01349,7.09064,3.2,2.8,0.4,62.1
,79.99933,7.06013,3.2,2.8,0.4,61.8
,80.00579,7.05125,3.2,2.8,0.4,60.8
,80.00568,7.04827,3.2,2.8,0.4,60.6
,80.0057,7.04842,3.2,2.8,0.4,60.6
,79.90522,7.15569,3.2,2.8,0.4,76.0
,79.90727,7.15708,3.2,2.8,0.4,75.9
,79.90847,7.15037,3.2,2.8,0.4,75.4
,79.98507,7.05721,3.2,2.8,0.4,63.1
,79.98524,7.05715,3.2,2.8,0.4,63.1
,79.91996,7.06852,3.2,2.8,0.4,70.2
,80.02909,7.09121,3.2,2.8,0.4,60.6
,80.02907,7.09111,3.2,2.8,0.4,60.6
,80.02908,7.09134,3.2,2.8,0.4,60.6
,79.97644,7.055,3.2,2.8,0.4,63.9
,79.91478,7.07439,3.2,2.8,0.4,70.9
,79.91495,7.07437,3.2,2.8,0.4,70.9
,79.91752,7.07614,3.2,2.8,0.4,70.7
,79.91038,7.15257,3.2,2.8,0.4,75.3
,80.03611,7.08924,3.2,2.8,0.4,59.8
,80.03626,7.08939,3.2,2.8,0.4,59.8
,79.98984,7.05234,3.2,2.8,0.4,62.4
,80.03041,7.08474,3.2,2.8,0.4,60.1
,80.03083,7.08743,3.2,2.8,0.4,60.2
,80.03081,7.08753,3.2,2.8,0.4,60.2
,80.0414,7.09317,3.2,2.8,0.4,59.5
,80.02789,7.08876,3.2,2.8,0.4,60.6
,80.01831,7.08762,3.2,2.8,0.4,61.4
,80.01664,7.08923,3.2,2.8,0.4,61.7
,80.01369,7.08958,3.2,2.8,0.4,62.0
,80.02567,7.08624,3.2,2.8,0.4,60.6
Community Hall,79.91883,7.15126,3.2,2.8,0.4,74.5
,79.88464,7.10659,3.2,2.8,0.4,75.5
,80.04418,7.08545,3.2,2.8,0.4,58.8
,79.90481,7.14569,3.2,2.8,0.4,75.5
,79.90498,7.14571,3.2,2.8,0.4,75.5
,79.90505,7.14591,3.2,2.8,0.4,75.5
,79.93165,7.08011,3.2,2.8,0.4,69.5
,80.04409,7.08561,3.2,2.8,0.4,58.9
,80.04276,7.08635,3.2,2.8,0.4,59.0
,79.9343,7.08832,3.2,2.8,0.4,69.6
,79.93446,7.0884,3.2,2.8,0.4,69.6
,79.93434,7.0884,3.2,2.8,0.4,69.6
,79.93425,7.08842,3.2,2.8,0.4,69.7
,80.01521,7.08308,3.2,2.8,0.4,61.5
,79.9292,7.08736,3.2,2.8,0.4,70.1
,80.02319,7.06308,3.2,2.8,0.4,59.6
,80.03315,7.07839,3.2,2.8,0.4,59.5
,79.92011,7.08893,3.2,2.8,0.4,71.1
,79.92464,7.08596,3.2,2.8,0.4,70.5
,79.91681,7.08943,3.2,2.8,0.4,71.4
,79.91676,7.08933,3.2,2.8,0.4,71.4
,79.91745,7.08734,3.2,2.8,0.4,71.3
,80.04728,7.09462,3.2,2.8,0.4,59.1
,79.918,7.08585,3.2,2.8,0.4,71.2
,79.91751,7.08718,3.2,2.8,0.4,71.3
,80.04815,7.09213,3.2,2.8,0.4,58.9
,80.04822,7.09218,3.2,2.8,0.4,58.9
,79.91492,7.08382,3.2,2.8,0.4,71.4
,80.02061,7.08205,3.2,2.8,0.4,60.9
,80.02023,7.08346,3.2,2.8,0.4,61.0
,79.91444,7.14981,3.2,2.8,0.4,74.8
,79.8903,7.10543,3.2,2.8,0.4,74.8
,79.89018,7.10097,3.2,2.8,0.4,74.6
,79.9683,7.05608,3.2,2.8,0.4,64.7
,79.96845,7.05622,3.2,2.8,0.4,64.7
,79.9805,7.03675,3.2,2.8,0.4,62.6
,79.98064,7.03665,3.2,2.8,0.4,62.6
,79.99776,7.04191,3.2,2.8,0.4,61.1
,79.96262,7.04801,3.2,2.8,0.4,64.9
,79.91157,7.0716,3.2,2.8,0.4,71.1
,79.99759,7.04173,3.2,2.8,0.4,61.1
,79.99766,7.0417,3.2,2.8,0.4,61.1
,80.02168,7.0423,3.2,2.8,0.4,58.7
,79.97897,7.03854,3.2,2.8,0.4,62.8
,79.97918,7.03772,3.2,2.8,0.4,62.8
,79.97904,7.03857,3.2,2.8,0.4,62.8
,79.97932,7.0376,3.2,2.8,0.4,62.8
,79.97577,7.03849,3.2,2.8,0.4,63.2
,79.97579,7.03838,3.2,2.8,0.4,63.2
,79.97971,7.03733,3.2,2.8,0.4,62.7
,80.02111,7.04298,3.2,2.8,0.4,58.8
,80.02098,7.04293,3.2,2.8,0.4,58.8
,79.97886,7.04474,3.2,2.8,0.4,63.1
,80.01132,7.04137,3.2,2.8,0.4,59.7
,80.01822,7.03109,3.2,2.8,0.4,58.6
,80.01804,7.03093,3.2,2.8,0.4,58.6
,79.97236,7.03592,3.2,2.8,0.4,63.4
,79.93544,7.09019,3.2,2.8,0.4,69.6
Nadunuyana Public Hall,79.96798,7.04336,3.2,2.8,0.4,64.2
,79.96228,7.04492,3.2,2.8,0.4,64.8
,79.96236,7.04511,3.2,2.8,0.4,64.8
,79.9331,7.09472,3.2,2.8,0.4,70.1
,79.93285,7.09457,3.2,2.8,0.4,70.1
,79.93301,7.09471,3.2,2.8,0.4,70.1
,79.9624,7.04528,3.2,2.8,0.4,64.8
,79.92867,7.09182,3.2,2.8,0.4,70.4
,79.96253,7.04529,3.2,2.8,0.4,64.8
,79.98974,7.03961,3.2,2.8,0.4,61.8
,79.9706,7.03288,3.2,2.8,0.4,63.5
,79.92324,7.09347,3.2,2.8,0.4,71.0
,79.96389,7.03642,6.4,6.0,0.4,64.3
,80.02657,7.03577,3.2,2.8,0.4,57.9
,80.02652,7.03584,3.2,2.8,0.4,57.9
,80.02643,7.03593,3.2,2.8,0.4,58.0
,79.9146,7.09543,3.2,2.8,0.4,71.9
,79.96293,7.04262,3.2,2.8,0.4,64.7
,79.96294,7.04251,3.2,2.8,0.4,64.6
,79.89086,7.09462,3.2,2.8,0.4,74.3
,79.90211,7.07144,3.2,2.8,0.4,72.1
,79.90201,7.07146,3.2,2.8,0.4,72.1
,79.98204,7.03541,3.2,2.8,0.4,62.4
,79.99974,7.03755,3.2,2.8,0.4,60.7
,79.99602,7.03635,3.2,2.8,0.4,61.0
,80.00297,7.03865,3.2,2.8,0.4,60.4
,80.00708,7.0357,3.2,2.8,0.4,59.9
,80.00699,7.03567,3.2,2.8,0.4,59.9
,80.00685,7.03549,3.2,2.8,0.4,59.9
,79.99916,7.0323,3.2,2.8,0.4,60.5
,80.00233,7.0327,3.2,2.8,0.4,60.2
,79.99917,7.03218,3.2,2.8,0.4,60.5
,79.89848,7.06595,3.2,2.8,0.4,72.2
,79.99956,7.03417,3.2,2.8,0.4,60.6
,79.9983,7.08636,3.2,2.8,0.4,63.3
,80.00742,7.09006,6.4,6.0,0.4,62.6
,79.99109,7.05484,3.2,2.8,0.4,62.4
,79.98427,7.06763,3.2,2.8,0.4,63.7
,79.95755,7.07337,3.2,2.8,0.4,66.6
,80.03358,7.04202,3.2,2.8,0.4,57.5
,79.9888,7.09108,3.2,2.8,0.4,64.5
,79.91447,7.09536,3.2,2.8,0.4,72.0
,79.91883,7.08668,6.4,6.0,0.4,71.1
,79.94958,7.08048,3.2,2.8,0.4,67.8
,79.94973,7.08054,3.2,2.8,0.4,67.7
,80.01321,7.05713,3.2,2.8,0.4,60.3
,79.94252,7.066,3.2,2.8,0.4,67.8
,79.9272,7.06256,3.2,2.8,0.4,69.2
,79.92699,7.06247,3.2,2.8,0.4,69.2
,79.92718,7.06245,3.2,2.8,0.4,69.2
,79.99324,7.03382,3.2,2.8,0.4,61.2
,79.94243,7.06625,3.2,2.8,0.4,67.8
,79.92889,7.06056,3.2,2.8,0.4,68.9
,80.00338,7.03174,3.2,2.8,0.4,60.1
,80.00346,7.03165,3.2,2.8,0.4,60.1
,80.00337,7.03182,3.2,2.8,0.4,60.1
,79.99248,7.03276,3.2,2.8,0.4,61.2
,80.00911,7.02674,3.2,2.8,0.4,59.3
,80.00919,7.02664,3.2,2.8,0.4,59.3
,80.00955,7.02724,3.2,2.8,0.4,59.3
,79.94166,7.06703,6.4,6.0,0.4,67.9
,79.9401,7.06509,3.2,2.8,0.4,68.0
,80.01279,7.0341,3.2,2.8,0.4,59.2
,80.02399,7.02192,3.2,2.8,0.4,57.6
,80.02643,7.03498,3.2,2.8,0.4,57.9
,80.02871,7.03166,3.2,2.8,0.4,57.5
,80.02717,7.03456,3.2,2.8,0.4,57.8
,80.027,7.03444,3.2,2.8,0.4,57.8
,80.02808,7.03508,3.2,2.8,0.4,57.8
,80.02877,7.03166,3.2,2.8,0.4,57.5
,80.02811,7.03511,3.2,2.8,0.4,57.8
,80.0264,7.03511,3.2,2.8,0.4,57.9
,80.02452,7.03459,3.2,2.8,0.4,58.1
,80.02469,7.03451,3.2,2.8,0.4,58.1
,79.93173,7.06719,3.2,2.8,0.4,68.9
,79.93428,7.06769,3.2,2.8,0.4,68.7
,80.00298,7.01134,3.2,2.8,0.4,59.2
,80.0232,7.01536,3.2,2.8,0.4,57.3
,80.02329,7.01536,3.2,2.8,0.4,57.3
,79.93087,7.06609,3.2,2.8,0.4,68.9
,80.03,7.02773,3.2,2.8,0.4,57.2
,80.00071,7.03013,3.2,2.8,0.4,60.3
,80.00079,7.03018,3.2,2.8,0.4,60.3
,80.02545,7.09608,3.2,2.8,0.4,61.2
,80.02898,7.09619,3.2,2.8,0.4,60.9
,79.94438,7.09801,3.2,2.8,0.4,69.1
,79.94425,7.09809,3.2,2.8,0.4,69.2
,79.94692,7.05996,3.2,2.8,0.4,67.0
,80.00166,7.07634,3.2,2.8,0.4,62.4
,80.01374,7.10098,6.4,6.0,0.4,62.6
,79.97861,7.08242,3.2,2.8,0.4,65.0
,80.00423,7.054,3.2,2.8,0.4,61.0
,80.0265,7.10942,3.2,2.8,0.4,61.9
,79.93532,7.10688,3.2,2.8,0.4,70.5
,80.00385,7.09718,3.2,2.8,0.4,63.3
,80.00395,7.09713,3.2,2.8,0.4,63.3
,80.01774,7.09748,3.2,2.8,0.4,62.0
,80.01153,7.09592,3.2,2.8,0.4,62.5
,80.00806,7.10125,3.2,2.8,0.4,63.2
,79.99042,7.08946,3.2,2.8,0.4,64.2
,79.97809,7.09757,3.2,2.8,0.4,65.8
,80.0117,7.05889,3.2,2.8,0.4,60.5
,80.0131,7.08275,3.2,2.8,0.4,61.7
,80.03789,7.10422,3.2,2.8,0.4,60.5
,80.00428,7.054,3.2,2.8,0.4,61.0
,80.00431,7.05393,3.2,2.8,0.4,61.0
,79.99921,7.06089,3.2,2.8,0.4,61.9
Kossinna Post Office,79.96659,7.04737,3.2,2.8,0.4,64.5
,79.99628,7.05349,3.2,2.8,0.4,61.8
,80.01332,7.06537,3.2,2.8,0.4,60.7
,80.00817,7.08683,3.2,2.8,0.4,62.4
,80.01298,7.01701,3.2,2.8,0.4,58.5
,79.99762,7.06806,3.2,2.8,0.4,62.4
,80.00553,7.04835,3.2,2.8,0.4,60.6
,80.03442,7.07634,3.2,2.8,0.4,59.3
,80.01982,7.06002,3.2,2.8,0.4,59.8
,79.99811,7.04244,3.2,2.8,0.4,61.1
,80.02315,7.06288,3.2,2.8,0.4,59.6
,79.94274,7.07721,3.2,2.8,0.4,68.3
,79.94266,7.07728,3.2,2.8,0.4,68.3
,79.95061,7.06243,3.2,2.8,0.4,66.8
,79.97175,7.02964,3.2,2.8,0.4,63.2
,79.94998,7.05888,3.2,2.8,0.4,66.7
,79.9338,7.07832,3.2,2.8,0.4,69.2
,79.94001,7.06491,3.2,2.8,0.4,68.0
,79.93461,7.10406,3.2,2.8,0.4,70.4
,79.93471,7.10413,3.2,2.8,0.4,70.4
,79.95338,7.07823,3.2,2.8,0.4,67.3
,79.95335,7.07832,3.2,2.8,0.4,67.3
,79.9495,7.08053,3.2,2.8,0.4,67.8
,79.94947,7.08057,3.2,2.8,0.4,67.8
,79.96175,7.03814,3.2,2.8,0.4,64.6
,79.97891,7.04485,3.2,2.8,0.4,63.1
,80.01346,7.06533,3.2,2.8,0.4,60.7
,79.93443,7.06778,3.2,2.8,0.4,68.7
,79.99638,7.07733,3.2,2.8,0.4,63.0
,79.9796,7.03351,3.2,2.8,0.4,62.6
,80.01942,7.06633,3.2,2.8,0.4,60.2
,79.98418,7.08915,3.2,2.8,0.4,64.8
,80.0197,7.11018,3.2,2.8,0.4,62.6
,80.0197,7.11028,3.2,2.8,0.4,62.6
,80.01466,7.083,6.4,6.0,0.4,61.5
,79.97375,7.03451,3.2,2.8,0.4,63.2
,80.03945,7.09002,3.2,2.8,0.4,59.6
,80.04395,7.08561,3.2,2.8,0.4,58.9
,80.04267,7.08641,3.2,2.8,0.4,59.0
,80.03536,7.07701,3.2,2.8,0.4,59.2
,79.96616,7.07601,3.2,2.8,0.4,65.9
,80.03772,7.1042,3.2,2.8,0.4,60.5
,79.976,7.03845,3.2,2.8,0.4,63.1
,79.89062,7.08245,3.2,2.8,0.4,73.7
,79.88828,7.07921,3.2,2.8,0.4,73.8
,80.04513,7.09967,3.2,2.8,0.4,59.6
,79.99882,7.0674,3.2,2.8,0.4,62.2
,79.92461,7.06949,3.2,2.8,0.4,69.7
,79.93289,7.07121,3.2,2.8,0.4,69.0
,79.96965,7.0584,3.2,2.8,0.4,64.7
,79.88802,7.0829,3.2,2.8,0.4,74.0
,79.88784,7.08292,3.2,2.8,0.4,74.0
,79.88795,7.08281,3.2,2.8,0.4,74.0
,79.88782,7.08284,3.2,2.8,0.4,74.0
,79.94968,7.08461,3.2,2.8,0.4,67.9
,80.02322,7.10995,3.2,2.8,0.4,62.2
,80.02312,7.11002,3.2,2.8,0.4,62.3
,80.02786,7.08832,3.2,2.8,0.4,60.6
,80.03071,7.08753,3.2,2.8,0.4,60.2
,79.89089,7.09441,3.2,2.8,0.4,74.3
,79.89095,7.09458,3.2,2.8,0.4,74.3
,80.04686,7.09314,3.2,2.8,0.4,59.0
,80.04821,7.09209,3.2,2.8,0.4,58.8
,79.89102,7.09337,3.2,2.8,0.4,74.2
,79.88965,7.10461,3.2,2.8,0.4,74.9
,79.88983,7.1045,3.2,2.8,0.4,74.8
,79.89191,7.10577,3.2,2.8,0.4,74.7
,79.89183,7.10578,3.2,2.8,0.4,74.7
,80.00315,7.04068,3.2,2.8,0.4,60.5
,79.96307,7.04294,3.2,2.8,0.4,64.7
,79.96278,7.0479,3.2,2.8,0.4,64.9
,79.9148,7.08365,3.2,2.8,0.4,71.4
,79.9091,7.08353,3.2,2.8,0.4,71.9
,79.90921,7.08333,3.2,2.8,0.4,71.9
,79.90914,7.08336,3.2,2.8,0.4,71.9
,79.91123,7.08123,3.2,2.8,0.4,71.6
,79.91948,7.10485,3.2,2.8,0.4,71.9
,79.90729,7.07951,3.2,2.8,0.4,71.9
,79.91156,7.07139,3.2,2.8,0.4,71.1
,79.91157,7.09442,3.2,2.8,0.4,72.2
,79.91145,7.09451,3.2,2.8,0.4,72.2
,79.91154,7.09462,3.2,2.8,0.4,72.2
,79.91207,7.09592,3.2,2.8,0.4,72.2
,79.91445,7.09546,3.2,2.8,0.4,72.0
,79.91214,7.09583,3.2,2.8,0.4,72.2
,79.99936,7.06038,3.2,2.8,0.4,61.8
,79.91486,7.06705,3.2,2.8,0.4,70.6
,79.98096,7.04752,3.2,2.8,0.4,63.1
,79.96121,7.06695,3.2,2.8,0.4,65.9
,79.96121,7.06688,3.2,2.8,0.4,65.9
,79.98995,7.04853,3.2,2.8,0.4,62.2
,79.96453,7.05722,3.2,2.8,0.4,65.2
,79.91367,7.12593,3.2,2.8,0.4,73.6
,80.0479,7.10824,3.2,2.8,0.4,59.8
,79.96244,7.06269,3.2,2.8,0.4,65.6
,79.95247,7.06699,3.2,2.8,0.4,66.8
,80.01093,7.07699,3.2,2.8,0.4,61.6
garage,79.88379,7.13969,3.2,2.8,0.4,77.2
,79.88381,7.13979,3.2,2.8,0.4,77.2
,79.88373,7.13991,3.2,2.8,0.4,77.2
Pagoda,79.96196,7.03826,3.2,2.8,0.4,64.6
,79.9147,7.0746,3.2,2.8,0.4,71.0
,79.88747,7.11209,3.2,2.8,0.4,75.5
,79.88765,7.11212,3.2,2.8,0.4,75.4
,79.88757,7.11212,3.2,2.8,0.4,75.4
,79.88783,7.12167,3.2,2.8,0.4,75.9
,79.91368,7.12605,3.2,2.8,0.4,73.6
,79.92033,7.1243,3.2,2.8,0.4,72.9
,79.92247,7.14581,3.2,2.8,0.4,73.8
,79.92183,7.14639,3.2,2.8,0.4,73.9
,79.93142,7.1491,3.2,2.8,0.4,73.1
,79.93162,7.14922,3.2,2.8,0.4,73.1
,79.93158,7.14912,3.2,2.8,0.4,73.1
,79.93159,7.14902,3.2,2.8,0.4,73.1
,79.95589,7.06991,3.2,2.8,0.4,66.6
,79.88364,7.13984,3.2,2.8,0.4,77.2
,79.90219,7.07137,3.2,2.8,0.4,72.1
,79.89835,7.066,3.2,2.8,0.4,72.2
,79.933,7.09452,3.2,2.8,0.4,70.1
,79.89852,7.062,9.6,9.2,0.4,72.0
,79.92044,7.13385,3.2,2.8,0.4,73.4
Stupa,80.21533,6.02699,6.4,6.0,0.4,92.1
,80.35354,6.68532,3.2,2.8,0.4,21.2
,80.35468,6.64427,3.2,2.8,0.4,24.3
,80.35626,6.64561,3.2,2.8,0.4,24.1
,80.59791,7.268,3.2,2.8,0.4,51.9
,79.92501,7.03013,6.4,6.0,0.4,68.0
,80.27346,7.81714,3.2,2.8,0.4,114.2
,80.27188,7.81571,3.2,2.8,0.4,114.1
,80.27179,7.81632,3.2,2.8,0.4,114.1
,80.27183,7.81648,3.2,2.8,0.4,114.2
,80.27495,7.81804,3.2,2.8,0.4,114.3
,80.27346,7.81732,3.2,2.8,0.4,114.2
,80.274,7.81936,3.2,2.8,0.4,114.4
,80.12169,6.61512,3.2,2.8,0.4,47.0
,80.0966,6.70283,3.2,2.8,0.4,46.1
,80.09882,6.62999,3.2,2.8,0.4,48.5
,80.09873,6.62988,3.2,2.8,0.4,48.5
,80.10108,6.63046,3.2,2.8,0.4,48.3
,80.10117,6.63032,3.2,2.8,0.4,48.3
,80.07846,6.64733,3.2,2.8,0.4,49.9
,80.08178,6.67503,3.2,2.8,0.4,48.5
,80.10168,6.71402,3.2,2.8,0.4,45.2
,80.09801,6.70867,3.2,2.8,0.4,45.8
,80.09649,6.71879,3.2,2.8,0.4,45.7
,80.09452,6.70474,3.2,2.8,0.4,46.2
,80.09906,6.69729,3.2,2.8,0.4,46.0
,80.099,6.69717,3.2,2.8,0.4,46.0
,80.08692,6.65813,3.2,2.8,0.4,48.6
,80.06921,6.66338,3.2,2.8,0.4,50.2
,80.06914,6.66336,3.2,2.8,0.4,50.2
,80.08426,6.68014,3.2,2.8,0.4,48.1
,80.06901,6.66342,3.2,2.8,0.4,50.2
,80.06906,6.66353,3.2,2.8,0.4,50.2
,80.07652,6.65093,3.2,2.8,0.4,49.9
,80.08572,6.69855,3.2,2.8,0.4,47.4
,80.08468,6.69839,3.2,2.8,0.4,47.5
,80.08703,6.69387,3.2,2.8,0.4,47.3
,80.09923,6.72216,3.2,2.8,0.4,45.3
,80.21363,6.36383,3.2,2.8,0.4,58.5
,80.36414,6.65593,3.2,2.8,0.4,22.6
,80.35989,6.63932,3.2,2.8,0.4,24.3
,80.36336,6.6354,3.2,2.8,0.4,24.4
,80.36329,6.63523,3.2,2.8,0.4,24.4
,80.35294,6.64887,3.2,2.8,0.4,24.0
,80.36437,6.67135,3.2,2.8,0.4,21.4
,80.34252,6.70243,3.2,2.8,0.4,21.0
,80.08716,6.65803,3.2,2.8,0.4,48.6
,80.06943,6.68601,3.2,2.8,0.4,49.5
,80.10127,6.63049,3.2,2.8,0.4,48.3
,80.09016,6.64383,3.2,2.8,0.4,48.8
,80.05741,6.65367,3.2,2.8,0.4,51.8
,80.2831,6.6291,3.2,2.8,0.4,31.1
,80.38976,6.63912,3.2,2.8,0.4,22.4
,80.25481,6.21196,3.2,2.8,0.4,71.4
,80.25715,6.21174,6.4,6.0,0.4,71.3
,80.31018,6.7071,3.2,2.8,0.4,23.8
,80.39924,6.61708,3.2,2.8,0.4,24.0
,80.25884,6.22042,3.2,2.8,0.4,70.4
,80.39073,6.66565,3.2,2.8,0.4,19.9
,80.39061,6.66583,3.2,2.8,0.4,19.9
,80.07558,6.69858,3.2,2.8,0.4,48.4
,80.35353,6.68516,3.2,2.8,0.4,21.2
,80.05712,6.65431,3.2,2.8,0.4,51.8
,80.35327,6.63385,3.2,2.8,0.4,25.3
,80.38907,6.66735,3.2,2.8,0.4,19.9
,80.38891,6.66733,3.2,2.8,0.4,19.9
,80.389,6.66745,3.2,2.8,0.4,19.9
,80.06793,6.65583,3.2,2.8,0.4,50.6
,80.06926,6.66361,3.2,2.8,0.4,50.2
,80.38979,6.63903,3.2,2.8,0.4,22.4
,80.2906,6.70954,6.4,6.0,0.4,25.6
,80.33169,6.70743,3.2,2.8,0.4,21.7
,80.39073,6.66585,3.2,2.8,0.4,19.9
,80.34269,6.70236,3.2,2.8,0.4,21.0
,80.36533,6.69255,3.2,2.8,0.4,19.7
,80.35302,6.64887,3.2,2.8,0.4,24.0
,80.35341,6.64669,3.2,2.8,0.4,24.2
,80.35461,6.6442,3.2,2.8,0.4,24.3
,80.35971,6.6459,3.2,2.8,0.4,23.8
,80.35471,6.64414,3.2,2.8,0.4,24.3
,80.21141,6.36204,3.2,2.8,0.4,58.8
,80.21134,6.36202,3.2,2.8,0.4,58.8
,80.2113,6.362,3.2,2.8,0.4,58.9
,80.22292,6.36543,3.2,2.8,0.4,57.8
,80.08702,6.65818,3.2,2.8,0.4,48.6
,80.0965,6.70292,3.2,2.8,0.4,46.1
,80.09959,6.70078,3.2,2.8,0.4,45.8
,80.08558,6.69844,3.2,2.8,0.4,47.4
,80.08712,6.69385,3.2,2.8,0.4,47.3
multi purpose building,79.96292,6.57696,9.6,9.2,0.4,64.6
Cargills food city,79.94834,7.00028,6.4,6.0,0.4,64.5
,80.27402,7.81947,3.2,2.8,0.4,114.4
,80.07803,6.67538,3.2,2.8,0.4,48.9
samagi building,79.83078,7.4126,6.0,5.6,0.4,99.5
,80.27423,7.81375,3.2,2.8,0.4,113.8
,80.27426,7.81358,3.2,2.8,0.4,113.8
,80.27234,7.81473,3.2,2.8,0.4,114.0
,79.95912,7.0576,3.2,2.9,0.3,65.7
,79.95986,7.05551,3.2,2.9,0.3,65.5
,79.96248,7.06203,3.2,2.9,0.3,65.6
,80.00761,7.08963,3.2,2.9,0.3,62.6
,79.96144,7.06799,3.2,2.9,0.3,66.0
,79.96148,7.06812,3.2,2.9,0.3,66.0
,80.00269,7.02204,3.2,2.9,0.3,59.7
,80.00297,7.02222,3.2,2.9,0.3,59.7
,80.01759,7.01525,3.2,2.9,0.3,57.9
,79.93033,7.10036,3.2,2.9,0.3,70.6
,79.9541,7.0707,3.2,2.9,0.3,66.8
,79.95146,7.06588,3.2,2.9,0.3,66.9
,79.94908,7.06336,3.2,2.9,0.3,67.0
,79.95175,7.05967,3.2,2.9,0.3,66.5
,79.95179,7.05975,3.2,2.9,0.3,66.5
Kamburugamuwa,80.49405,5.94086,3.2,2.9,0.3,96.0
,79.97121,7.06346,3.2,2.9,0.3,64.8
,79.97125,7.06335,3.2,2.9,0.3,64.8
,79.97487,7.06805,3.2,2.9,0.3,64.6
,79.97338,7.05006,3.2,2.9,0.3,63.9
,79.97825,7.04889,3.2,2.9,0.3,63.4
,79.96477,7.06743,3.2,2.9,0.3,65.6
,79.96468,7.06763,3.2,2.9,0.3,65.6
,79.97958,7.08233,3.2,2.9,0.3,64.9
,79.97455,7.08153,3.2,2.9,0.3,65.3
,79.97025,7.0816,3.2,2.9,0.3,65.8
,79.97682,7.09744,3.2,2.9,0.3,66.0
,79.94995,7.08598,3.2,2.9,0.3,68.0
,79.94978,7.08582,3.2,2.9,0.3,68.0
,79.9848,7.09044,3.2,2.9,0.3,64.8
,79.9672,7.05052,3.2,2.9,0.3,64.6
,79.96737,7.05047,3.2,2.9,0.3,64.6
,79.96676,7.04825,3.2,2.9,0.3,64.5
,79.96873,7.05,3.2,2.9,0.3,64.4
,79.95958,7.06366,3.2,2.9,0.3,66.0
,79.96544,7.07184,3.2,2.9,0.3,65.8
St. Anne's Church,79.96524,7.07192,3.2,2.9,0.3,65.8
,79.95411,7.09373,3.2,2.9,0.3,68.0
,79.98841,7.06429,3.2,2.9,0.3,63.1
,80.01294,7.0572,3.2,2.9,0.3,60.3
,80.00797,7.05146,3.2,2.9,0.3,60.5
,79.95221,7.09335,3.2,2.9,0.3,68.1
,79.95227,7.09323,3.2,2.9,0.3,68.1
,79.94889,7.07794,3.2,2.9,0.3,67.7
,79.94903,7.07576,3.2,2.9,0.3,67.6
,80.00546,7.09554,3.2,2.9,0.3,63.1
,80.0055,7.09638,3.2,2.9,0.3,63.1
,79.95156,7.08023,3.2,2.9,0.3,67.5
,79.95138,7.08011,3.2,2.9,0.3,67.6
,79.95673,7.08062,3.2,2.9,0.3,67.1
,79.95654,7.0806,3.2,2.9,0.3,67.1
,79.94952,7.07967,3.2,2.9,0.3,67.7
,80.0119,7.05854,3.2,2.9,0.3,60.5
,80.03746,7.08106,6.4,6.1,0.3,59.2
,80.03791,7.0806,3.2,2.9,0.3,59.2
,80.01451,7.09683,3.2,2.9,0.3,62.3
,80.03745,7.08088,6.4,6.1,0.3,59.2
,79.93351,7.1042,6.4,6.1,0.3,70.5
,79.93529,7.1055,3.2,2.9,0.3,70.4
,79.96132,7.07585,3.2,2.9,0.3,66.4
,80.00329,7.06258,3.2,2.9,0.3,61.6
,79.95367,7.08079,3.2,2.9,0.3,67.4
,79.94705,7.0818,3.2,2.9,0.3,68.1
,79.98459,7.0676,3.2,2.9,0.3,63.7
,79.98469,7.06746,3.2,2.9,0.3,63.6
,80.0133,7.09033,3.2,2.9,0.3,62.1
,79.95363,7.07375,3.2,2.9,0.3,67.0
,80.01021,7.08997,3.2,2.9,0.3,62.3
,79.99453,7.06026,3.2,2.9,0.3,62.3
,79.96248,7.07865,3.2,2.9,0.3,66.4
,79.99303,7.0668,3.2,2.9,0.3,62.8
,79.99317,7.06662,3.2,2.9,0.3,62.8
,79.99506,7.06401,3.2,2.9,0.3,62.4
,79.99492,7.06413,3.2,2.9,0.3,62.5
,79.95101,7.07072,3.2,2.9,0.3,67.1
,79.95093,7.07063,3.2,2.9,0.3,67.1
,79.9897,7.04727,3.2,2.9,0.3,62.2
,79.98988,7.04708,3.2,2.9,0.3,62.1
,79.95209,7.07296,3.2,2.9,0.3,67.1
,79.95194,7.07295,3.2,2.9,0.3,67.2
,79.98766,7.0453,3.2,2.9,0.3,62.3
,79.98817,7.04275,3.2,2.9,0.3,62.1
,79.94463,7.07368,3.2,2.9,0.3,67.9
,79.94471,7.07383,3.2,2.9,0.3,67.9
,79.94221,7.07241,3.2,2.9,0.3,68.1
,80.03958,7.09667,3.2,2.9,0.3,59.9
,80.0397,7.09668,3.2,2.9,0.3,59.9
,80.03373,7.081,3.2,2.9,0.3,59.6
,80.03758,7.10006,3.2,2.9,0.3,60.3
Kaluarachchi Hardware,79.92885,7.10319,3.2,2.9,0.3,70.9
,80.0387,7.09008,3.2,2.9,0.3,59.6
,80.01942,7.05419,3.2,2.9,0.3,59.6
,80.01402,7.05189,3.2,2.9,0.3,60.0
,80.00423,7.07109,3.2,2.9,0.3,61.9
,80.01769,7.05244,3.2,2.9,0.3,59.6
,80.01714,7.05679,3.2,2.9,0.3,59.9
,80.01857,7.05672,3.2,2.9,0.3,59.8
,80.01724,7.05685,3.2,2.9,0.3,59.9
,80.01727,7.05678,3.2,2.9,0.3,59.9
,79.97143,7.03281,3.2,2.9,0.3,63.4
,80.01175,7.08843,3.2,2.9,0.3,62.1
,80.03734,7.11088,6.4,6.1,0.3,61.0
,79.99611,7.07701,3.2,2.9,0.3,63.0
,79.99382,7.0757,6.4,6.1,0.3,63.2
,80.001,7.06685,3.2,2.9,0.3,62.0
,79.99622,7.07624,3.2,2.9,0.3,62.9
,79.99651,7.07593,3.2,2.9,0.3,62.9
,79.92649,7.07085,3.2,2.9,0.3,69.6
,79.99807,7.08648,3.2,2.9,0.3,63.3
,79.99812,7.08668,3.2,2.9,0.3,63.3
,79.997,7.0859,6.4,6.1,0.3,63.4
,79.97848,7.06613,3.2,2.9,0.3,64.2
,79.98712,7.07639,3.2,2.9,0.3,63.8
,79.98656,7.07474,3.2,2.9,0.3,63.8
,80.0009,7.06672,3.2,2.9,0.3,62.0
,80.00102,7.06667,3.2,2.9,0.3,62.0
,80.00082,7.06671,3.2,2.9,0.3,62.0
,80.00096,7.09086,3.2,2.9,0.3,63.3
,79.99996,7.09083,3.2,2.9,0.3,63.4
,79.98855,7.09106,3.2,2.9,0.3,64.5
,79.9887,7.09112,3.2,2.9,0.3,64.5
,80.01996,7.0911,3.2,2.9,0.3,61.5
,80.04529,7.10247,6.4,6.1,0.3,59.7
,80.01857,7.09497,3.2,2.9,0.3,61.8
,80.01139,7.07547,3.2,2.9,0.3,61.4
,80.01163,7.07538,3.2,2.9,0.3,61.4
,80.05167,7.10961,3.2,2.9,0.3,59.6
,79.93473,7.0683,3.2,2.9,0.3,68.7
,80.04472,7.11057,3.2,2.9,0.3,60.3
,80.00111,7.05746,3.2,2.9,0.3,61.5
,80.00124,7.05746,3.2,2.9,0.3,61.5
,80.01206,7.04612,3.2,2.9,0.3,59.9
,79.88843,7.07903,3.2,2.9,0.3,73.8
,79.88855,7.07907,3.2,2.9,0.3,73.8
,79.88856,7.07901,3.2,2.9,0.3,73.8
,79.90845,7.15577,3.2,2.9,0.3,75.7
,79.8893,7.0748,3.2,2.9,0.3,73.5
,79.88929,7.07462,3.2,2.9,0.3,73.5
,79.88931,7.07467,3.2,2.9,0.3,73.5
,79.88713,7.07287,3.2,2.9,0.3,73.7
,79.88722,7.07275,3.2,2.9,0.3,73.7
,79.91003,7.16174,3.2,2.9,0.3,75.9
,79.91807,7.07216,3.2,2.9,0.3,70.5
,79.97614,7.05556,3.2,2.9,0.3,63.9
,79.97615,7.05312,3.2,2.9,0.3,63.8
,79.97622,7.05567,3.2,2.9,0.3,63.9
,79.97595,7.05526,3.2,2.9,0.3,63.9
,79.98422,7.05085,3.2,2.9,0.3,62.9
,79.91777,7.07697,3.2,2.9,0.3,70.8
,79.91023,7.15228,3.2,2.9,0.3,75.3
,80.02955,7.09433,3.2,2.9,0.3,60.7
,79.92042,7.07337,3.2,2.9,0.3,70.3
,79.92048,7.07328,3.2,2.9,0.3,70.3
,80.03514,7.08918,6.4,6.1,0.3,59.9
,80.03283,7.08941,3.2,2.9,0.3,60.1
,80.03251,7.0889,3.2,2.9,0.3,60.1
,80.03242,7.08883,3.2,2.9,0.3,60.1
,80.01364,7.08693,6.4,6.1,0.3,61.8
,80.02583,7.08623,3.2,2.9,0.3,60.6
,80.02371,7.08578,6.4,6.1,0.3,60.8
,79.9175,7.15066,3.2,2.9,0.3,74.6
,79.99184,7.04724,3.2,2.9,0.3,62.0
,79.99173,7.04728,3.2,2.9,0.3,62.0
,80.03556,7.07625,3.2,2.9,0.3,59.1
,80.02895,7.08212,3.2,2.9,0.3,60.1
,80.02857,7.07953,3.2,2.9,0.3,60.0
,80.02243,7.0782,6.4,6.1,0.3,60.5
,79.93564,7.08789,3.2,2.9,0.3,69.5
,80.05256,7.08867,3.2,2.9,0.3,58.2
,79.92877,7.08633,6.4,6.1,0.3,70.1
,79.9203,7.08964,3.2,2.9,0.3,71.1
,79.92024,7.08934,3.2,2.9,0.3,71.1
,79.92168,7.08913,3.2,2.9,0.3,70.9
Wee mola,79.92551,7.0874,3.2,2.9,0.3,70.5
,79.92541,7.08753,3.2,2.9,0.3,70.5
,80.02376,7.07362,3.2,2.9,0.3,60.1
,79.92489,7.08535,3.2,2.9,0.3,70.4
,79.92478,7.08533,3.2,2.9,0.3,70.5
,79.92402,7.08475,3.2,2.9,0.3,70.5
,79.92143,7.08723,3.2,2.9,0.3,70.9
,79.92132,7.08728,3.2,2.9,0.3,70.9
,80.02299,7.07293,3.2,2.9,0.3,60.2
,80.02309,7.07119,3.2,2.9,0.3,60.1
,79.91854,7.08629,3.2,2.9,0.3,71.1
,80.04154,7.07863,3.2,2.9,0.3,58.7
,79.99952,7.04747,3.2,2.9,0.3,61.2
,79.99973,7.04757,3.2,2.9,0.3,61.2
,80.0012,7.04887,3.2,2.9,0.3,61.1
,80.00128,7.04897,3.2,2.9,0.3,61.1
,79.97402,7.05482,3.2,2.9,0.3,64.1
,80.02355,7.03212,3.2,2.9,0.3,58.1
,80.02345,7.03213,3.2,2.9,0.3,58.1
,79.89198,7.10292,3.2,2.9,0.3,74.6
,79.89187,7.10281,3.2,2.9,0.3,74.6
,79.89186,7.10301,3.2,2.9,0.3,74.6
,79.98434,7.04365,3.2,2.9,0.3,62.5
,79.98112,7.04627,3.2,2.9,0.3,63.0
,79.98206,7.03704,3.2,2.9,0.3,62.5
,79.90947,7.07516,3.2,2.9,0.3,71.5
,80.01908,7.04381,3.2,2.9,0.3,59.1
,80.01927,7.04371,3.2,2.9,0.3,59.0
,79.96323,7.04687,3.2,2.9,0.3,64.8
,79.91132,7.07117,3.2,2.9,0.3,71.1
,79.91135,7.07129,3.2,2.9,0.3,71.1
,80.02326,7.045,3.2,2.9,0.3,58.7
,80.02335,7.04508,3.2,2.9,0.3,58.7
,80.02319,7.04497,3.2,2.9,0.3,58.7
,80.02198,7.04254,3.2,2.9,0.3,58.7
,80.0219,7.04262,3.2,2.9,0.3,58.7
,79.98026,7.03692,6.4,6.1,0.3,62.6
,79.97949,7.03751,3.2,2.9,0.3,62.8
,79.97631,7.03839,3.2,2.9,0.3,63.1
,79.91428,7.07295,3.2,2.9,0.3,70.9
,79.97537,7.03615,3.2,2.9,0.3,63.1
,79.97616,7.03849,3.2,2.9,0.3,63.1
,80.02133,7.04325,3.2,2.9,0.3,58.8
,79.97558,7.04315,3.2,2.9,0.3,63.4
,79.9988,7.04636,3.2,2.9,0.3,61.2
,80.0179,7.031,3.2,2.9,0.3,58.6
,79.97226,7.03698,3.2,2.9,0.3,63.5
,79.93258,7.0926,3.2,2.9,0.3,70.0
,79.93273,7.09272,3.2,2.9,0.3,70.0
,79.93352,7.09178,3.2,2.9,0.3,69.9
,79.96686,7.03846,3.2,2.9,0.3,64.1
,80.02028,7.03931,3.2,2.9,0.3,58.7
,79.92164,7.09277,3.2,2.9,0.3,71.1
,80.01483,7.03852,3.2,2.9,0.3,59.2
,79.98721,7.037,3.2,2.9,0.3,61.9
,79.98704,7.03697,3.2,2.9,0.3,62.0
,80.02289,7.03896,3.2,2.9,0.3,58.5
,80.02287,7.03884,3.2,2.9,0.3,58.5
,80.02294,7.03875,3.2,2.9,0.3,58.4
,79.9907,7.03836,3.2,2.9,0.3,61.7
,79.92181,7.09155,3.2,2.9,0.3,71.0
,79.92152,7.09056,3.2,2.9,0.3,71.0
,79.92179,7.09167,3.2,2.9,0.3,71.1
,79.92189,7.09024,3.2,2.9,0.3,71.0
,79.99147,7.0371,3.2,2.9,0.3,61.5
,79.89076,7.09196,3.2,2.9,0.3,74.2
,79.96489,7.03531,3.2,2.9,0.3,64.1
,79.96412,7.03538,6.4,6.1,0.3,64.2
,79.90247,7.07133,3.2,2.9,0.3,72.0
,79.90292,7.07307,3.2,2.9,0.3,72.1
,79.90283,7.07311,3.2,2.9,0.3,72.1
,79.90286,7.07323,3.2,2.9,0.3,72.1
,79.99967,7.03895,3.2,2.9,0.3,60.8
,79.99159,7.03723,3.2,2.9,0.3,61.5
,79.99781,7.03278,3.2,2.9,0.3,60.7
,79.96344,7.06625,6.4,6.1,0.3,65.7
Boraja wehera,79.88998,7.07822,3.2,2.9,0.3,73.6
,79.95085,7.07086,3.2,2.9,0.3,67.2
,79.8908,7.09524,3.2,2.9,0.3,74.3
,79.90239,7.07125,3.2,2.9,0.3,72.0
,79.96483,7.06762,3.2,2.9,0.3,65.6
,79.99825,7.03681,3.2,2.9,0.3,60.8
,80.03508,7.04605,3.2,2.9,0.3,57.6
,79.98586,7.06472,3.2,2.9,0.3,63.4
,80.032,7.08509,3.2,2.9,0.3,60.0
,80.03818,7.08101,3.2,2.9,0.3,59.2
Sussex college,80.02501,7.08953,3.2,2.9,0.3,60.9
,79.99983,7.06687,3.2,2.9,0.3,62.1
,79.9136,7.0764,3.2,2.9,0.3,71.2
,80.04581,7.09925,3.2,2.9,0.3,59.5
,79.91867,7.08647,3.2,2.9,0.3,71.1
,80.01138,7.07533,3.2,2.9,0.3,61.4
,80.00086,7.04835,3.2,2.9,0.3,61.1
,79.99333,7.03366,3.2,2.9,0.3,61.2
,79.99327,7.0341,3.2,2.9,0.3,61.2
,79.99346,7.03361,3.2,2.9,0.3,61.2
,80.0095,7.03259,3.2,2.9,0.3,59.5
,80.00903,7.03416,3.2,2.9,0.3,59.6
,80.01893,7.02381,3.2,2.9,0.3,58.2
,80.01991,7.02415,3.2,2.9,0.3,58.1
,80.0194,7.02447,3.2,2.9,0.3,58.1
,80.01896,7.02397,3.2,2.9,0.3,58.2
,80.01952,7.02447,3.2,2.9,0.3,58.1
,80.01939,7.0246,3.2,2.9,0.3,58.1
,80.00257,7.02621,3.2,2.9,0.3,59.9
,80.00666,7.02699,3.2,2.9,0.3,59.5
,80.00356,7.02658,3.2,2.9,0.3,59.8
,80.00656,7.02681,3.2,2.9,0.3,59.5
,80.02157,7.01739,3.2,2.9,0.3,57.6
,79.92881,7.06488,3.2,2.9,0.3,69.1
,80.02554,7.03427,3.2,2.9,0.3,58.0
,79.9361,7.06562,3.2,2.9,0.3,68.4
,80.02803,7.03463,3.2,2.9,0.3,57.7
,80.03039,7.02828,3.2,2.9,0.3,57.2
,80.03027,7.02837,3.2,2.9,0.3,57.2
,80.02827,7.02868,3.2,2.9,0.3,57.4
,80.02829,7.02856,3.2,2.9,0.3,57.4
,79.98282,7.05984,3.2,2.9,0.3,63.5
,80.03519,7.0798,3.2,2.9,0.3,59.4
,80.03503,7.07987,3.2,2.9,0.3,59.4
,79.996,7.07707,3.2,2.9,0.3,63.0
,79.95967,7.06363,3.2,2.9,0.3,65.9
,79.95153,7.06504,3.2,2.9,0.3,66.8
,79.97936,7.08233,3.2,2.9,0.3,64.9
,79.929,7.10319,3.2,2.9,0.3,70.9
,80.0035,7.06264,3.2,2.9,0.3,61.5
,80.01039,7.09697,3.2,2.9,0.3,62.7
,79.98453,7.07551,3.2,2.9,0.3,64.1
,80.01172,7.05877,3.2,2.9,0.3,60.5
,80.03664,7.10347,3.2,2.9,0.3,60.6
,80.00757,7.06398,3.2,2.9,0.3,61.2
,80.00745,7.06396,3.2,2.9,0.3,61.2
,80.00343,7.06275,3.2,2.9,0.3,61.6
,80.00533,7.07162,3.2,2.9,0.3,61.8
,80.00454,7.07146,3.2,2.9,0.3,61.9
,80.00447,7.07149,3.2,2.9,0.3,61.9
,80.00432,7.07138,3.2,2.9,0.3,61.9
,80.01418,7.05175,3.2,2.9,0.3,59.9
,79.98586,7.06118,3.2,2.9,0.3,63.2
,79.98682,7.04377,3.2,2.9,0.3,62.3
,80.00481,7.05283,3.2,2.9,0.3,60.9
,80.00073,7.04813,3.2,2.9,0.3,61.1
,80.0007,7.04801,3.2,2.9,0.3,61.1
,80.00065,7.04796,3.2,2.9,0.3,61.1
,79.97826,7.04873,3.2,2.9,0.3,63.4
,80.01286,7.05612,3.2,2.9,0.3,60.3
,80.01285,7.05621,3.2,2.9,0.3,60.3
,79.98116,7.04645,3.2,2.9,0.3,63.0
,80.01579,7.02994,3.2,2.9,0.3,58.7
,80.01592,7.02993,3.2,2.9,0.3,58.7
,80.01583,7.02988,3.2,2.9,0.3,58.7
,80.01604,7.02994,3.2,2.9,0.3,58.7
,80.00829,7.08894,3.2,2.9,0.3,62.5
,79.9488,7.07813,3.2,2.9,0.3,67.7
,80.02625,7.03873,3.2,2.9,0.3,58.1
,80.00803,7.05171,3.2,2.9,0.3,60.6
,80.04561,7.0991,3.2,2.9,0.3,59.5
,80.04145,7.08399,6.4,6.1,0.3,59.0
,80.03499,7.07645,3.2,2.9,0.3,59.2
,79.95659,7.06322,3.2,2.9,0.3,66.2
,79.95471,7.06437,3.2,2.9,0.3,66.5
,80.01605,7.05525,3.2,2.9,0.3,59.9
,80.01783,7.05241,3.2,2.9,0.3,59.6
,79.98795,7.04273,3.2,2.9,0.3,62.1
,79.93911,7.06731,3.2,2.9,0.3,68.2
,80.01376,7.03873,3.2,2.9,0.3,59.4
,80.01758,7.01538,3.2,2.9,0.3,57.9
,79.96157,7.06815,3.2,2.9,0.3,66.0
,79.94948,7.07958,3.2,2.9,0.3,67.7
,79.9403,7.06459,3.2,2.9,0.3,67.9
,79.96688,7.04862,3.2,2.9,0.3,64.5
,80.02471,7.0638,3.2,2.9,0.3,59.5
,80.01841,7.09505,3.2,2.9,0.3,61.8
,80.01703,7.09513,3.2,2.9,0.3,62.0
,79.99274,7.03207,3.2,2.9,0.3,61.2
,80.0408,7.08783,3.2,2.9,0.3,59.3
,79.96429,7.076,3.2,2.9,0.3,66.1
,79.96438,7.07591,3.2,2.9,0.3,66.1
,79.88861,7.07916,3.2,2.9,0.3,73.8
,80.01042,7.07396,3.2,2.9,0.3,61.4
,80.00009,7.09103,3.2,2.9,0.3,63.4
,79.89004,7.0826,3.2,2.9,0.3,73.8
,79.89018,7.0825,3.2,2.9,0.3,73.8
,79.9714,7.0634,3.2,2.9,0.3,64.8
,79.88601,7.10048,3.2,2.9,0.3,75.0
,79.88641,7.10034,3.2,2.9,0.3,75.0
,79.88653,7.10039,3.2,2.9,0.3,75.0
,79.88647,7.10058,3.2,2.9,0.3,75.0
,79.8904,7.09605,3.2,2.9,0.3,74.4
,79.88824,7.10756,3.2,2.9,0.3,75.2
,79.9859,7.06144,3.2,2.9,0.3,63.2
,79.90151,7.08237,3.2,2.9,0.3,72.6
,79.90138,7.08234,3.2,2.9,0.3,72.7
,79.99696,7.08609,6.4,6.1,0.3,63.4
,79.89023,7.09613,3.2,2.9,0.3,74.4
,79.9014,7.08372,3.2,2.9,0.3,72.7
,79.90152,7.08378,3.2,2.9,0.3,72.7
,79.90153,7.08368,3.2,2.9,0.3,72.7
,79.90924,7.08351,3.2,2.9,0.3,71.9
,79.90933,7.08355,3.2,2.9,0.3,71.9
,79.91325,7.08312,6.4,6.1,0.3,71.5
,79.91254,7.08269,3.2,2.9,0.3,71.5
,79.91685,7.10118,3.2,2.9,0.3,72.0
,79.89274,7.06104,3.2,2.9,0.3,72.6
,79.89288,7.06105,3.2,2.9,0.3,72.6
,79.89432,7.06155,3.2,2.9,0.3,72.4
,79.89459,7.06386,3.2,2.9,0.3,72.5
,79.89449,7.06383,3.2,2.9,0.3,72.5
,79.8902,7.08268,3.2,2.9,0.3,73.8
,79.90071,7.0838,3.2,2.9,0.3,72.8
,79.90248,7.12503,3.2,2.9,0.3,74.6
,79.99372,7.0602,3.2,2.9,0.3,62.4
,79.99355,7.06024,3.2,2.9,0.3,62.4
,79.90081,7.08365,3.2,2.9,0.3,72.8
,79.98105,7.04634,3.2,2.9,0.3,63.0
,79.98692,7.0437,3.2,2.9,0.3,62.3
,79.91593,7.12474,3.2,2.9,0.3,73.3
,79.88819,7.10758,3.2,2.9,0.3,75.2
,80.04624,7.10808,3.2,2.9,0.3,60.0
,80.0084,7.09017,3.2,2.9,0.3,62.5
,80.01165,7.08056,3.2,2.9,0.3,61.7
,79.95671,7.06318,3.2,2.9,0.3,66.2
,80.01139,7.07626,3.2,2.9,0.3,61.5
,79.98648,7.07453,3.2,2.9,0.3,63.8
,79.88868,7.12097,3.2,2.9,0.3,75.8
,79.8886,7.12112,3.2,2.9,0.3,75.8
,79.91884,7.12562,3.2,2.9,0.3,73.1
,79.91538,7.12852,3.2,2.9,0.3,73.6
,79.91869,7.1258,3.2,2.9,0.3,73.1
,79.91516,7.12849,3.2,2.9,0.3,73.6
,79.91517,7.12837,3.2,2.9,0.3,73.6
,79.91868,7.11908,3.2,2.9,0.3,72.7
,79.92228,7.14617,3.2,2.9,0.3,73.8
,79.89906,7.06487,6.4,6.1,0.3,72.1
,79.91728,7.1507,3.2,2.9,0.3,74.6
,79.92314,7.13358,3.2,2.9,0.3,73.1
,79.95408,7.07085,3.2,2.9,0.3,66.8
,80.05159,7.1104,3.2,2.9,0.3,59.6
,79.88708,7.07277,3.2,2.9,0.3,73.7
,79.9358,7.08781,3.2,2.9,0.3,69.5
,79.93654,7.08982,3.2,2.9,0.3,69.5
,79.93671,7.08976,3.2,2.9,0.3,69.5
,79.90058,7.08379,3.2,2.9,0.3,72.8
,79.90146,7.08373,3.2,2.9,0.3,72.7
,79.90066,7.08355,3.2,2.9,0.3,72.8
,79.88591,7.10044,3.2,2.9,0.3,75.0
,79.92303,7.13368,3.2,2.9,0.3,73.1
,80.37118,6.69603,3.2,2.9,0.3,18.9
,80.27131,7.81663,3.2,2.9,0.3,114.2
,80.27143,7.81679,3.2,2.9,0.3,114.2
,80.27138,7.81695,3.2,2.9,0.3,114.2
,80.27154,7.81756,3.2,2.9,0.3,114.3
,80.27171,7.81754,3.2,2.9,0.3,114.3
,80.27452,7.81858,3.2,2.9,0.3,114.3
,80.07885,6.69826,3.2,2.9,0.3,48.1
,80.09965,6.62255,3.2,2.9,0.3,48.8
,80.09967,6.62247,3.2,2.9,0.3,48.8
,80.07467,6.64495,3.2,2.9,0.3,50.4
,80.08819,6.66673,3.2,2.9,0.3,48.1
,80.10102,6.71693,3.2,2.9,0.3,45.2
,80.07526,6.654,3.2,2.9,0.3,49.9
,80.07756,6.65091,3.2,2.9,0.3,49.8
,80.07435,6.6971,3.2,2.9,0.3,48.6
,80.07557,6.6861,3.2,2.9,0.3,48.8
,80.07588,6.6842,3.2,2.9,0.3,48.8
,80.21108,6.36222,3.2,2.9,0.3,58.8
,80.36352,6.65807,3.2,2.9,0.3,22.5
,80.21785,6.35278,3.2,2.9,0.3,59.3
,80.23356,6.31969,3.2,2.9,0.3,61.6
,80.37343,6.65496,3.2,2.9,0.3,22.0
,80.37043,6.64396,3.2,2.9,0.3,23.2
,80.36158,6.63355,3.2,2.9,0.3,24.7
,80.37135,6.64268,3.2,2.9,0.3,23.3
,80.35115,6.67479,3.2,2.9,0.3,22.1
,80.35269,6.68636,3.2,2.9,0.3,21.2
,80.35253,6.68817,3.2,2.9,0.3,21.1
,80.08451,6.65546,3.2,2.9,0.3,48.9
,80.07018,6.68167,3.2,2.9,0.3,49.5
,80.10148,6.64236,3.2,2.9,0.3,47.7
,80.0627,6.6549,3.2,2.9,0.3,51.2
,80.06328,6.65433,3.2,2.9,0.3,51.2
,80.10429,6.70646,3.2,2.9,0.3,45.1
,80.09879,6.6317,3.2,2.9,0.3,48.5
,80.07535,6.6985,3.2,2.9,0.3,48.5
,80.28118,6.70729,3.2,2.9,0.3,26.6
,80.28122,6.70747,3.2,2.9,0.3,26.6
,80.28122,6.7074,3.2,2.9,0.3,26.6
,80.39896,6.61691,3.2,2.9,0.3,24.0
,80.35665,6.69212,3.2,2.9,0.3,20.4
,80.3662,6.691,3.2,2.9,0.3,19.7
,80.39666,6.64746,3.2,2.9,0.3,21.2
,80.11644,6.61892,3.2,2.9,0.3,47.3
,80.11647,6.61906,3.2,2.9,0.3,47.3
,80.11631,6.61911,3.2,2.9,0.3,47.3
,80.35254,6.68629,3.2,2.9,0.3,21.2
,80.34348,6.67793,3.2,2.9,0.3,22.6
,80.34349,6.67777,3.2,2.9,0.3,22.6
,80.33902,6.68727,3.2,2.9,0.3,22.3
,80.06255,6.65474,3.2,2.9,0.3,51.2
,80.07516,6.64481,3.2,2.9,0.3,50.3
,80.2813,6.70752,3.2,2.9,0.3,26.6
,80.28131,6.70748,3.2,2.9,0.3,26.6
,80.28132,6.70744,3.2,2.9,0.3,26.6
,80.28133,6.70739,3.2,2.9,0.3,26.6
,80.28138,6.70752,3.2,2.9,0.3,26.6
,80.28139,6.70748,3.2,2.9,0.3,26.6
,80.28118,6.70734,3.2,2.9,0.3,26.6
,80.21803,6.35465,3.2,2.9,0.3,59.1
,80.36167,6.6333,3.2,2.9,0.3,24.7
,80.39889,6.61685,3.2,2.9,0.3,24.0
,80.21148,6.36221,3.2,2.9,0.3,58.8
,80.08739,6.69421,3.2,2.9,0.3,47.3
,80.11391,6.61653,3.2,2.9,0.3,47.7
,80.11396,6.61662,3.2,2.9,0.3,47.7
BOC Bank,80.47901,8.0362,6.4,6.1,0.3,135.7
Commercial Building,80.47796,8.03379,6.4,6.1,0.3,135.4
,80.27469,7.81406,3.2,2.9,0.3,113.8
,80.03678,6.83385,3.2,2.9,0.3,51.2
,79.95958,7.05645,3.2,3.0,0.2,65.6
,79.95166,7.05892,3.2,3.0,0.2,66.5
,79.95285,7.0592,3.2,3.0,0.2,66.4
,79.95288,7.05901,3.2,3.0,0.2,66.4
,79.99645,7.09001,3.2,3.0,0.2,63.7
,80.00813,7.02166,3.2,3.0,0.2,59.1
,80.00637,7.01995,3.2,3.0,0.2,59.3
,80.0149,7.01452,3.2,3.0,0.2,58.2
,79.95592,7.07318,3.2,3.0,0.2,66.8
,79.95574,7.07321,3.2,3.0,0.2,66.8
,79.95163,7.06527,3.2,3.0,0.2,66.8
,79.95143,7.06531,3.2,3.0,0.2,66.8
,79.9476,7.06106,3.2,3.0,0.2,67.0
,79.95609,7.06148,3.2,3.0,0.2,66.2
,79.95616,7.06143,3.2,3.0,0.2,66.2
,79.95315,7.0609,3.2,3.0,0.2,66.5
,79.95771,7.06175,3.2,3.0,0.2,66.0
,79.95788,7.06182,3.2,3.0,0.2,66.0
,79.95779,7.06201,3.2,3.0,0.2,66.1
,79.9574,7.06729,3.2,3.0,0.2,66.3
,79.95749,7.06723,3.2,3.0,0.2,66.3
,79.95756,7.06732,3.2,3.0,0.2,66.3
,79.95825,7.06772,3.2,3.0,0.2,66.3
,79.95956,7.07275,3.2,3.0,0.2,66.4
,79.95965,7.07295,3.2,3.0,0.2,66.4
,79.96651,7.06412,3.2,3.0,0.2,65.3
,79.96638,7.06394,3.2,3.0,0.2,65.3
,79.97142,7.04666,3.2,3.0,0.2,64.0
,79.97486,7.05021,3.2,3.0,0.2,63.8
,79.96436,7.06261,3.2,3.0,0.2,65.4
,79.96519,7.06195,3.2,3.0,0.2,65.3
,79.96509,7.06172,3.2,3.0,0.2,65.3
,79.96419,7.06262,3.2,3.0,0.2,65.4
,79.97371,7.07398,3.2,3.0,0.2,65.0
,79.97772,7.07642,3.2,3.0,0.2,64.8
,79.97686,7.09728,3.2,3.0,0.2,65.9
,79.98557,7.07908,3.2,3.0,0.2,64.1
,79.96808,7.04764,3.2,3.0,0.2,64.4
,79.96926,7.08059,3.2,3.0,0.2,65.8
,79.96476,7.08006,3.2,3.0,0.2,66.2
,79.99456,7.0827,3.2,3.0,0.2,63.4
,79.96391,7.06675,3.2,3.0,0.2,65.7
,79.96386,7.06661,3.2,3.0,0.2,65.7
,79.95966,7.06339,3.2,3.0,0.2,65.9
,79.96646,7.07347,6.4,6.2,0.2,65.7
,79.97252,7.06945,3.2,3.0,0.2,64.9
,79.97243,7.06953,3.2,3.0,0.2,65.0
,79.97636,7.06845,3.2,3.0,0.2,64.5
,79.97676,7.07299,3.2,3.0,0.2,64.7
,79.98519,7.07302,3.2,3.0,0.2,63.9
,79.96606,7.09357,3.2,3.0,0.2,66.8
,80.00531,7.09495,3.2,3.0,0.2,63.1
,79.94412,7.09398,3.2,3.0,0.2,69.0
,79.94409,7.09407,3.2,3.0,0.2,69.0
,79.94412,7.09416,3.2,3.0,0.2,69.0
,79.9506,7.07564,3.2,3.0,0.2,67.4
,79.95075,7.07564,3.2,3.0,0.2,67.4
,79.95153,7.07696,3.2,3.0,0.2,67.4
,79.95176,7.07709,3.2,3.0,0.2,67.4
,80.00757,7.09859,3.2,3.0,0.2,63.1
,80.00757,7.09837,3.2,3.0,0.2,63.0
,79.9474,7.08461,3.2,3.0,0.2,68.2
,79.95088,7.08108,3.2,3.0,0.2,67.7
,79.95104,7.08111,3.2,3.0,0.2,67.6
,79.95175,7.0824,3.2,3.0,0.2,67.6
,79.94892,7.07967,3.2,3.0,0.2,67.8
,79.95553,7.0822,3.2,3.0,0.2,67.2
,80.03617,7.08349,3.2,3.0,0.2,59.5
,79.96039,7.07398,3.2,3.0,0.2,66.4
,79.96043,7.07414,3.2,3.0,0.2,66.4
,80.01153,7.05796,3.2,3.0,0.2,60.5
,79.95786,7.07603,3.2,3.0,0.2,66.7
,79.93512,7.10575,3.2,3.0,0.2,70.4
,79.93505,7.10553,3.2,3.0,0.2,70.4
,79.93514,7.10584,3.2,3.0,0.2,70.4
,79.95476,7.08014,3.2,3.0,0.2,67.2
,79.95465,7.08037,3.2,3.0,0.2,67.2
,79.9365,7.07448,3.2,3.0,0.2,68.8
,80.01325,7.0914,3.2,3.0,0.2,62.1
,79.95384,7.07559,3.2,3.0,0.2,67.1
,79.95402,7.07568,3.2,3.0,0.2,67.1
,80.00827,7.09179,6.4,6.2,0.2,62.6
,80.00813,7.09182,6.4,6.2,0.2,62.6
,79.96135,7.07816,3.2,3.0,0.2,66.5
,79.93179,7.07426,3.2,3.0,0.2,69.2
,79.95029,7.07008,3.2,3.0,0.2,67.2
,79.9505,7.07008,3.2,3.0,0.2,67.2
,79.98794,7.04791,3.2,3.0,0.2,62.4
,79.9421,7.07765,6.4,6.2,0.2,68.4
,79.99184,7.09396,3.2,3.0,0.2,64.3
,80.0389,7.09635,3.2,3.0,0.2,60.0
,80.02591,7.09556,3.2,3.0,0.2,61.1
,80.02579,7.09545,3.2,3.0,0.2,61.2
,79.94132,7.10637,3.2,3.0,0.2,69.9
,79.93777,7.107,3.2,3.0,0.2,70.2
,79.93776,7.10719,3.2,3.0,0.2,70.3
,79.93795,7.10702,3.2,3.0,0.2,70.2
,80.04049,7.09331,3.2,3.0,0.2,59.6
,80.0052,7.05622,3.2,3.0,0.2,61.1
,80.00272,7.07155,3.2,3.0,0.2,62.1
,80.00399,7.07175,3.2,3.0,0.2,62.0
,79.93863,7.10244,3.2,3.0,0.2,69.9
,79.9388,7.10236,3.2,3.0,0.2,69.9
,80.00316,7.06728,3.2,3.0,0.2,61.8
,80.0074,7.06646,3.2,3.0,0.2,61.4
,80.00765,7.06649,3.2,3.0,0.2,61.3
,80.00305,7.06745,3.2,3.0,0.2,61.8
,80.01734,7.05608,3.2,3.0,0.2,59.9
,80.00714,7.0678,3.2,3.0,0.2,61.4
,80.00717,7.06788,3.2,3.0,0.2,61.4
,80.01194,7.08837,3.2,3.0,0.2,62.1
,80.01006,7.08925,3.2,3.0,0.2,62.3
,80.01708,7.06021,9.6,9.4,0.2,60.1
,79.9414,7.10616,3.2,3.0,0.2,69.9
,79.99571,7.07788,3.2,3.0,0.2,63.1
,79.99537,7.0764,3.2,3.0,0.2,63.0
,79.99576,7.07779,3.2,3.0,0.2,63.1
,79.9958,7.07795,3.2,3.0,0.2,63.1
,79.99407,7.07818,3.2,3.0,0.2,63.3
,79.98641,7.08799,3.2,3.0,0.2,64.5
,79.92821,7.06912,3.2,3.0,0.2,69.3
,79.99524,7.0737,3.2,3.0,0.2,62.9
,79.99518,7.07374,3.2,3.0,0.2,62.9
,79.98988,7.07465,3.2,3.0,0.2,63.5
,79.99894,7.06441,3.2,3.0,0.2,62.1
,79.99785,7.08666,3.2,3.0,0.2,63.3
,79.97786,7.06753,3.2,3.0,0.2,64.3
,79.979,7.06451,3.2,3.0,0.2,64.1
,79.9852,7.08941,3.2,3.0,0.2,64.7
,80.001,7.09191,3.2,3.0,0.2,63.3
,80.00094,7.09201,3.2,3.0,0.2,63.3
,79.98846,7.09125,3.2,3.0,0.2,64.5
,79.98833,7.09126,3.2,3.0,0.2,64.5
,79.98835,7.09112,3.2,3.0,0.2,64.5
,80.02341,7.09218,3.2,3.0,0.2,61.2
,79.99036,7.07095,3.2,3.0,0.2,63.3
,80.01677,7.09442,3.2,3.0,0.2,62.0
,80.03877,7.10768,3.2,3.0,0.2,60.7
,80.03939,7.10474,3.2,3.0,0.2,60.4
,80.01694,7.09434,3.2,3.0,0.2,61.9
,79.98736,7.0616,3.2,3.0,0.2,63.1
,80.04978,7.11193,3.2,3.0,0.2,59.9
,80.01418,7.09281,3.2,3.0,0.2,62.1
,80.04254,7.10731,6.4,6.2,0.2,60.3
,80.04686,7.1085,3.2,3.0,0.2,60.0
,80.04529,7.10695,3.2,3.0,0.2,60.0
,80.02043,7.09582,3.2,3.0,0.2,61.7
,79.88303,7.06979,3.2,3.0,0.2,74.0
,79.90686,7.16169,3.2,3.0,0.2,76.2
,79.99724,7.06099,3.2,3.0,0.2,62.1
,79.99908,7.06021,3.2,3.0,0.2,61.9
,79.99871,7.06082,3.2,3.0,0.2,61.9
,79.99699,7.05847,3.2,3.0,0.2,62.0
,80.01133,7.04559,3.2,3.0,0.2,59.9
,79.99062,7.05942,3.2,3.0,0.2,62.7
,79.98936,7.05822,3.2,3.0,0.2,62.7
,80.02738,7.09052,3.2,3.0,0.2,60.7
,80.02744,7.09048,3.2,3.0,0.2,60.7
,79.98024,7.05322,3.2,3.0,0.2,63.4
,79.97629,7.0543,3.2,3.0,0.2,63.8
,79.91552,7.07857,3.2,3.0,0.2,71.1
,79.91566,7.07841,3.2,3.0,0.2,71.0
,80.02833,7.09359,3.2,3.0,0.2,60.8
,80.03604,7.08548,3.2,3.0,0.2,59.6
,80.03505,7.08967,3.2,3.0,0.2,59.9
,80.03498,7.08947,3.2,3.0,0.2,59.9
,79.98718,7.05317,3.2,3.0,0.2,62.7
,79.92728,7.08189,3.2,3.0,0.2,70.0
,79.98729,7.05396,3.2,3.0,0.2,62.7
Ws/GM/Susitha Suwa Setha School,80.02581,7.09375,3.2,3.0,0.2,61.1
,79.99235,7.0511,3.2,3.0,0.2,62.1
,79.99226,7.05101,3.2,3.0,0.2,62.1
D and D Factory,79.93099,7.08319,3.2,3.0,0.2,69.7
,79.93104,7.08308,3.2,3.0,0.2,69.7
,79.92733,7.08172,3.2,3.0,0.2,70.0
,79.92821,7.08147,3.2,3.0,0.2,69.9
,79.92824,7.08159,3.2,3.0,0.2,69.9
,79.91461,7.15011,3.2,3.0,0.2,74.8
,80.02622,7.08915,6.4,6.2,0.2,60.8
,80.02196,7.0856,6.4,6.2,0.2,61.0
,80.02242,7.08481,3.2,3.0,0.2,60.9
,80.02439,7.08517,3.2,3.0,0.2,60.7
,79.91788,7.15117,3.2,3.0,0.2,74.5
,80.02501,7.05999,3.2,3.0,0.2,59.3
,80.02786,7.08043,3.2,3.0,0.2,60.1
,80.02137,7.07829,3.2,3.0,0.2,60.6
,80.02846,7.07931,3.2,3.0,0.2,60.0
,80.02778,7.08034,3.2,3.0,0.2,60.1
,80.02785,7.08024,3.2,3.0,0.2,60.1
,79.88842,7.10833,3.2,3.0,0.2,75.2
,80.05169,7.08917,3.2,3.0,0.2,58.4
,80.01443,7.08338,6.4,6.2,0.2,61.6
,79.93227,7.08849,3.2,3.0,0.2,69.9
,80.03162,7.07773,3.2,3.0,0.2,59.6
,79.92409,7.08993,6.4,6.2,0.2,70.7
,79.91731,7.08761,3.2,3.0,0.2,71.3
,80.01485,7.06316,3.2,3.0,0.2,60.5
,80.0147,7.06333,3.2,3.0,0.2,60.5
,80.0481,7.09171,3.2,3.0,0.2,58.8
,80.04821,7.09191,3.2,3.0,0.2,58.8
,80.04963,7.09358,3.2,3.0,0.2,58.8
,80.04943,7.09468,3.2,3.0,0.2,58.9
,80.04935,7.09488,3.2,3.0,0.2,58.9
,79.88976,7.14637,3.2,3.0,0.2,77.0
,80.01946,7.07987,3.2,3.0,0.2,60.9
,80.02029,7.08071,3.2,3.0,0.2,60.9
,80.02327,7.02936,3.2,3.0,0.2,58.0
,80.02401,7.02783,3.2,3.0,0.2,57.8
,80.02347,7.0267,3.2,3.0,0.2,57.8
,79.97302,7.05381,3.2,3.0,0.2,64.1
,79.98564,7.04657,3.2,3.0,0.2,62.5
,79.98588,7.0387,3.2,3.0,0.2,62.2
,79.9095,7.07192,3.2,3.0,0.2,71.4
,79.96298,7.04847,6.4,6.2,0.2,64.9
,79.91255,7.07225,3.2,3.0,0.2,71.1
,79.91243,7.0723,3.2,3.0,0.2,71.1
,79.91254,7.07238,3.2,3.0,0.2,71.1
,79.97965,7.03614,6.4,6.2,0.2,62.7
,79.97766,7.04449,6.4,6.2,0.2,63.2
,79.97511,7.04444,3.2,3.0,0.2,63.5
,79.97748,7.04386,3.2,3.0,0.2,63.2
,79.97763,7.04394,3.2,3.0,0.2,63.2
,79.97164,7.04144,3.2,3.0,0.2,63.7
,79.97087,7.04209,3.2,3.0,0.2,63.8
,80.01105,7.04379,3.2,3.0,0.2,59.9
,79.93461,7.09008,3.2,3.0,0.2,69.7
,79.96575,7.04193,3.2,3.0,0.2,64.3
,79.96873,7.04287,6.4,6.2,0.2,64.1
,80.02056,7.03674,3.2,3.0,0.2,58.6
,79.93317,7.09348,3.2,3.0,0.2,70.0
,79.96674,7.03809,3.2,3.0,0.2,64.1
,79.96679,7.03827,3.2,3.0,0.2,64.1
,80.01986,7.03857,3.2,3.0,0.2,58.7
,80.01999,7.03852,3.2,3.0,0.2,58.7
,79.92218,7.09375,3.2,3.0,0.2,71.1
,79.91715,7.09046,3.2,3.0,0.2,71.5
,79.97574,7.03471,3.2,3.0,0.2,63.0
,79.97738,7.03452,3.2,3.0,0.2,62.8
,79.97562,7.03467,3.2,3.0,0.2,63.0
,79.89112,7.09471,3.2,3.0,0.2,74.3
,79.9682,7.03491,3.2,3.0,0.2,63.8
,79.89417,7.0697,3.2,3.0,0.2,72.8
,80.00228,7.02598,3.2,3.0,0.2,59.9
,80.00238,7.02615,3.2,3.0,0.2,59.9
,80.0001,7.03263,3.2,3.0,0.2,60.5
,80.00175,7.03092,3.2,3.0,0.2,60.2
,80.00415,7.03633,3.2,3.0,0.2,60.2
,80.00045,7.03307,3.2,3.0,0.2,60.4
,79.99722,7.03313,3.2,3.0,0.2,60.8
,79.92565,7.06745,6.4,6.2,0.2,69.5
,79.92651,7.06647,3.2,3.0,0.2,69.4
,79.94142,7.10625,3.2,3.0,0.2,69.9
,79.95816,7.0679,3.2,3.0,0.2,66.3
,79.95767,7.062,3.2,3.0,0.2,66.1
,79.89229,7.07344,3.2,3.0,0.2,73.2
,79.95078,7.07121,6.4,6.2,0.2,67.2
,79.98722,7.06166,3.2,3.0,0.2,63.1
,79.89564,7.07015,3.2,3.0,0.2,72.7
,79.90273,7.07161,6.4,6.2,0.2,72.0
,80.03413,7.04365,3.2,3.0,0.2,57.6
,79.90939,7.0721,3.2,3.0,0.2,71.4
,79.9095,7.07202,3.2,3.0,0.2,71.4
,79.91446,7.09483,3.2,3.0,0.2,71.9
,80.03527,7.03905,3.2,3.0,0.2,57.2
,79.98067,7.05092,3.2,3.0,0.2,63.2
,79.92728,7.06099,3.2,3.0,0.2,69.1
,79.94109,7.07274,3.2,3.0,0.2,68.2
,79.94423,7.06727,3.2,3.0,0.2,67.7
,80.01865,7.02397,3.2,3.0,0.2,58.2
,80.00705,7.03063,3.2,3.0,0.2,59.7
,80.00691,7.03072,3.2,3.0,0.2,59.7
,80.00965,7.02654,3.2,3.0,0.2,59.2
,80.00965,7.02668,3.2,3.0,0.2,59.2
,79.938,7.06632,3.2,3.0,0.2,68.2
,79.94126,7.06695,3.2,3.0,0.2,67.9
,80.02115,7.02104,3.2,3.0,0.2,57.8
,80.01003,7.0282,3.2,3.0,0.2,59.2
,79.92633,7.06335,3.2,3.0,0.2,69.3
,79.92617,7.06329,3.2,3.0,0.2,69.3
,79.92637,7.06349,3.2,3.0,0.2,69.3
,80.02025,7.01729,3.2,3.0,0.2,57.7
,80.02929,7.03049,3.2,3.0,0.2,57.4
,80.02909,7.03146,3.2,3.0,0.2,57.5
,80.02921,7.03166,3.2,3.0,0.2,57.5
,80.02523,7.03138,3.2,3.0,0.2,57.9
,80.0249,7.02308,3.2,3.0,0.2,57.5
,80.00537,7.02865,3.2,3.0,0.2,59.7
,80.00539,7.02846,3.2,3.0,0.2,59.7
,80.02431,7.0223,3.2,3.0,0.2,57.5
,79.92256,7.08368,6.4,6.2,0.2,70.6
,79.93508,7.10538,3.2,3.0,0.2,70.4
,80.03444,7.08391,3.2,3.0,0.2,59.7
,80.0259,7.09548,3.2,3.0,0.2,61.1
,79.94219,7.0973,3.2,3.0,0.2,69.3
,79.94208,7.09657,3.2,3.0,0.2,69.3
,79.99914,7.06435,3.2,3.0,0.2,62.1
,79.95235,7.0589,3.2,3.0,0.2,66.5
,79.96674,7.09243,3.2,3.0,0.2,66.7
,80.0143,7.09686,3.2,3.0,0.2,62.3
,80.03582,7.08549,3.2,3.0,0.2,59.6
,80.00753,7.06655,3.2,3.0,0.2,61.3
,80.00319,7.06768,3.2,3.0,0.2,61.8
,79.94246,7.07917,3.2,3.0,0.2,68.4
,79.98058,7.05111,3.2,3.0,0.2,63.3
,80.00799,7.02166,3.2,3.0,0.2,59.2
,80.01863,7.04741,3.2,3.0,0.2,59.3
,80.03464,7.04451,3.2,3.0,0.2,57.6
,79.96116,7.07802,3.2,3.0,0.2,66.5
,79.96553,7.04214,3.2,3.0,0.2,64.4
,79.96983,7.04524,3.2,3.0,0.2,64.1
,80.01752,7.0533,3.2,3.0,0.2,59.7
,80.01742,7.05335,3.2,3.0,0.2,59.7
,79.97149,7.02987,6.4,6.2,0.2,63.2
,79.93195,7.06627,3.2,3.0,0.2,68.8
,79.9404,7.0661,3.2,3.0,0.2,68.0
,79.94116,7.06689,3.2,3.0,0.2,67.9
,79.92832,7.06824,3.2,3.0,0.2,69.3
,80.00288,7.0187,3.2,3.0,0.2,59.6
Rathna,79.9413,7.10625,3.2,3.0,0.2,69.9
,80.01794,7.09397,3.2,3.0,0.2,61.8
,80.01426,7.10095,3.2,3.0,0.2,62.6
,80.01415,7.09776,3.2,3.0,0.2,62.4
,79.92818,7.06859,3.2,3.0,0.2,69.3
,79.90889,7.08389,3.2,3.0,0.2,72.0
,79.90861,7.08301,6.4,6.2,0.2,72.0
,79.99026,7.07093,3.2,3.0,0.2,63.3
,79.98829,7.09116,3.2,3.0,0.2,64.5
,80.04916,7.09543,3.2,3.0,0.2,59.0
,79.9809,7.0836,3.2,3.0,0.2,64.8
,79.9808,7.08355,3.2,3.0,0.2,64.8
,79.93343,7.07231,3.2,3.0,0.2,69.0
,79.93344,7.07235,3.2,3.0,0.2,69.0
,80.01762,7.05322,3.2,3.0,0.2,59.7
,79.97825,7.07282,3.2,3.0,0.2,64.5
,79.97662,7.07308,3.2,3.0,0.2,64.7
,79.98614,7.08225,3.2,3.0,0.2,64.2
,79.8826,7.10556,3.2,3.0,0.2,75.6
,79.88275,7.10555,3.2,3.0,0.2,75.6
,79.88278,7.10572,3.2,3.0,0.2,75.6
,79.98701,7.05331,3.2,3.0,0.2,62.7
,79.98713,7.05326,3.2,3.0,0.2,62.7
,79.89014,7.10452,3.2,3.0,0.2,74.8
,79.88941,7.10446,3.2,3.0,0.2,74.9
,79.89161,7.09551,3.2,3.0,0.2,74.2
,79.8913,7.09563,3.2,3.0,0.2,74.3
,79.89169,7.09568,3.2,3.0,0.2,74.2
,79.89134,7.09549,3.2,3.0,0.2,74.3
,79.99307,7.04488,3.2,3.0,0.2,61.7
,79.99313,7.0449,3.2,3.0,0.2,61.7
,80.03509,7.03905,3.2,3.0,0.2,57.3
,79.99784,7.08658,3.2,3.0,0.2,63.3
,79.90282,7.12472,3.2,3.0,0.2,74.6
,79.88727,7.08052,3.2,3.0,0.2,74.0
,79.88748,7.08032,3.2,3.0,0.2,74.0
,79.88749,7.08044,3.2,3.0,0.2,74.0
,79.88798,7.08113,3.2,3.0,0.2,73.9
,79.89487,7.07802,3.2,3.0,0.2,73.1
,79.91227,7.07231,3.2,3.0,0.2,71.1
,79.9123,7.07221,3.2,3.0,0.2,71.1
,79.90769,7.08077,3.2,3.0,0.2,71.9
,79.91176,7.09565,3.2,3.0,0.2,72.2
,79.91192,7.0956,3.2,3.0,0.2,72.2
,79.91184,7.09559,3.2,3.0,0.2,72.2
,79.91458,7.09485,3.2,3.0,0.2,71.9
,79.88792,7.08108,3.2,3.0,0.2,74.0
,79.89756,7.08696,3.2,3.0,0.2,73.2
,79.99582,7.05872,3.2,3.0,0.2,62.1
,79.88731,7.08041,3.2,3.0,0.2,74.0
,79.9989,7.06027,3.2,3.0,0.2,61.9
,79.89742,7.0868,3.2,3.0,0.2,73.3
,79.89536,7.08349,3.2,3.0,0.2,73.3
,79.89376,7.0836,3.2,3.0,0.2,73.5
,79.89363,7.08376,3.2,3.0,0.2,73.5
,79.89512,7.08352,3.2,3.0,0.2,73.3
,79.89518,7.08344,3.2,3.0,0.2,73.3
,79.89336,7.08338,3.2,3.0,0.2,73.5
Ace Auto Parts,79.91653,7.11859,3.2,3.0,0.2,72.9
,79.91671,7.11866,3.2,3.0,0.2,72.9
,79.93616,7.09069,3.2,3.0,0.2,69.6
,79.92202,7.09367,3.2,3.0,0.2,71.1
,79.9173,7.0875,3.2,3.0,0.2,71.3
,79.99473,7.08273,3.2,3.0,0.2,63.4
,80.04869,7.10413,3.2,3.0,0.2,59.5
,80.04871,7.10405,3.2,3.0,0.2,59.5
,80.00824,7.07858,3.2,3.0,0.2,61.9
,79.87747,7.12055,3.2,3.0,0.2,76.9
,79.87759,7.12048,3.2,3.0,0.2,76.8
,79.87757,7.12056,3.2,3.0,0.2,76.8
,79.87749,7.12047,3.2,3.0,0.2,76.9
,79.99353,7.07927,3.2,3.0,0.2,63.4
,79.88018,7.11846,3.2,3.0,0.2,76.5
,79.88026,7.11841,3.2,3.0,0.2,76.5
,79.88027,7.11822,3.2,3.0,0.2,76.5
a,79.88041,7.11829,3.2,3.0,0.2,76.5
,79.88053,7.11822,3.2,3.0,0.2,76.4
,80.01841,7.02441,3.2,3.0,0.2,58.2
,79.88735,7.12858,3.2,3.0,0.2,76.3
,79.88738,7.12875,3.2,3.0,0.2,76.3
,79.89145,7.12649,3.2,3.0,0.2,75.8
,79.89752,7.12313,3.2,3.0,0.2,75.0
,80.00723,7.06775,3.2,3.0,0.2,61.4
,79.92789,7.14428,3.2,3.0,0.2,73.2
,80.04965,7.11181,3.2,3.0,0.2,59.9
,79.89342,7.08336,3.2,3.0,0.2,73.5
,79.89515,7.08335,3.2,3.0,0.2,73.3
,79.88729,7.12857,3.2,3.0,0.2,76.3
,79.88738,7.12868,3.2,3.0,0.2,76.3
,79.88732,7.12878,3.2,3.0,0.2,76.3
,79.89148,7.1264,3.2,3.0,0.2,75.8
,79.93115,7.08329,3.2,3.0,0.2,69.7
,79.92808,7.08159,3.2,3.0,0.2,69.9
,79.92274,7.07474,3.2,3.0,0.2,70.2
,79.92263,7.07476,3.2,3.0,0.2,70.2
,79.88716,7.10005,3.2,3.0,0.2,74.9
,79.89415,7.06978,3.2,3.0,0.2,72.8
,79.94815,7.16966,3.2,3.0,0.2,72.8
,79.9231,7.13337,3.2,3.0,0.2,73.1
,79.92322,7.13341,3.2,3.0,0.2,73.1
,80.59456,7.2794,9.6,9.4,0.2,53.0
,80.21532,6.02987,3.2,3.0,0.2,91.8
,80.33945,6.68812,3.2,3.0,0.2,22.2
Administration Building,80.59679,7.25425,9.6,9.4,0.2,50.3
,79.98502,6.73734,6.4,6.2,0.2,57.4
,80.11625,6.61734,3.2,3.0,0.2,47.4
,80.11323,6.63462,3.2,3.0,0.2,46.9
,80.10904,6.64655,3.2,3.0,0.2,46.8
,80.10874,6.64577,3.2,3.0,0.2,46.8
,80.10899,6.64674,3.2,3.0,0.2,46.8
,80.10154,6.6269,3.2,3.0,0.2,48.4
,80.10156,6.62881,3.2,3.0,0.2,48.3
,80.07542,6.64373,3.2,3.0,0.2,50.3
,80.07461,6.64654,3.2,3.0,0.2,50.3
,80.08476,6.66979,3.2,3.0,0.2,48.4
,80.08774,6.66651,3.2,3.0,0.2,48.2
,80.09688,6.71686,3.2,3.0,0.2,45.7
,80.08141,6.68064,3.2,3.0,0.2,48.4
,80.08162,6.68508,3.2,3.0,0.2,48.2
,80.07687,6.65124,3.2,3.0,0.2,49.9
,80.22005,6.37826,3.2,3.0,0.2,56.8
,80.22001,6.37837,3.2,3.0,0.2,56.8
,80.25771,6.35678,3.2,3.0,0.2,56.7
,80.08145,6.64865,3.2,3.0,0.2,49.5
,80.2812,6.70766,3.2,3.0,0.2,26.6
,80.36167,6.64849,3.2,3.0,0.2,23.4
,80.33713,6.70285,3.2,3.0,0.2,21.5
,80.33729,6.70274,3.2,3.0,0.2,21.5
,80.33712,6.70246,3.2,3.0,0.2,21.5
,79.92802,6.89071,3.2,3.0,0.2,63.8
,80.08508,6.66553,3.2,3.0,0.2,48.5
,80.06871,6.68225,3.2,3.0,0.2,49.7
,80.07531,6.64358,3.2,3.0,0.2,50.3
,80.11047,6.63135,3.2,3.0,0.2,47.3
,80.10885,6.64592,3.2,3.0,0.2,46.8
,80.09654,6.63082,3.2,3.0,0.2,48.7
,80.07509,6.69851,3.2,3.0,0.2,48.5
,80.28119,6.70755,3.2,3.0,0.2,26.6
,80.23217,6.70658,3.2,3.0,0.2,31.7
,80.26519,6.23281,3.2,3.0,0.2,68.8
,80.26024,6.72622,3.2,3.0,0.2,28.0
,80.26363,6.22132,3.2,3.0,0.2,70.1
,80.39488,6.6156,3.2,3.0,0.2,24.4
,80.28102,6.71473,3.2,3.0,0.2,26.3
,80.38645,6.66511,3.2,3.0,0.2,20.3
,80.35702,6.66842,3.2,3.0,0.2,22.2
,80.38667,6.66518,3.2,3.0,0.2,20.2
,80.39034,6.63954,3.2,3.0,0.2,22.3
,80.07526,6.64368,3.2,3.0,0.2,50.3
,80.09543,6.70132,3.2,3.0,0.2,46.2
,80.28125,6.7077,3.2,3.0,0.2,26.6
,80.28126,6.70766,3.2,3.0,0.2,26.6
,80.28127,6.70761,3.2,3.0,0.2,26.6
,80.28129,6.70757,3.2,3.0,0.2,26.6
,80.28133,6.70773,3.2,3.0,0.2,26.6
,80.28134,6.7077,3.2,3.0,0.2,26.6
,80.28135,6.70766,3.2,3.0,0.2,26.6
,80.28135,6.70763,3.2,3.0,0.2,26.6
,80.28136,6.70759,3.2,3.0,0.2,26.6
,80.28137,6.70755,3.2,3.0,0.2,26.6
,80.36319,6.65292,3.2,3.0,0.2,22.9
,80.22512,6.72827,3.2,3.0,0.2,31.6
Cyber Tec,80.47938,8.03348,3.2,3.0,0.2,135.4
,80.07087,6.8431,4.0,3.8,0.2,47.5
,80.27298,7.81549,3.2,3.0,0.2,114.0
,79.96049,7.05737,6.4,6.3,0.1,65.6
,79.9626,7.06304,3.2,3.1,0.1,65.6
,79.96255,7.06316,3.2,3.1,0.1,65.6
,80.01297,7.01583,3.2,3.1,0.1,58.4
,80.01301,7.01827,3.2,3.1,0.1,58.5
,79.97992,7.05902,3.2,3.1,0.1,63.7
,79.95352,7.07049,3.2,3.1,0.1,66.9
,79.9582,7.0715,3.2,3.1,0.1,66.5
,79.95144,7.06211,3.2,3.1,0.1,66.7
,79.95155,7.06212,3.2,3.1,0.1,66.7
,80.05501,7.11454,3.2,3.1,0.1,59.6
,79.9535,7.06496,3.2,3.1,0.1,66.6
,79.95526,7.06294,3.2,3.1,0.1,66.3
,79.96091,7.07352,3.2,3.1,0.1,66.3
Suhada Maranadara Samithi Shalawa,79.97052,7.06355,3.2,3.1,0.1,64.9
,79.96758,7.064,3.2,3.1,0.1,65.2
,79.96744,7.06391,3.2,3.1,0.1,65.2
,79.98038,7.06159,3.2,3.1,0.1,63.8
,79.97375,7.04982,3.2,3.1,0.1,63.9
,79.98027,7.04665,3.2,3.1,0.1,63.1
,79.97997,7.05078,6.4,6.3,0.1,63.3
,79.98015,7.05063,6.4,6.3,0.1,63.3
,79.96463,7.06731,3.2,3.1,0.1,65.6
,79.96443,7.06714,3.2,3.1,0.1,65.6
,79.96665,7.06694,3.2,3.1,0.1,65.4
,79.96453,7.06718,3.2,3.1,0.1,65.6
,79.95989,7.06055,3.2,3.1,0.1,65.8
,79.96239,7.06326,3.2,3.1,0.1,65.7
,79.96887,7.04652,3.2,3.1,0.1,64.2
,79.95958,7.06812,3.2,3.1,0.1,66.2
,79.95954,7.06792,3.2,3.1,0.1,66.2
,79.95971,7.06811,3.2,3.1,0.1,66.1
,79.95982,7.06316,3.2,3.1,0.1,65.9
,79.95997,7.06329,3.2,3.1,0.1,65.9
,79.95995,7.06307,3.2,3.1,0.1,65.9
,79.97344,7.07343,3.2,3.1,0.1,65.0
,79.97202,7.07102,3.2,3.1,0.1,65.1
,79.97518,7.06838,3.2,3.1,0.1,64.6
,79.97505,7.07308,3.2,3.1,0.1,64.9
,79.96195,7.09482,3.2,3.1,0.1,67.3
,79.96214,7.09489,3.2,3.1,0.1,67.2
,79.97957,7.06684,3.2,3.1,0.1,64.1
,79.97936,7.06674,3.2,3.1,0.1,64.1
,79.95283,7.07386,3.2,3.1,0.1,67.1
,79.95293,7.0737,3.2,3.1,0.1,67.1
,79.95125,7.07701,3.2,3.1,0.1,67.4
,79.95112,7.07756,6.4,6.3,0.1,67.5
,79.95167,7.07724,3.2,3.1,0.1,67.4
,79.96442,7.07777,3.2,3.1,0.1,66.2
,79.95092,7.0813,3.2,3.1,0.1,67.7
,79.94826,7.07964,3.2,3.1,0.1,67.8
,79.94834,7.07956,3.2,3.1,0.1,67.8
,79.94823,7.07958,3.2,3.1,0.1,67.8
,80.01285,7.05856,3.2,3.1,0.1,60.4
,80.0122,7.05801,3.2,3.1,0.1,60.5
,80.01227,7.05866,3.2,3.1,0.1,60.5
,80.03596,7.07947,3.2,3.1,0.1,59.3
,80.03569,7.08022,6.4,6.3,0.1,59.4
,80.03796,7.0821,3.2,3.1,0.1,59.2
,80.03604,7.07963,3.2,3.1,0.1,59.3
,80.03583,7.07955,3.2,3.1,0.1,59.3
,80.03594,7.07963,3.2,3.1,0.1,59.3
,80.03555,7.08005,6.4,6.3,0.1,59.4
,80.03879,7.08037,3.2,3.1,0.1,59.1
,79.93262,7.10234,3.2,3.1,0.1,70.5
,80.00296,7.05935,3.2,3.1,0.1,61.4
,80.00291,7.05948,3.2,3.1,0.1,61.4
,79.93647,7.10435,3.2,3.1,0.1,70.2
,79.93695,7.07827,6.4,6.3,0.1,68.9
,79.94271,7.07939,3.2,3.1,0.1,68.4
,79.94291,7.07943,3.2,3.1,0.1,68.4
,80.00805,7.09096,3.2,3.1,0.1,62.6
,79.99565,7.05996,3.2,3.1,0.1,62.2
,79.93132,7.07509,3.2,3.1,0.1,69.3
,79.95419,7.07852,3.2,3.1,0.1,67.2
,79.99285,7.04442,3.2,3.1,0.1,61.7
,79.94266,7.07834,3.2,3.1,0.1,68.3
,79.94379,7.07409,3.2,3.1,0.1,68.0
,80.02352,7.11115,3.2,3.1,0.1,62.3
,80.02366,7.11117,3.2,3.1,0.1,62.3
,79.94087,7.10658,3.2,3.1,0.1,69.9
,79.93922,7.10666,3.2,3.1,0.1,70.1
,79.9369,7.10668,3.2,3.1,0.1,70.3
,79.93519,7.10684,3.2,3.1,0.1,70.5
,79.93523,7.10672,3.2,3.1,0.1,70.5
,79.93285,7.10833,3.2,3.1,0.1,70.8
,80.02404,7.05563,3.2,3.1,0.1,59.2
,80.02404,7.0558,3.2,3.1,0.1,59.2
,80.01395,7.05267,3.2,3.1,0.1,60.0
,80.01391,7.05258,3.2,3.1,0.1,60.0
,80.00302,7.0685,3.2,3.1,0.1,61.9
,79.93798,7.10112,3.2,3.1,0.1,69.9
,79.93665,7.10459,3.2,3.1,0.1,70.2
,80.018,7.05521,3.2,3.1,0.1,59.7
,80.01323,7.08928,3.2,3.1,0.1,62.0
,80.01285,7.08738,3.2,3.1,0.1,61.9
,80.01053,7.08506,3.2,3.1,0.1,62.0
,80.0149,7.05903,3.2,3.1,0.1,60.2
,79.99637,7.07751,3.2,3.1,0.1,63.0
,79.92751,7.07323,3.2,3.1,0.1,69.6
,79.92766,7.07326,3.2,3.1,0.1,69.6
,79.92754,7.07301,3.2,3.1,0.1,69.6
,79.99192,7.07473,3.2,3.1,0.1,63.3
,79.99283,7.0748,3.2,3.1,0.1,63.2
,79.99188,7.07457,3.2,3.1,0.1,63.3
,79.93062,7.07101,3.2,3.1,0.1,69.2
,79.99415,7.07089,3.2,3.1,0.1,62.9
,79.92427,7.07141,3.2,3.1,0.1,69.9
,79.99785,7.08609,3.2,3.1,0.1,63.3
,80.02274,7.09654,3.2,3.1,0.1,61.5
,79.98304,7.0752,3.2,3.1,0.1,64.2
,79.97811,7.06274,3.2,3.1,0.1,64.1
,80.00213,7.08478,3.2,3.1,0.1,62.8
,79.98363,7.07564,6.4,6.3,0.1,64.2
,79.98533,7.07598,3.2,3.1,0.1,64.0
,79.98827,7.09047,3.2,3.1,0.1,64.5
,79.98851,7.09023,3.2,3.1,0.1,64.4
,80.02026,7.09101,3.2,3.1,0.1,61.4
,80.03886,7.10502,3.2,3.1,0.1,60.5
,80.03833,7.1041,3.2,3.1,0.1,60.5
,80.01825,7.09538,3.2,3.1,0.1,61.9
,80.01412,7.09086,3.2,3.1,0.1,62.0
,80.01376,7.09218,3.2,3.1,0.1,62.1
,79.93304,7.10849,3.2,3.1,0.1,70.8
,79.90215,7.15624,3.2,3.1,0.1,76.3
,79.9075,7.16112,6.4,6.3,0.1,76.1
,80.00754,7.05122,3.2,3.1,0.1,60.6
,80.00746,7.05143,3.2,3.1,0.1,60.6
,80.00754,7.05134,3.2,3.1,0.1,60.6
,80.00764,7.05124,3.2,3.1,0.1,60.6
,80.00491,7.04664,3.2,3.1,0.1,60.6
,79.90531,7.15571,3.2,3.1,0.1,76.0
,79.9057,7.15594,3.2,3.1,0.1,76.0
,79.90556,7.15581,3.2,3.1,0.1,76.0
,79.98851,7.05839,3.2,3.1,0.1,62.8
,79.96555,7.05693,3.2,3.1,0.1,65.0
,79.96572,7.05701,3.2,3.1,0.1,65.0
,79.96483,7.05611,3.2,3.1,0.1,65.1
,79.98499,7.05715,3.2,3.1,0.1,63.1
,80.0254,7.0922,3.2,3.1,0.1,61.0
,79.97564,7.05251,3.2,3.1,0.1,63.8
,79.9759,7.05406,3.2,3.1,0.1,63.9
,79.91523,7.07829,3.2,3.1,0.1,71.1
,79.91525,7.07818,3.2,3.1,0.1,71.1
,79.91498,7.07608,3.2,3.1,0.1,71.0
,79.98997,7.05222,6.4,6.3,0.1,62.4
,79.99096,7.05375,3.2,3.1,0.1,62.3
,80.02559,7.07792,3.2,3.1,0.1,60.2
,79.98671,7.05329,6.4,6.3,0.1,62.7
,79.92739,7.08256,3.2,3.1,0.1,70.1
,80.02811,7.07893,3.2,3.1,0.1,60.0
,80.04134,7.0919,3.2,3.1,0.1,59.5
,80.04225,7.09482,3.2,3.1,0.1,59.6
,79.98722,7.05366,3.2,3.1,0.1,62.7
,80.02783,7.08702,6.4,6.3,0.1,60.5
,80.02526,7.08804,6.4,6.3,0.1,60.8
,80.01908,7.08781,3.2,3.1,0.1,61.4
,79.91805,7.15144,3.2,3.1,0.1,74.5
,79.91792,7.15163,3.2,3.1,0.1,74.6
,79.91782,7.15139,3.2,3.1,0.1,74.6
,80.02747,7.08453,3.2,3.1,0.1,60.4
,79.92545,7.08234,3.2,3.1,0.1,70.2
,80.04014,7.07531,3.2,3.1,0.1,58.7
,80.03708,7.07783,3.2,3.1,0.1,59.1
,80.03691,7.07784,3.2,3.1,0.1,59.1
,80.02538,7.08256,3.2,3.1,0.1,60.5
,79.93124,7.08418,3.2,3.1,0.1,69.8
,79.93196,7.08032,3.2,3.1,0.1,69.5
,80.02817,7.07995,3.2,3.1,0.1,60.1
,80.02085,7.08163,3.2,3.1,0.1,60.9
,79.93508,7.08526,3.2,3.1,0.1,69.4
,79.93522,7.08539,3.2,3.1,0.1,69.4
,80.02002,7.08286,6.4,6.3,0.1,61.0
,80.0199,7.0827,6.4,6.3,0.1,61.0
,79.93375,7.08704,3.2,3.1,0.1,69.6
,79.92108,7.09017,6.4,6.3,0.1,71.1
,79.91662,7.08718,3.2,3.1,0.1,71.4
,80.04927,7.09435,3.2,3.1,0.1,58.9
,80.04924,7.09424,3.2,3.1,0.1,58.9
,79.96846,7.0541,3.2,3.1,0.1,64.6
,80.01904,7.0299,3.2,3.1,0.1,58.4
,79.98045,7.0466,3.2,3.1,0.1,63.1
,79.96841,7.05648,3.2,3.1,0.1,64.7
,79.91216,7.07431,3.2,3.1,0.1,71.2
,79.98364,7.03642,3.2,3.1,0.1,62.3
,79.98366,7.03627,3.2,3.1,0.1,62.3
,79.98272,7.03723,6.4,6.3,0.1,62.4
,79.96246,7.04804,3.2,3.1,0.1,64.9
,80.02219,7.04291,3.2,3.1,0.1,58.7
,79.91417,7.07319,3.2,3.1,0.1,70.9
,79.91386,7.07199,3.2,3.1,0.1,70.9
,80.02743,7.04675,3.2,3.1,0.1,58.4
,79.89637,7.17567,3.2,3.1,0.1,78.0
,79.89634,7.17555,3.2,3.1,0.1,78.0
,79.97204,7.03698,3.2,3.1,0.1,63.5
,79.96899,7.04377,3.2,3.1,0.1,64.1
,79.96893,7.04369,3.2,3.1,0.1,64.1
,79.96874,7.04358,3.2,3.1,0.1,64.1
,79.96192,7.0449,3.2,3.1,0.1,64.9
,79.93231,7.09328,3.2,3.1,0.1,70.1
,79.93257,7.09314,3.2,3.1,0.1,70.1
,79.93257,7.09323,3.2,3.1,0.1,70.1
,79.92906,7.09225,3.2,3.1,0.1,70.4
,79.929,7.09182,3.2,3.1,0.1,70.3
,79.96463,7.03983,3.2,3.1,0.1,64.4
,79.92488,7.09428,3.2,3.1,0.1,70.9
,80.014,7.03836,3.2,3.1,0.1,59.3
,79.92421,7.09108,3.2,3.1,0.1,70.8
,79.92443,7.09093,3.2,3.1,0.1,70.8
,79.92437,7.09117,3.2,3.1,0.1,70.8
,79.91718,7.0903,3.2,3.1,0.1,71.4
,79.89098,7.14129,3.2,3.1,0.1,76.6
,79.89109,7.14111,3.2,3.1,0.1,76.6
,79.891,7.14118,3.2,3.1,0.1,76.6
,79.97376,7.03281,3.2,3.1,0.1,63.1
,79.91604,7.10069,3.2,3.1,0.1,72.1
,79.97937,7.0346,6.4,6.3,0.1,62.6
,79.97386,7.03126,3.2,3.1,0.1,63.0
,80.00175,7.03886,3.2,3.1,0.1,60.6
,79.99583,7.03573,3.2,3.1,0.1,61.0
,79.99591,7.03596,3.2,3.1,0.1,61.0
,79.99574,7.03573,3.2,3.1,0.1,61.0
,79.99589,7.03572,3.2,3.1,0.1,61.0
,79.9959,7.03587,3.2,3.1,0.1,61.0
,80.0001,7.0345,3.2,3.1,0.1,60.5
,80.00003,7.03451,3.2,3.1,0.1,60.5
,79.9275,7.06738,3.2,3.1,0.1,69.3
,79.92759,7.06765,3.2,3.1,0.1,69.3
,79.927,7.06661,3.2,3.1,0.1,69.4
,79.95839,7.07149,3.2,3.1,0.1,66.4
,79.93914,7.10658,3.2,3.1,0.1,70.1
,79.8887,7.10761,3.2,3.1,0.1,75.1
,79.8887,7.10756,3.2,3.1,0.1,75.1
,79.90575,7.15582,3.2,3.1,0.1,76.0
,79.98706,7.06255,3.2,3.1,0.1,63.2
,79.90285,7.07122,3.2,3.1,0.1,72.0
,79.90292,7.07118,3.2,3.1,0.1,72.0
,79.95132,7.0771,3.2,3.1,0.1,67.4
,80.03423,7.04462,3.2,3.1,0.1,57.6
,80.03253,7.0857,3.2,3.1,0.1,60.0
,80.03449,7.03907,3.2,3.1,0.1,57.3
,80.03431,7.03905,3.2,3.1,0.1,57.3
,80.03409,7.03801,3.2,3.1,0.1,57.3
,79.91542,7.07834,3.2,3.1,0.1,71.1
,79.96486,7.05603,3.2,3.1,0.1,65.1
,79.96815,7.05314,3.2,3.1,0.1,64.6
,79.96822,7.05322,3.2,3.1,0.1,64.6
,79.91395,7.10591,3.2,3.1,0.1,72.5
,79.99358,7.03429,3.2,3.1,0.1,61.2
,79.99369,7.03423,3.2,3.1,0.1,61.2
,80.00549,7.03459,3.2,3.1,0.1,60.0
,80.00555,7.03446,3.2,3.1,0.1,60.0
,79.9928,7.03231,3.2,3.1,0.1,61.2
,80.00987,7.02769,3.2,3.1,0.1,59.2
,79.92659,7.06281,3.2,3.1,0.1,69.2
,80.00714,7.02704,3.2,3.1,0.1,59.5
,80.00315,7.02588,3.2,3.1,0.1,59.8
,80.00434,7.02714,3.2,3.1,0.1,59.8
,80.02032,7.01902,3.2,3.1,0.1,57.8
,80.02652,7.03325,3.2,3.1,0.1,57.8
,80.02472,7.03194,3.2,3.1,0.1,57.9
,80.02447,7.03169,3.2,3.1,0.1,58.0
,80.02556,7.02754,3.2,3.1,0.1,57.7
,80.02501,7.02327,3.2,3.1,0.1,57.5
,80.02672,7.02696,3.2,3.1,0.1,57.5
,79.92076,7.08914,3.2,3.1,0.1,71.0
,79.92073,7.08926,3.2,3.1,0.1,71.0
,80.03415,7.03804,3.2,3.1,0.1,57.3
,80.03261,7.08021,3.2,3.1,0.1,59.6
,79.98849,7.0903,3.2,3.1,0.1,64.4
,79.92811,7.09109,3.2,3.1,0.1,70.4
,79.96628,7.07816,3.2,3.1,0.1,66.0
,79.97882,7.09272,6.4,6.3,0.1,65.5
,79.8999,7.06021,3.2,3.1,0.1,71.8
,79.93268,7.10258,3.2,3.1,0.1,70.5
,80.01222,7.05877,3.2,3.1,0.1,60.5
,80.03601,7.08494,3.2,3.1,0.1,59.6
,80.02084,7.0922,3.2,3.1,0.1,61.4
,80.00782,7.0661,6.4,6.3,0.1,61.3
,80.03838,7.10395,3.2,3.1,0.1,60.5
,79.94289,7.07928,3.2,3.1,0.1,68.4
,79.98832,7.05824,3.2,3.1,0.1,62.8
,79.99447,7.05965,3.2,3.1,0.1,62.3
,79.98028,7.04677,3.2,3.1,0.1,63.1
,79.98042,7.0504,3.2,3.1,0.1,63.2
,80.02355,7.11137,3.2,3.1,0.1,62.3
,79.95117,7.07697,3.2,3.1,0.1,67.4
,80.00022,7.08687,3.2,3.1,0.1,63.1
,79.99273,7.0444,3.2,3.1,0.1,61.7
,80.03994,7.07535,3.2,3.1,0.1,58.7
,80.03996,7.07518,3.2,3.1,0.1,58.7
,80.01906,7.05717,3.2,3.1,0.1,59.7
,80.01569,7.07244,3.2,3.1,0.1,60.9
,80.01563,7.0725,3.2,3.1,0.1,60.9
,80.03441,7.04461,3.2,3.1,0.1,57.6
,79.95381,7.07399,3.2,3.1,0.1,67.0
,79.99211,7.05084,6.4,6.3,0.1,62.1
,79.99196,7.05068,6.4,6.3,0.1,62.1
,80.01754,7.05235,3.2,3.1,0.1,59.6
,79.92804,7.06269,3.2,3.1,0.1,69.1
,79.95435,7.07965,3.2,3.1,0.1,67.2
,79.95456,7.07959,3.2,3.1,0.1,67.2
,79.94832,7.07967,3.2,3.1,0.1,67.8
,79.94506,7.0955,3.2,3.1,0.1,68.9
,80.01789,7.09428,3.2,3.1,0.1,61.8
,79.92661,7.0627,3.2,3.1,0.1,69.2
,79.94313,7.06396,3.2,3.1,0.1,67.6
,80.02376,7.06325,3.2,3.1,0.1,59.6
,80.02077,7.08171,3.2,3.1,0.1,60.9
,80.03809,7.10501,3.2,3.1,0.1,60.6
,79.97392,7.04983,3.2,3.1,0.1,63.9
,79.951,7.09323,3.2,3.1,0.1,68.2
,80.00206,7.07392,3.2,3.1,0.1,62.3
,80.00199,7.07387,3.2,3.1,0.1,62.3
,80.02484,7.08615,3.2,3.1,0.1,60.7
,80.02491,7.08601,3.2,3.1,0.1,60.7
,80.02477,7.08599,3.2,3.1,0.1,60.7
,80.02526,7.09074,3.2,3.1,0.1,60.9
,79.93226,7.10864,3.2,3.1,0.1,70.9
,79.97221,7.07103,3.2,3.1,0.1,65.0
,79.88838,7.07952,3.2,3.1,0.1,73.8
Aneex,79.8885,7.07963,3.2,3.1,0.1,73.8
,79.97134,7.06377,3.2,3.1,0.1,64.8
,80.02648,7.11192,3.2,3.1,0.1,62.1
,80.02639,7.11176,3.2,3.1,0.1,62.0
,79.96749,7.06398,3.2,3.1,0.1,65.2
Mahinda Moters,79.88261,7.10581,3.2,3.1,0.1,75.6
,79.88267,7.10601,3.2,3.1,0.1,75.6
,79.89342,7.10316,3.2,3.1,0.1,74.4
,79.89282,7.10266,6.4,6.3,0.1,74.5
,79.89431,7.09314,3.2,3.1,0.1,73.9
,79.89432,7.09327,3.2,3.1,0.1,73.9
,79.89041,7.10061,3.2,3.1,0.1,74.6
,79.89028,7.10073,3.2,3.1,0.1,74.6
,79.89042,7.1007,3.2,3.1,0.1,74.6
,79.99194,7.06619,3.2,3.1,0.1,62.9
,79.89438,7.07415,3.2,3.1,0.1,73.0
,79.89745,7.07939,6.4,6.3,0.1,72.9
,79.89239,7.10252,6.4,6.3,0.1,74.5
,79.89046,7.10082,3.2,3.1,0.1,74.6
,79.88159,7.05922,3.2,3.1,0.1,73.7
,79.88143,7.05914,3.2,3.1,0.1,73.7
,79.9108,7.07902,3.2,3.1,0.1,71.6
,79.91066,7.07911,3.2,3.1,0.1,71.6
,79.91224,7.0741,3.2,3.1,0.1,71.2
,79.91071,7.07782,3.2,3.1,0.1,71.5
,79.91085,7.07771,3.2,3.1,0.1,71.5
,79.91403,7.09549,3.2,3.1,0.1,72.0
,79.89356,7.06143,3.2,3.1,0.1,72.5
,79.89356,7.06132,3.2,3.1,0.1,72.5
,79.89434,7.06379,3.2,3.1,0.1,72.5
,79.8941,7.06378,3.2,3.1,0.1,72.6
,79.89363,7.06383,3.2,3.1,0.1,72.6
,79.89363,7.06393,3.2,3.1,0.1,72.6
,79.89428,7.06393,3.2,3.1,0.1,72.6
,79.89374,7.06385,3.2,3.1,0.1,72.6
a,79.89355,7.06392,3.2,3.1,0.1,72.6
,79.89377,7.06394,3.2,3.1,0.1,72.6
,79.89411,7.0639,3.2,3.1,0.1,72.6
,79.9178,7.06427,3.2,3.1,0.1,70.2
,79.96491,7.05622,3.2,3.1,0.1,65.1
,79.96845,7.05422,3.2,3.1,0.1,64.6
,79.9181,7.11932,3.2,3.1,0.1,72.8
,79.91811,7.11911,3.2,3.1,0.1,72.8
,79.91638,7.12546,3.2,3.1,0.1,73.3
,79.91646,7.12554,3.2,3.1,0.1,73.3
,79.96001,7.06315,3.2,3.1,0.1,65.9
,79.95338,7.06511,3.2,3.1,0.1,66.6
,79.89024,7.1008,3.2,3.1,0.1,74.6
,79.88733,7.11307,3.2,3.1,0.1,75.5
,79.88727,7.113,3.2,3.1,0.1,75.5
,79.90733,7.13293,3.2,3.1,0.1,74.6
,79.9074,7.13317,3.2,3.1,0.1,74.6
,79.89255,7.13237,3.2,3.1,0.1,76.0
,79.88684,7.12902,3.2,3.1,0.1,76.4
,79.88674,7.12887,3.2,3.1,0.1,76.4
,79.88664,7.12881,3.2,3.1,0.1,76.4
,79.8867,7.12904,3.2,3.1,0.1,76.4
,79.88671,7.12897,3.2,3.1,0.1,76.4
,79.92122,7.16512,3.2,3.1,0.1,75.0
,79.92111,7.16517,3.2,3.1,0.1,75.0
,79.92888,7.14961,3.2,3.1,0.1,73.4
,79.92888,7.14966,3.2,3.1,0.1,73.4
,79.91777,7.06418,3.2,3.1,0.1,70.2
,79.88734,7.11286,3.2,3.1,0.1,75.5
,79.89527,7.1544,3.2,3.1,0.1,76.9
,79.90297,7.07115,3.2,3.1,0.1,72.0
,79.90275,7.0713,3.2,3.1,0.1,72.0
,79.90281,7.07109,3.2,3.1,0.1,72.0
,79.88685,7.12898,3.2,3.1,0.1,76.4
,79.93328,7.09431,3.2,3.1,0.1,70.0
,79.92594,7.08103,3.2,3.1,0.1,70.1
,79.92463,7.08175,3.2,3.1,0.1,70.3
,79.92723,7.08255,3.2,3.1,0.1,70.1
,79.91628,7.12547,3.2,3.1,0.1,73.3
,79.88855,7.07947,3.2,3.1,0.1,73.8
,79.91508,6.97592,3.2,3.1,0.1,67.2
,79.92828,6.89148,3.2,3.1,0.1,63.8
Arunachalam Hall,80.59982,7.25773,6.4,6.3,0.1,50.8
,79.89742,6.87427,3.2,3.1,0.1,66.9
,80.27278,7.81588,3.2,3.1,0.1,114.1
,80.07908,6.6983,3.2,3.1,0.1,48.1
,80.11402,6.61624,3.2,3.1,0.1,47.7
,80.1139,6.6157,3.2,3.1,0.1,47.7
,80.12103,6.61871,3.2,3.1,0.1,46.9
,80.11301,6.6354,3.2,3.1,0.1,46.9
,80.10917,6.64403,3.2,3.1,0.1,46.9
,80.10926,6.64613,3.2,3.1,0.1,46.8
,80.10441,6.63174,3.2,3.1,0.1,47.9
,80.10101,6.62789,3.2,3.1,0.1,48.4
,80.0746,6.64754,3.2,3.1,0.1,50.3
,80.09457,6.72037,3.2,3.1,0.1,45.8
,80.09704,6.71728,3.2,3.1,0.1,45.6
,80.09733,6.71842,3.2,3.1,0.1,45.6
,80.08658,6.67938,3.2,3.1,0.1,47.9
,80.0753,6.65453,3.2,3.1,0.1,49.9
,80.07538,6.65461,3.2,3.1,0.1,49.9
,80.07647,6.66841,3.2,3.1,0.1,49.3
,80.07126,6.68521,3.2,3.1,0.1,49.3
,80.21349,6.36595,3.2,3.1,0.1,58.4
,80.21345,6.36616,3.2,3.1,0.1,58.3
,80.20985,6.36746,3.2,3.1,0.1,58.4
,80.36363,6.65335,3.2,3.1,0.1,22.9
,80.36053,6.63927,3.2,3.1,0.1,24.3
,80.36056,6.63938,3.2,3.1,0.1,24.3
,80.36047,6.63942,3.2,3.1,0.1,24.3
,80.36149,6.63853,3.2,3.1,0.1,24.3
,80.38929,6.64315,3.2,3.1,0.1,22.1
,80.36168,6.67385,3.2,3.1,0.1,21.4
,80.34212,6.6823,3.2,3.1,0.1,22.4
,80.33657,6.70339,3.2,3.1,0.1,21.5
,80.33651,6.70353,3.2,3.1,0.1,21.5
,80.07471,6.64756,3.2,3.1,0.1,50.3
,80.0838,6.69444,3.2,3.1,0.1,47.7
,80.12095,6.61891,3.2,3.1,0.1,46.8
,80.05769,6.65495,3.2,3.1,0.1,51.7
,80.37731,6.64189,3.2,3.1,0.1,22.9
,80.37749,6.64189,3.2,3.1,0.1,22.9
,80.38491,6.63741,3.2,3.1,0.1,22.9
,80.32687,6.70585,3.2,3.1,0.1,22.3
,80.27424,6.72656,3.2,3.1,0.1,26.5
,80.07904,6.69812,3.2,3.1,0.1,48.1
,80.07081,6.70028,3.2,3.1,0.1,48.9
,80.07547,6.65463,3.2,3.1,0.1,49.9
,80.09738,6.62944,3.2,3.1,0.1,48.7
,80.3516,6.66449,3.2,3.1,0.1,22.9
,80.35164,6.66465,3.2,3.1,0.1,22.9
,80.33561,6.70839,3.2,3.1,0.1,21.3
,80.21664,6.36952,3.2,3.1,0.1,57.8
,80.20962,6.36737,3.2,3.1,0.1,58.5
,80.21288,6.72652,3.2,3.1,0.1,33.0
,80.1139,6.61643,3.2,3.1,0.1,47.7
,80.26527,6.23253,3.2,3.1,0.1,68.9
,80.06208,7.15359,3.5,3.4,0.1,61.5
,80.27607,7.81334,3.2,3.1,0.1,113.7
,80.03765,6.83399,3.2,3.1,0.1,51.1
,80.03763,6.83411,3.2,3.1,0.1,51.1
,80.00852,7.02062,3.2,3.2,0.0,59.1
,80.01557,7.01735,3.2,3.2,0.0,58.2
,80.01562,7.01753,3.2,3.2,0.0,58.2
,79.9816,7.05832,3.2,3.2,0.0,63.5
,79.95904,7.07335,6.4,6.4,0.0,66.5
,79.95962,7.07353,3.2,3.2,0.0,66.4
,79.95954,7.07345,3.2,3.2,0.0,66.4
,79.97092,7.06349,3.2,3.2,0.0,64.8
,79.98049,7.04673,3.2,3.2,0.0,63.1
,79.97999,7.04684,3.2,3.2,0.0,63.1
,79.95927,7.05848,3.2,3.2,0.0,65.7
,79.95947,7.05844,3.2,3.2,0.0,65.7
,79.95939,7.05855,3.2,3.2,0.0,65.7
,79.97839,7.07662,3.2,3.2,0.0,64.7
,79.98691,7.08203,3.2,3.2,0.0,64.2
,79.95969,7.06393,3.2,3.2,0.0,66.0
,79.96619,7.07328,3.2,3.2,0.0,65.8
,79.96647,7.09266,3.2,3.2,0.0,66.7
,79.96631,7.0927,3.2,3.2,0.0,66.7
,79.99439,7.06232,3.2,3.2,0.0,62.4
Sri Sumangala Weerasingharamaya,79.9496,7.07748,3.2,3.2,0.0,67.6
,79.9426,7.09314,3.2,3.2,0.0,69.1
,79.95104,7.07626,3.2,3.2,0.0,67.4
,79.95107,7.07608,3.2,3.2,0.0,67.4
,79.95087,7.07628,3.2,3.2,0.0,67.4
,79.94271,7.09194,3.2,3.2,0.0,69.0
,79.95782,7.07958,3.2,3.2,0.0,66.9
,80.03699,7.07946,3.2,3.2,0.0,59.2
,80.03713,7.07962,3.2,3.2,0.0,59.2
,80.01345,7.09778,3.2,3.2,0.0,62.5
,79.93333,7.10203,3.2,3.2,0.0,70.4
,79.93272,7.1029,3.2,3.2,0.0,70.5
,80.03724,7.08429,6.4,6.4,0.0,59.4
,79.95466,7.08071,3.2,3.2,0.0,67.3
,79.99156,7.05755,6.4,6.4,0.0,62.5
,79.95252,7.06844,3.2,3.2,0.0,66.9
,79.95264,7.06833,3.2,3.2,0.0,66.9
,79.95019,7.06999,3.2,3.2,0.0,67.2
,80.03212,7.07619,3.2,3.2,0.0,59.5
,80.03218,7.07637,3.2,3.2,0.0,59.5
,79.92909,7.10209,3.2,3.2,0.0,70.8
,80.00772,7.05288,3.2,3.2,0.0,60.6
,80.00764,7.05284,3.2,3.2,0.0,60.6
,80.00765,7.05304,3.2,3.2,0.0,60.7
,79.93771,7.10045,3.2,3.2,0.0,69.9
,79.93756,7.10047,3.2,3.2,0.0,69.9
,79.93765,7.10092,3.2,3.2,0.0,69.9
,80.00335,7.07149,3.2,3.2,0.0,62.0
,80.00442,7.07025,6.4,6.4,0.0,61.8
,79.97187,7.03067,3.2,3.2,0.0,63.2
,79.97206,7.03051,3.2,3.2,0.0,63.2
,79.94739,7.09972,3.2,3.2,0.0,68.9
,80.04632,7.11257,3.2,3.2,0.0,60.3
,79.99995,7.07246,3.2,3.2,0.0,62.4
,80.00232,7.07203,6.4,6.4,0.0,62.1
,79.99289,7.07888,3.2,3.2,0.0,63.4
,79.99294,7.07897,3.2,3.2,0.0,63.4
,79.99308,7.07885,3.2,3.2,0.0,63.4
,79.99206,7.07753,3.2,3.2,0.0,63.4
,80.00637,7.08869,3.2,3.2,0.0,62.6
,79.99886,7.06467,3.2,3.2,0.0,62.1
,79.98818,7.07645,3.2,3.2,0.0,63.7
,79.97504,7.064,3.2,3.2,0.0,64.4
,80.01348,7.09198,3.2,3.2,0.0,62.1
,80.02559,7.09333,3.2,3.2,0.0,61.1
,80.00478,7.04713,3.2,3.2,0.0,60.7
,80.01891,7.08766,3.2,3.2,0.0,61.4
,80.04069,7.07509,3.2,3.2,0.0,58.6
,79.93153,7.08075,3.2,3.2,0.0,69.6
,80.01478,7.08325,6.4,6.4,0.0,61.5
,80.01467,7.08325,6.4,6.4,0.0,61.5
,80.01475,7.08341,6.4,6.4,0.0,61.5
,79.93123,7.08889,6.4,6.4,0.0,70.0
,80.02312,7.06385,3.2,3.2,0.0,59.7
,79.93001,7.08875,6.4,6.4,0.0,70.1
,79.93949,7.08272,3.2,3.2,0.0,68.9
,80.01386,7.06302,3.2,3.2,0.0,60.5
,80.04834,7.09226,3.2,3.2,0.0,58.8
,79.91341,7.07936,3.2,3.2,0.0,71.3
,79.98092,7.04469,3.2,3.2,0.0,62.9
,79.98085,7.04484,3.2,3.2,0.0,62.9
,79.98345,7.04439,3.2,3.2,0.0,62.7
,79.98346,7.04447,3.2,3.2,0.0,62.7
,79.98345,7.04459,3.2,3.2,0.0,62.7
,79.98364,7.04458,3.2,3.2,0.0,62.7
,79.98582,7.03901,3.2,3.2,0.0,62.2
,80.02143,7.04277,3.2,3.2,0.0,58.8
,79.91216,7.07037,3.2,3.2,0.0,71.0
,80.028,7.05047,3.2,3.2,0.0,58.5
,80.02804,7.05059,3.2,3.2,0.0,58.5
,79.93176,7.0925,3.2,3.2,0.0,70.1
,79.93172,7.0923,3.2,3.2,0.0,70.1
,79.93153,7.0924,3.2,3.2,0.0,70.1
,80.01975,7.03813,3.2,3.2,0.0,58.7
,80.01982,7.03813,3.2,3.2,0.0,58.7
,79.98693,7.04059,3.2,3.2,0.0,62.1
,79.97724,7.03395,3.2,3.2,0.0,62.8
,79.97724,7.03376,3.2,3.2,0.0,62.8
,79.91637,7.10073,3.2,3.2,0.0,72.0
,79.91629,7.10081,3.2,3.2,0.0,72.0
,79.96426,7.0354,6.4,6.4,0.0,64.2
,79.96851,7.03478,3.2,3.2,0.0,63.7
,79.9983,7.03655,3.2,3.2,0.0,60.8
,79.95762,7.07982,3.2,3.2,0.0,66.9
,79.97601,7.03101,3.2,3.2,0.0,62.8
,80.03268,7.03994,3.2,3.2,0.0,57.5
,79.91355,7.07923,3.2,3.2,0.0,71.3
,79.91646,7.10075,3.2,3.2,0.0,72.0
,80.03825,7.03645,3.2,3.2,0.0,56.8
,80.00982,7.03949,3.2,3.2,0.0,59.8
,80.01828,7.02312,3.2,3.2,0.0,58.2
,80.01841,7.02306,3.2,3.2,0.0,58.2
,80.00754,7.03512,3.2,3.2,0.0,59.8
,80.00663,7.03049,3.2,3.2,0.0,59.7
,80.00959,7.02617,3.2,3.2,0.0,59.2
,80.00974,7.02614,3.2,3.2,0.0,59.2
,80.02155,7.01802,3.2,3.2,0.0,57.6
,80.02492,7.03446,3.2,3.2,0.0,58.0
,79.93404,7.06725,3.2,3.2,0.0,68.7
,79.92957,7.06726,3.2,3.2,0.0,69.1
,79.92937,7.06706,3.2,3.2,0.0,69.1
,80.03266,7.07899,3.2,3.2,0.0,59.6
,79.95962,7.06389,3.2,3.2,0.0,66.0
,80.00198,7.07498,3.2,3.2,0.0,62.3
,80.01473,7.10139,3.2,3.2,0.0,62.5
,80.00985,7.10357,3.2,3.2,0.0,63.1
,80.00994,7.10364,3.2,3.2,0.0,63.1
,79.98535,7.07312,3.2,3.2,0.0,63.9
,79.99055,7.08961,3.2,3.2,0.0,64.2
,79.98188,7.07681,3.2,3.2,0.0,64.4
,79.98655,7.0831,3.2,3.2,0.0,64.3
,79.94469,7.09406,3.2,3.2,0.0,68.9
,80.00728,7.08916,3.2,3.2,0.0,62.6
,79.97991,7.04681,3.2,3.2,0.0,63.1
,79.97702,7.05091,3.2,3.2,0.0,63.6
,80.00786,7.05282,3.2,3.2,0.0,60.6
,80.0246,7.07099,3.2,3.2,0.0,59.9
,80.04086,7.07485,3.2,3.2,0.0,58.6
,79.96894,7.06266,3.2,3.2,0.0,65.0
,80.0164,7.02955,3.2,3.2,0.0,58.7
,80.00993,7.03947,3.2,3.2,0.0,59.8
,79.94748,7.09983,3.2,3.2,0.0,68.9
,79.96099,7.06746,3.2,3.2,0.0,66.0
,79.96832,7.03482,3.2,3.2,0.0,63.8
,80.01324,7.09211,3.2,3.2,0.0,62.2
,80.01342,7.09767,3.2,3.2,0.0,62.5
,79.93413,7.06719,3.2,3.2,0.0,68.7
,79.93416,7.06727,3.2,3.2,0.0,68.7
Kettharama Purana Viharaya,79.9653,7.08165,3.2,3.2,0.0,66.3
,80.03704,7.07957,3.2,3.2,0.0,59.2
,79.9979,7.06943,3.2,3.2,0.0,62.4
,79.89044,7.10056,3.2,3.2,0.0,74.6
,79.88748,7.08089,3.2,3.2,0.0,74.0
,79.88749,7.0808,3.2,3.2,0.0,74.0
Aurvedic Dispensary and House,79.91369,7.08201,6.4,6.4,0.0,71.4
,79.91644,7.10092,3.2,3.2,0.0,72.0
,79.88737,7.08087,3.2,3.2,0.0,74.0
,79.88738,7.08081,3.2,3.2,0.0,74.0
,79.97606,7.03079,3.2,3.2,0.0,62.8
,79.91432,7.06639,3.2,3.2,0.0,70.6
,79.89452,7.08364,3.2,3.2,0.0,73.4
,79.96285,7.05919,3.2,3.2,0.0,65.4
,79.92084,7.11948,3.2,3.2,0.0,72.5
,80.04558,7.10915,6.4,6.4,0.0,60.1
,79.98691,7.0819,3.2,3.2,0.0,64.2
,79.91888,7.13802,3.2,3.2,0.0,73.7
,79.91822,7.1264,6.4,6.4,0.0,73.2
,79.98675,7.09158,3.2,3.2,0.0,64.7
,80.04612,7.11277,3.2,3.2,0.0,60.3
,79.9257,7.07819,3.2,3.2,0.0,70.0
,79.92046,7.16183,3.2,3.2,0.0,74.9
,79.92033,7.16195,3.2,3.2,0.0,74.9
,80.34195,6.70416,6.4,6.4,0.0,20.9
,80.09219,6.60909,3.2,3.2,0.0,50.2
,80.09094,6.64361,3.2,3.2,0.0,48.7
,80.0908,6.64367,3.2,3.2,0.0,48.8
,80.0938,6.61873,3.2,3.2,0.0,49.6
,80.09588,6.71856,3.2,3.2,0.0,45.7
,80.06961,6.66383,3.2,3.2,0.0,50.2
,80.06655,6.64827,3.2,3.2,0.0,51.1
,80.09007,6.69106,3.2,3.2,0.0,47.1
,80.21993,6.35201,3.2,3.2,0.0,59.3
,80.37051,6.66088,3.2,3.2,0.0,21.7
,80.37469,6.65402,3.2,3.2,0.0,22.0
,80.35554,6.65122,3.2,3.2,0.0,23.6
,80.36185,6.6334,3.2,3.2,0.0,24.7
,80.35287,6.67658,3.2,3.2,0.0,21.9
,80.08215,6.69505,3.2,3.2,0.0,47.8
,80.11024,6.6444,3.2,3.2,0.0,46.7
,80.09622,6.62031,3.2,3.2,0.0,49.2
,80.09986,6.63046,3.2,3.2,0.0,48.4
,80.26,6.22342,3.2,3.2,0.0,70.0
,80.21695,6.73,3.2,3.2,0.0,32.4
,80.2905,6.70933,3.2,3.2,0.0,25.6
,80.29042,6.70941,3.2,3.2,0.0,25.6
,80.29039,6.70928,3.2,3.2,0.0,25.6
,80.31252,6.71571,3.2,3.2,0.0,23.1
,80.37971,6.65602,3.2,3.2,0.0,21.5
,80.35298,6.67646,3.2,3.2,0.0,21.9
,80.11268,6.61653,3.2,3.2,0.0,47.8
,80.06152,7.15397,3.5,3.5,0.0,61.6
Peoples Bank,79.96186,6.58135,4.0,4.0,0.0,64.6
Mirissa Gate Resort,80.47385,5.93812,12.8,12.8,0.0,96.4
