name,place,lon,lat,distance_km,bearing_to_summit_deg,required_height_m,visibility,angular_height_deg,sunrise_align_1,sunrise_align_2
Nallathanniya,town,80.5226,6.82551,3.1,235.3,-9.9,ground level,16.694,,
Palabaddala,village,80.45376,6.78637,5.7,63.2,826.4,never,,,
Gartmore Estate,village,80.55191,6.79787,5.9,282.5,-4.5,ground level,8.352,,
Magilikanda,village,80.47631,6.76123,5.9,25.7,556.4,never,,,
Maussakele,village,80.55165,6.84733,7.1,234.0,21.6,<=30 m (10 storeys),,,
Rathganga,village,80.48251,6.73964,7.9,13.7,659.2,never,,,
Mocha,village,80.57047,6.80362,7.9,274.7,13.8,<=30 m (10 storeys),,,
Hapugastenne,village,80.5279,6.87918,8.3,202.2,34.4,<=60 m (20 storeys),,,
Maskeliya,town,80.57203,6.83387,8.5,251.4,-10.1,ground level,6.48,,
Hapugasthenna State,village,80.52542,6.73338,8.9,341.2,392.8,never,,,
Brunswick Estate,village,80.58282,6.81846,9.3,263.9,-2.1,ground level,5.717,,
Wewelketiya,village,80.50242,6.72366,9.5,358.0,397.6,never,,,
Kuda Maskeliya,village,80.57926,6.84587,9.7,245.5,12.9,<=30 m (10 storeys),,,
Castlereigh,village,80.56477,6.87277,10.1,225.9,183.3,never,,,
Gileemale,village,80.43005,6.74845,10.2,48.7,501.2,never,,,
Koththallena,village,80.485,6.90983,11.2,171.9,552.0,never,,,
Gallealla,village,80.48188,6.70884,11.3,9.9,196.8,never,,,
Amunuthenna,village,80.52039,6.7098,11.3,348.2,564.8,never,,,
Strathspey State,village,80.59808,6.77939,11.4,287.0,484.3,never,,,
Galabada,village,80.46473,6.71177,11.5,19.6,276.2,never,,,
Kiriwan Eliya,village,80.5029,6.91449,11.6,181.9,264.8,never,,,
Stockholm State,village,80.60445,6.81919,11.7,264.7,-3.4,ground level,4.094,,
Wanarajah,village,80.5907,6.86421,11.8,239.0,140.4,<=150 m (50 storeys),,,
Norton Bridge,village,80.52066,6.91536,11.9,191.4,275.7,never,,,
Banagoda,village,80.50377,6.69569,12.6,357.9,349.5,never,,,
Udakanda,village,80.586,6.73313,12.8,311.4,456.4,never,,,
Norwood,town,80.61222,6.83893,12.9,255.4,222.7,never,,,
Laxapana,village,80.48565,6.92562,12.9,173.3,643.5,never,,,
Wewelwatte,village,80.55615,6.70656,13.0,331.2,705.3,never,,,
Yatiwala,village,80.39323,6.86075,13.0,115.8,55.7,<=60 m (20 storeys),,,
Maliboda,village,80.41341,6.89114,13.1,133.6,84.6,<=100 m (33 storeys),,,
Hangarapitiya,village,80.47243,6.9253,13.2,166.9,572.7,never,,,
,village,80.61492,6.84055,13.2,254.9,179.2,never,,,
Sudagala,village,80.37921,6.80104,13.3,86.0,430.7,never,,,
Malwala,village,80.43346,6.70728,13.4,32.9,18.4,<=30 m (10 storeys),,,
Newton,village,80.61226,6.85415,13.4,248.4,1.0,ground level,3.727,,
Manickawatta 02 nd Division,village,80.60878,6.86418,13.5,243.4,23.6,<=30 m (10 storeys),,,
Dickoya,town,80.60394,6.87378,13.6,238.4,47.5,<=60 m (20 storeys),,,
Dunbar,village,80.59087,6.89122,13.6,228.2,2.1,<=10 m (3 storeys),,,
Shanon,village,80.57873,6.90512,13.7,219.7,77.2,<=100 m (33 storeys),,,
Malankanda,village,80.40144,6.7333,13.7,52.2,57.5,<=60 m (20 storeys),,,
Darawala,village,80.60878,6.871,13.9,240.6,6.1,<=10 m (3 storeys),,,
Aberdeen,village,80.50172,6.93584,14.0,181.1,284.5,never,,,
Manickawatta 03 rd Division,village,80.61414,6.86223,14.0,245.3,-3.2,ground level,3.556,,
Eknaligoda,village,80.37632,6.78141,14.0,77.2,118.0,<=150 m (50 storeys),,26 Apr,16 Aug
Gamini Pura,village,80.59971,6.88894,14.1,231.6,-1.4,ground level,3.648,,
Manickawatta 01 st Division,village,80.61221,6.8684,14.1,242.4,24.0,<=30 m (10 storeys),,,
Hatton,town,80.59846,6.89163,14.2,230.3,20.1,<=30 m (10 storeys),,,
Upcot,village,80.62429,6.779,14.2,283.7,473.4,never,,,
Ambatenna,village,80.61313,6.87222,14.4,241.1,-6.5,ground level,3.724,,
Gonakumbura,village,80.46144,6.68472,14.4,17.0,12.4,<=30 m (10 storeys),,,
Battalagalla Lower Division,village,80.61701,6.86656,14.4,244.1,27.4,<=30 m (10 storeys),,,
Venture,village,80.63042,6.82062,14.5,265.1,116.6,<=150 m (50 storeys),,,
Lonach,village,80.5197,6.94125,14.7,188.8,81.5,<=100 m (33 storeys),,,
Ellegedara,village,80.39355,6.72902,14.7,52.8,73.3,<=100 m (33 storeys),,,
Puliyawatta Lower Division,village,80.62464,6.85435,14.7,250.3,36.4,<=60 m (20 storeys),,,
Bathboard Lower Division,village,80.62081,6.86308,14.7,246.2,8.1,<=10 m (3 storeys),,,
Pooliyawatta,town,80.6259,6.85668,14.9,249.5,-2.9,ground level,3.255,,
Puliyawatta Upper Division,village,80.62714,6.85146,14.9,251.8,14.9,<=30 m (10 storeys),,,
Paradise,village,80.37336,6.75962,15.0,68.5,-1.6,ground level,8.134,02 Jun,10 Jul
Kirkoswald Group,village,80.63412,6.82803,15.0,262.2,-1.8,ground level,3.574,,
Hidellana Kanda,village,80.39937,6.71765,15.0,47.5,98.4,<=100 m (33 storeys),,,
Kuruwita,town,80.3669,6.7761,15.1,75.9,-2.8,ground level,8.086,30 Apr,12 Aug
Minna State,village,80.63338,6.78155,15.1,281.8,237.4,never,,,
Akkara 100,village,80.39492,6.7215,15.1,50.0,111.9,<=150 m (50 storeys),,,
Waleboda,village,80.61333,6.73243,15.2,304.1,851.7,never,,,
Rozella,village,80.55951,6.93324,15.2,205.9,10.3,<=30 m (10 storeys),,,
Bathboard Upper Division,village,80.62662,6.86104,15.2,247.9,4.2,<=10 m (3 storeys),,,
Battalagalla Upper Division,village,80.62614,6.86418,15.3,246.6,-3.4,ground level,3.255,,
Hettikanda,village,80.53924,6.67534,15.5,343.5,7.7,<=10 m (3 storeys),,,
Kalaweldeniya,village,80.49531,6.94926,15.5,178.3,426.6,never,,,
Baranduwa,village,80.49906,6.66873,15.6,0.2,46.4,<=60 m (20 storeys),,,
Watawala,town,80.53935,6.94475,15.6,196.5,53.5,<=60 m (20 storeys),,,
Panukerepitiya,village,80.38514,6.72646,15.6,54.1,-9.2,ground level,7.81,,
Keeragala,village,80.35687,6.79635,15.8,84.8,194.7,never,,,
Ruwanpura,village,80.57987,6.92788,15.8,214.2,-6.7,ground level,2.95,,
Goluwawila,village,80.3934,6.71378,15.8,48.0,112.9,<=150 m (50 storeys),,,
Fordyce,village,80.6348,6.85947,16.0,249.7,3.2,<=10 m (3 storeys),,,
Dehigastenna,village,80.51167,6.95587,16.2,184.8,13.9,<=30 m (10 storeys),,,
Crystlers Farm,village,80.60564,6.91009,16.2,226.5,104.9,<=150 m (50 storeys),,,
Carolina State,village,80.53028,6.95276,16.2,192.2,148.8,<=150 m (50 storeys),,,
Weralupe,village,80.40936,6.6934,16.2,37.9,149.6,<=150 m (50 storeys),,,
Lellopitiya,village,80.4826,6.66313,16.3,6.6,18.3,<=30 m (10 storeys),,,
Hidellana,village,80.3849,6.7156,16.4,50.7,2.3,<=10 m (3 storeys),,,
Hapugoda,village,80.47005,6.95457,16.4,168.6,233.8,never,,,
Agar's Land,village,80.60064,6.70105,16.4,317.0,122.4,<=150 m (50 storeys),,,
Palm Garden,village,80.389,6.71067,16.4,48.2,18.9,<=30 m (10 storeys),,,
Amithagoda,village,80.37697,6.72487,16.5,55.4,-6.7,ground level,7.433,,
Welimaluwa,village,80.46615,6.66384,16.5,12.9,-0.3,ground level,7.096,,
Annfield,village,80.63581,6.87364,16.7,244.8,18.6,<=30 m (10 storeys),,,
Kahengama,village,80.36519,6.74001,16.7,62.7,-3.9,ground level,7.313,,
Kospelawinna,village,80.39326,6.69922,16.9,44.0,2.3,<=10 m (3 storeys),,,
Pathulpana,village,80.45529,6.66341,16.9,16.9,23.5,<=30 m (10 storeys),,,
Ratnapura New Town,village,80.3809,6.71045,17.1,50.2,18.4,<=30 m (10 storeys),,,
Batugedara,village,80.41472,6.67953,17.1,33.1,-1.9,ground level,7.132,,
Nakkawita,village,80.37888,6.90639,17.1,128.9,21.5,<=30 m (10 storeys),,,
Pallebage,village,80.4567,6.95861,17.2,164.1,285.5,never,,,
Galukagama,village,80.36828,6.72365,17.3,56.8,-3.1,ground level,7.063,,
Pelwadiya,village,80.4424,6.66347,17.3,21.4,87.7,<=100 m (33 storeys),,,
Ketandola,village,80.43622,6.66437,17.5,23.6,223.3,never,,,
Tiruwanaketiya,village,80.43177,6.66536,17.6,25.2,254.6,never,,,
Kotagala,town,80.60906,6.92527,17.6,223.4,27.2,<=30 m (10 storeys),,,
Haidri,village,80.5509,6.9615,17.7,198.7,48.3,<=60 m (20 storeys),,,
Miyanawita,village,80.35911,6.88574,17.7,118.6,65.4,<=100 m (33 storeys),,,
Basnagala,village,80.40444,6.93959,17.8,143.9,-1.4,ground level,5.834,,
Ratnapura,city,80.4023,6.68037,17.9,37.0,-1.7,ground level,6.85,,
Karapincha,village,80.35195,6.74184,17.9,65.4,0.7,ground level,6.792,,
Sanchimale,village,80.66166,6.83329,18.1,261.7,6.5,<=10 m (3 storeys),,,
Ketaliyanpalla,village,80.37461,6.70309,18.1,49.6,-6.1,ground level,6.748,,
Diddeniya,village,80.33659,6.83166,18.2,97.8,-1.9,ground level,6.122,02 Mar,11 Oct
Sannasgama,village,80.50009,6.64438,18.3,359.8,-3.7,ground level,6.411,,
Dewalegama,village,80.38144,6.69262,18.4,45.3,16.1,<=30 m (10 storeys),,,
Eriyadeniya,village,80.46127,6.97189,18.5,166.8,177.3,never,,,
Mudduwa,village,80.40029,6.67437,18.5,36.3,-2.3,ground level,6.6,,
Pussella,village,80.33096,6.80774,18.6,89.5,78.2,<=100 m (33 storeys),,23 Mar,19 Sep
Bogodaaramba,village,80.50477,6.64148,18.6,358.2,-5.5,ground level,6.298,,
Queenwood,village,80.64358,6.897,18.6,238.7,119.1,<=150 m (50 storeys),,,
Pathegama,village,80.34054,6.75478,18.6,71.1,2.7,<=10 m (3 storeys),,18 May,25 Jul
Imbulpitiya,village,80.34024,6.86266,18.6,108.5,137.4,<=150 m (50 storeys),,30 Jan,11 Nov
Muwagama,village,80.38759,6.68133,18.8,41.2,-2.9,ground level,6.429,,
,village,80.44327,6.64801,18.9,19.2,51.0,<=60 m (20 storeys),,,
Kahangama,village,80.36555,6.70224,19.0,51.3,-2.8,ground level,6.465,,
Polpitiya,village,80.45065,6.97647,19.2,163.8,107.9,<=150 m (50 storeys),,,
Samagipura,village,80.38901,6.67408,19.3,39.2,-10.7,ground level,6.006,,
Kuttapitiya,village,80.56976,6.64708,19.6,336.6,223.3,never,,,
Gurubewila,village,80.64869,6.71328,19.6,302.8,795.4,never,,,
Ganegama,village,80.52285,6.6333,19.6,352.5,-6.4,ground level,5.926,,
Hemmingford,village,80.32557,6.84728,19.7,102.3,34.7,<=60 m (20 storeys),,18 Feb,23 Oct
Bogawantalawa,town,80.6781,6.79624,19.8,274.3,138.9,<=150 m (50 storeys),,,
Samanala Waththa,village,80.62088,6.67728,19.8,317.5,67.8,<=100 m (33 storeys),,,
Ginigathhena,town,80.49418,6.98909,19.9,178.4,-4.9,ground level,4.307,,
Pahalakalugala,village,80.45429,6.98363,19.9,165.5,146.4,<=150 m (50 storeys),,,
Kithulpe,village,80.33826,6.73025,19.9,63.9,25.0,<=30 m (10 storeys),,,
Digowwa,village,80.33443,6.88434,20.0,114.5,83.0,<=100 m (33 storeys),,,
Rassagala,village,80.63859,6.69281,20.1,310.0,485.8,never,,,
Udapola,village,80.34103,6.90608,20.5,121.4,7.4,<=10 m (3 storeys),,,
Dimbula State,village,80.60927,6.95866,20.5,216.4,57.0,<=60 m (20 storeys),,,
Torrington State,village,80.67847,6.85707,20.5,255.1,440.7,never,,,
Theppanawa,village,80.31814,6.77205,20.5,78.4,1.6,ground level,5.962,22 Apr,20 Aug
Parakaduwa,village,80.3141,6.82557,20.6,95.0,37.8,<=60 m (20 storeys),,09 Mar,03 Oct
Rilhena,village,80.52841,6.62573,20.6,351.1,-8.8,ground level,5.523,,
Bogawantalawa South,village,80.68375,6.7796,20.6,279.2,168.3,never,,,
Kotamulla,village,80.38242,6.66449,20.6,38.9,25.3,<=30 m (10 storeys),,,
Karangoda,village,80.36468,6.68016,20.6,46.2,-4.4,ground level,5.905,,
Pannila,village,80.32212,6.86803,20.6,108.3,-5.9,ground level,5.371,30 Jan,11 Nov
Dimbula,village,80.62819,6.94916,21.0,222.7,33.3,<=60 m (20 storeys),,,
Erabadda,village,80.48165,6.62039,21.0,5.4,389.2,never,,,
Pathberiya,village,80.31206,6.84011,21.0,99.3,25.0,<=30 m (10 storeys),,26 Feb,15 Oct
Pelmadulla,town,80.54315,6.62343,21.1,346.8,-0.8,ground level,5.488,,
Troup State,village,80.65148,6.92535,21.1,232.7,133.9,<=150 m (50 storeys),,,
Ranahinkanda,village,80.33794,6.91358,21.2,122.9,-3.0,ground level,5.574,,
Pudukatuwa Town,village,80.67455,6.73074,21.2,294.2,871.0,never,,,
Dambuluwana,village,80.33539,6.71087,21.2,59.0,-8.6,ground level,5.745,,
Kehelwala,village,80.35806,6.93985,21.3,132.7,-0.1,ground level,4.928,,
Dela,village,80.454,6.62159,21.4,13.6,297.3,never,,,
Pathana,village,80.60795,6.96947,21.4,214.1,87.5,<=100 m (33 storeys),,,
Godagampola,village,80.31702,6.88156,21.7,111.6,27.9,<=30 m (10 storeys),,17 Jan,25 Nov
Deraniyagala,town,80.33851,6.92727,22.0,126.3,-2.6,ground level,5.368,,
Gorakela,village,80.31702,6.73092,22.0,66.7,-3.8,ground level,5.523,,
Dekinda,village,80.51769,7.00794,22.0,185.3,169.9,never,,,
Pallebage,village,80.39533,6.9791,22.0,148.5,95.7,<=100 m (33 storeys),,,
Devon,village,80.64435,6.94683,22.1,226.5,81.8,<=100 m (33 storeys),,,
Banawaththa,village,80.67226,6.70872,22.1,300.3,851.1,never,,,
Thennekubura,village,80.67375,6.71239,22.1,299.1,1024.8,never,,,
Hangamuwa,village,80.39024,6.64067,22.2,32.9,-0.1,ground level,5.454,,
Pinnawala Town,town,80.67821,6.71798,22.2,297.1,1237.7,never,,,
Samangama,village,80.34547,6.67953,22.3,49.9,-9.3,ground level,5.361,,
Minuwanarawa,village,80.67393,6.70736,22.3,300.4,835.2,never,,,
Bodhimaluwa,village,80.29749,6.82015,22.4,93.1,-1.9,ground level,5.423,14 Mar,29 Sep
Elapatha,village,80.36772,6.65606,22.4,40.7,-0.5,ground level,5.394,,
Ambalanpitiya,village,80.30426,6.86464,22.4,105.8,19.4,<=30 m (10 storeys),,08 Feb,02 Nov
Arawa,village,80.68195,6.72215,22.4,295.6,1044.3,never,,,
Pallehawaththa,village,80.67453,6.70598,22.5,300.6,808.6,never,,,
Ambanawela,village,80.3308,6.92472,22.6,124.4,-12.4,ground level,5.075,,
Marathenna,village,80.69256,6.74099,22.6,289.5,795.7,never,,,
Campion Estate,village,80.70272,6.78157,22.7,277.8,154.6,never,,,
Westhall,village,80.57156,7.00169,22.7,200.6,78.2,<=100 m (33 storeys),,,
Metihakwala,village,80.60236,6.63153,22.7,330.0,503.8,never,,,
Nagasena,village,80.67993,6.90871,22.8,241.2,495.5,never,,,
Holbrook,village,80.69217,6.88299,22.8,249.1,254.6,never,,,
Thunandahena,village,80.30704,6.73615,22.8,69.2,4.4,<=10 m (3 storeys),,26 May,17 Jul
Talawakele,town,80.66147,6.93808,22.9,231.6,210.8,never,,,
Meddekanda,village,80.66106,6.67899,23.0,308.9,605.2,never,,,
Magurugoda,village,80.39962,6.62739,23.0,28.8,43.9,<=60 m (20 storeys),,,
Kithulgala,town,80.40849,6.99787,23.1,154.3,193.1,never,,,
Ambagamuwa,village,80.49303,7.01886,23.2,178.3,-4.3,ground level,3.833,,
Kiribathgala,village,80.51751,6.59847,23.4,355.1,534.2,never,,,
Gangulwitiya,village,80.38186,6.63393,23.4,33.9,10.1,<=30 m (10 storeys),,,
Kanathiriyanwala,village,80.68525,6.70618,23.5,299.1,1110.9,never,,,
Morathota,village,80.57916,6.61273,23.5,338.0,194.9,never,,,
Agarapathana,town,80.70555,6.86413,23.6,255.2,423.2,never,,,
Inguru Oya,village,80.54513,7.01818,23.6,192.4,215.0,never,,,
Balanthota,village,80.50001,7.02401,23.7,180.2,5.5,<=10 m (3 storeys),,,
Pambagama,village,80.30155,6.89139,23.7,112.5,-11.1,ground level,4.462,11 Jan,30 Nov
Kehelowitigama,village,80.32307,6.68378,23.9,54.6,76.5,<=100 m (33 storeys),,,
Nivithigala,town,80.45779,6.59591,24.1,11.1,149.0,<=150 m (50 storeys),,,
Massenna,village,80.65871,6.6608,24.1,313.1,124.1,<=150 m (50 storeys),,,
Palawela,village,80.3536,6.64578,24.2,41.7,16.1,<=30 m (10 storeys),,,
Panawenna,village,80.55796,6.59896,24.2,344.5,-2.0,ground level,4.727,,
Hunuwala,village,80.59293,6.6111,24.2,334.8,441.7,never,,,
Watagoda,village,80.65029,6.97058,24.4,223.1,66.3,<=100 m (33 storeys),,,
Watapotha,village,80.5023,6.58775,24.5,359.3,465.7,never,,,
Lindula,town,80.68703,6.92717,24.5,237.9,182.0,never,,,
Yakdehiwaththa,village,80.43841,6.5968,24.5,16.0,30.2,<=60 m (20 storeys),,,
Bopaththalawa,village,80.71935,6.84547,24.6,260.7,336.3,never,,,
Uyangoda,village,80.29151,6.72687,24.7,68.4,-0.8,ground level,4.913,31 May,12 Jul
Palmerston,village,80.67648,6.94686,24.8,232.2,69.7,<=100 m (33 storeys),,,
Beramana,village,80.62705,6.99404,24.8,214.7,274.8,never,,,
Niri-Ella,village,80.36103,6.63325,24.8,38.2,-2.0,ground level,4.814,,
Madagammana,village,80.28826,6.88489,24.8,109.7,189.5,never,,,
Ilukthanna,village,80.32496,6.95392,25.0,129.7,22.8,<=30 m (10 storeys),,,
Hinguralakanda,village,80.30021,6.91642,25.0,118.3,55.6,<=60 m (20 storeys),,,
Atawakwela,village,80.70184,6.70876,25.0,296.5,1065.8,never,,,
Pahala Rambukpitiya,village,80.50187,7.03622,25.1,180.6,-5.1,ground level,3.474,,
Wathupitiya,village,80.42988,6.59305,25.1,17.9,38.4,<=60 m (20 storeys),,,
Ketabulawa,village,80.59461,7.01507,25.1,204.8,534.6,never,,,
Ellekanda,village,80.64899,6.63466,25.4,319.5,887.1,never,,,
Kurugammodara,village,80.28391,6.73048,25.4,69.9,94.6,<=100 m (33 storeys),,22 May,21 Jul
Waltrim,village,80.7049,6.9123,25.4,243.4,386.9,never,,,
Boralankada,village,80.33558,6.97018,25.4,134.5,24.7,<=30 m (10 storeys),,,
Bulathgama,village,80.68313,6.67138,25.4,307.0,650.8,never,,,
Morahela,village,80.69483,6.68722,25.5,302.1,733.6,never,,,
Hunuwala,village,80.60889,6.6064,25.5,331.7,222.9,never,,,
Galathura,village,80.29049,6.70973,25.6,64.5,6.8,<=10 m (3 storeys),,,
Theligama,village,80.36567,6.99932,25.7,144.9,560.1,never,,,
Asgangula,village,80.27134,6.85303,25.7,100.9,109.0,<=150 m (50 storeys),,22 Feb,19 Oct
Halkandaliya,village,80.45601,6.58002,25.8,10.8,22.7,<=30 m (10 storeys),,,
Idangoda,village,80.27857,6.73134,25.9,70.6,56.9,<=60 m (20 storeys),,19 May,24 Jul
Denagama,village,80.71381,6.71522,25.9,293.8,931.3,never,,,
Weligampola,village,80.52159,7.04265,25.9,185.5,101.9,<=150 m (50 storeys),,,
Digana,village,80.37773,6.60983,25.9,31.4,39.2,<=60 m (20 storeys),,,
Bawwagama,village,80.53119,7.04252,26.0,187.8,78.8,<=100 m (33 storeys),,,
Opanayake,town,80.62292,6.60853,26.1,328.5,540.4,never,,,
Karawita,town,80.41614,6.58857,26.1,20.7,-7.3,ground level,4.398,,
Kiriella,town,80.27308,6.73796,26.2,72.5,-2.2,ground level,4.625,10 May,01 Aug
Kahawatta,town,80.57327,6.58318,26.3,342.0,56.4,<=60 m (20 storeys),,,
Wegapitiya,village,80.69973,6.68028,26.3,302.8,668.7,never,,,
Dangampola,village,80.29741,6.93764,26.4,122.5,22.7,<=30 m (10 storeys),,,
Nelliwala,village,80.71237,6.70087,26.4,297.0,1172.4,never,,,
Gurupaswala,village,80.63412,6.61256,26.4,325.7,863.7,never,,,
Maria Bazaar,village,80.72146,6.89658,26.4,248.6,156.2,never,,,
Panawala,village,80.27363,6.89016,26.5,109.7,62.3,<=100 m (33 storeys),,24 Jan,17 Nov
Uda yogama,village,80.28879,6.92375,26.5,118.5,-2.3,ground level,4.326,,
Udawela,village,80.70872,6.69191,26.5,299.3,920.9,never,,,
Colambagama,village,80.48433,6.5707,26.5,3.7,137.2,<=150 m (50 storeys),,,
Withanagama,village,80.31171,6.66027,26.5,51.6,293.9,never,,,
Kambiadiya,village,80.27569,6.89905,26.6,111.9,64.3,<=100 m (33 storeys),,15 Jan,26 Nov
Dandeniya,village,80.61679,6.59989,26.6,330.8,253.8,never,,,
Eheliyagoda,town,80.26254,6.85313,26.6,100.5,28.3,<=30 m (10 storeys),,23 Feb,18 Oct
Madola,village,80.64685,6.61916,26.6,322.3,1062.8,never,,,
Mahakanda,village,80.31312,6.96263,26.7,129.5,-10.7,ground level,4.162,,
Wijayabahukanda,village,80.63256,7.01086,26.7,213.5,528.0,never,,,
Sinhalagoda,village,80.29246,6.6834,26.8,58.7,244.9,never,,,
Greenwood,village,80.55335,7.04581,26.8,192.9,206.1,never,,,
Udawela,village,80.63872,6.61027,26.9,325.1,898.4,never,,,
Horaketiya,village,80.66149,6.62706,27.0,318.4,1107.5,never,,,
Manandola,village,80.5268,6.56609,27.1,353.6,244.2,never,,,
Passaramulla,village,80.72571,6.71617,27.1,292.4,935.6,never,,,
Batangala,village,80.27504,6.9132,27.3,114.9,185.3,never,,,
Ihalagalagama,village,80.73634,6.73948,27.3,286.5,820.1,never,,,
Bulugahapitiya,village,80.2546,6.84632,27.4,98.6,-3.3,ground level,4.4,28 Feb,13 Oct
Nawalapitiya,town,80.53501,7.05589,27.5,188.2,1.0,ground level,3.223,,
Naluwala,village,80.71225,6.68071,27.5,301.2,577.9,never,,,
Ihala Karawita,village,80.42932,6.57098,27.5,16.4,145.7,<=150 m (50 storeys),,,
Madabaddara,village,80.27174,6.70875,27.5,66.2,59.5,<=60 m (20 storeys),,,
,village,80.6086,7.03253,27.5,206.1,214.3,never,,,
Maldeniya,village,80.28381,6.93492,27.6,120.3,61.8,<=100 m (33 storeys),,,
Kirimetiya,village,80.72639,6.9168,27.7,244.7,309.9,never,,,
Nawathispane,village,80.60203,7.03764,27.7,204.2,301.4,never,,,
Fernlands State,village,80.65649,7.00551,27.8,218.7,165.1,never,,,
Dayagama,village,80.74777,6.85612,27.9,259.4,351.3,never,,,
Doloswalakanda,village,80.46427,6.55988,27.9,8.1,-4.2,ground level,3.779,,
Yainna,village,80.57581,6.56807,28.0,342.5,6.2,<=10 m (3 storeys),,,
Ayagama,town,80.31166,6.63855,28.1,47.7,342.1,never,,,
Nammiminiya Waththa,village,80.25805,6.72899,28.1,71.6,39.5,<=60 m (20 storeys),,14 May,29 Jul
Gonagamuwa,village,80.36612,7.02677,28.2,148.5,-10.0,ground level,3.429,,
Rangegama,village,80.26066,6.89933,28.2,110.7,-0.3,ground level,4.245,21 Jan,21 Nov
Nedurana,village,80.24445,6.81931,28.2,92.3,34.5,<=60 m (20 storeys),,16 Mar,27 Sep
Balangoda,town,80.69857,6.65014,28.2,308.7,583.4,never,,,
Amuwathugoda,village,80.7308,6.70009,28.3,295.3,1102.0,never,,,
Hapugastalawa,village,80.57271,7.05565,28.4,196.6,56.2,<=60 m (20 storeys),,,
Yogama,village,80.2729,6.93019,28.4,118.1,125.9,<=150 m (50 storeys),,,
Pahala Yogama,village,80.26673,6.91898,28.4,115.3,13.0,<=30 m (10 storeys),,,
Radella,village,80.72314,6.93812,28.5,240.1,62.4,<=100 m (33 storeys),,,
Ellepola,village,80.68598,6.63177,28.5,313.6,424.6,never,,,
Rathmalvinna,village,80.72126,6.67413,28.7,301.4,567.3,never,,,
Harangala,village,80.59038,7.05223,28.7,200.5,128.5,<=150 m (50 storeys),,,
Gawarahena,village,80.67079,6.61394,28.7,318.8,673.8,never,,,
Paleegala,village,80.23922,6.83815,28.9,96.3,11.3,<=30 m (10 storeys),,05 Mar,08 Oct
Olugantota,village,80.71371,6.6578,29.0,305.3,553.3,never,,,
Paragala,village,80.34232,6.5989,29.0,36.8,500.8,never,,,
Batangala,village,80.25632,6.91061,29.1,112.7,-10.9,ground level,3.984,10 Jan,02 Dec
Epitawala,village,80.24485,6.74159,29.1,75.1,36.1,<=60 m (20 storeys),,01 May,11 Aug
Gorokoya,village,80.55342,7.06658,29.1,191.9,64.5,<=100 m (33 storeys),,,
Nawatha,village,80.32051,7.00395,29.2,137.5,140.4,<=150 m (50 storeys),,,
Pundaluoya,town,80.66679,7.01378,29.2,219.3,381.4,never,,,
Epitawala,village,80.24258,6.74301,29.3,75.5,20.7,<=30 m (10 storeys),,30 Apr,12 Aug
Elgin,village,80.75149,6.8919,29.3,251.9,244.5,never,,,
Glasel Estate,village,80.26315,6.93085,29.4,117.3,56.9,<=60 m (20 storeys),,,
Algoda,village,80.27448,6.95305,29.5,122.6,16.7,<=30 m (10 storeys),,,
Kahanavita,village,80.28334,6.96672,29.5,126.1,51.9,<=60 m (20 storeys),,,
Rogersangama,village,80.63199,7.04149,29.5,209.7,365.4,never,,,
Amupitiya,village,80.73322,6.68069,29.5,298.9,994.6,never,,,
Warakawa,village,80.54062,7.07423,29.6,188.9,-4.5,ground level,3.008,,
Sea Fourth,village,80.42935,7.06776,29.6,164.9,157.3,never,,,
Welange,village,80.68863,6.6205,29.6,315.0,178.7,never,,,
Nugawela,village,80.58413,7.06484,29.8,198.4,335.3,never,,,
Pimbura,village,80.35456,6.58172,29.8,32.5,489.3,never,,,
Muruththettuwa,village,80.26811,6.95092,30.0,121.5,21.8,<=30 m (10 storeys),,,
Kumbaloluwa,village,80.65762,7.03072,30.1,215.6,99.7,<=100 m (33 storeys),,,
Pebotuwa,village,80.45194,6.5408,30.2,10.1,145.7,<=150 m (50 storeys),,,
Dolosbage,town,80.4701,7.08173,30.3,173.9,266.9,never,,,
Iddamalgoda,village,80.22747,6.85315,30.4,99.2,97.0,<=100 m (33 storeys),,26 Feb,15 Oct
Perakumpura,village,80.75213,6.91797,30.4,246.8,-5.8,ground level,0.87,,
Paragala,village,80.50349,7.085,30.5,180.9,526.4,never,,,
Ihala Maniyamgama,village,80.25161,6.93367,30.6,116.7,145.4,<=150 m (50 storeys),,,
Meennana,village,80.23518,6.89055,30.6,107.1,0.8,ground level,3.924,03 Feb,07 Nov
Dunsinane,village,80.69771,7.00313,30.6,225.7,522.7,never,,,
Nanu Oya,town,80.74421,6.94098,30.7,241.8,33.9,<=60 m (20 storeys),,,
Welanhinna,village,80.73916,6.66842,30.7,300.5,495.7,never,,,
Aluthnuwara,village,80.74746,6.6848,30.7,296.7,1085.8,never,,,
Bandarahena,village,80.22663,6.86608,30.8,101.8,82.3,<=100 m (33 storeys),,19 Feb,22 Oct
Pallegama,village,80.55006,7.08317,30.8,190.5,-7.9,ground level,2.807,,
Seelagama,village,80.75761,6.70329,30.9,292.4,1093.3,never,,,
Kalapitiya,village,80.64835,7.04743,31.0,212.0,378.4,never,,,
Endana,village,80.53367,6.53158,31.0,353.0,138.7,<=150 m (50 storeys),,,
Aliwatte,village,80.3061,7.01261,31.0,136.5,49.0,<=60 m (20 storeys),,,
Dehiowita,town,80.26592,6.96656,31.1,124.0,31.8,<=60 m (20 storeys),,,
Kadadora,village,80.6149,7.06612,31.1,204.2,600.3,never,,,
Gawaragiriya,village,80.26644,6.64853,31.3,55.4,157.7,never,,,
Pelempitiya,village,80.4305,7.08393,31.3,165.9,-13.6,ground level,2.397,,
Poonugala,village,80.3642,7.05954,31.4,151.7,491.9,never,,,
Napawala,village,80.21649,6.83697,31.4,95.6,12.1,<=30 m (10 storeys),,07 Mar,06 Oct
Huluddawa,village,80.21959,6.86721,31.6,101.7,69.6,<=100 m (33 storeys),,19 Feb,22 Oct
Kirimetitenna,village,80.72349,6.63198,31.6,308.4,507.9,never,,,
Illuk-Kumbura,village,80.6847,6.59127,31.6,319.7,649.9,never,,,
Belihuloya,village,80.77195,6.7198,31.7,288.2,1285.5,never,,,
Batamandiya,village,80.36493,6.55479,31.8,27.9,99.6,<=100 m (33 storeys),,,
Getahetta,village,80.22814,6.90666,31.9,109.8,67.9,<=100 m (33 storeys),,24 Jan,17 Nov
Maniyamgama,village,80.24072,6.93797,31.9,116.5,131.2,<=150 m (50 storeys),,,
Mawathura,village,80.57368,7.08829,31.9,194.9,146.7,<=150 m (50 storeys),,,
Niyamgamdora,village,80.6642,7.04778,32.0,214.7,289.2,never,,,
Mawela,village,80.71453,6.61474,32.1,312.2,-1.0,ground level,2.692,,
Iriyagolla,village,80.26416,6.97897,32.1,125.8,97.1,<=100 m (33 storeys),,,
Madampe,town,80.59314,6.53394,32.2,341.2,20.7,<=30 m (10 storeys),,,
Delwala,village,80.49671,6.51871,32.2,0.6,315.8,never,,,
Galkanda,village,80.6453,6.55669,32.3,330.0,-8.4,ground level,3.128,,
Thimbiripola,village,80.25128,6.96533,32.4,122.2,98.1,<=100 m (33 storeys),,,
Vikumsihagama,village,80.21886,6.89469,32.4,107.0,-5.1,ground level,3.608,03 Feb,07 Nov
Kalatuwawa East,village,80.21011,6.8626,32.5,100.5,-3.4,ground level,3.341,22 Feb,19 Oct
Uduwella,village,80.50017,7.10357,32.5,180.2,600.7,never,,,
Nonpareil Estate,village,80.79098,6.76132,32.7,279.4,805.4,never,,,
Pitadeniya,village,80.24836,6.96598,32.7,122.0,38.5,<=60 m (20 storeys),,,
Kalawana,town,80.39648,6.53109,32.8,20.3,154.6,never,,,
Parusella,village,80.31391,7.04144,32.8,141.4,297.7,never,,,
Divurumpitiya,village,80.22159,6.91915,33.0,111.6,37.2,<=60 m (20 storeys),,15 Jan,26 Nov
Meepagama,village,80.36535,6.54262,33.0,26.7,38.8,<=60 m (20 storeys),,,
Atulugama,village,80.26331,6.99193,33.0,127.8,99.0,<=100 m (33 storeys),,,
Mawela,village,80.64244,7.07206,33.1,208.6,537.5,never,,,
Yatiyantota,town,80.29503,7.02896,33.2,137.1,129.3,<=150 m (50 storeys),,,
Pambahinna,village,80.78575,6.71971,33.2,287.4,1132.7,never,,,
Pallepitiya South,village,80.54111,7.10691,33.2,188.0,4.3,<=10 m (3 storeys),,,
Malalpola,village,80.33459,7.06171,33.3,146.9,192.8,never,,,
Nikagoda,village,80.36419,6.54045,33.3,26.7,15.7,<=30 m (10 storeys),,,
Galketiya,village,80.37014,6.53792,33.3,25.5,77.2,<=100 m (33 storeys),,,
Doragala,village,80.61338,7.08783,33.3,202.3,98.2,<=100 m (33 storeys),,,
,village,80.23643,6.9561,33.3,119.2,208.6,never,,,
Ulapane,village,80.5639,7.10559,33.5,192.3,37.0,<=60 m (20 storeys),,,
Hiramadagama,village,80.61606,6.52965,33.5,337.4,22.7,<=30 m (10 storeys),,,
Malgolla,village,80.4772,7.11185,33.5,175.8,134.4,<=150 m (50 storeys),,,
Meepilimana,village,80.77837,6.93157,33.7,246.4,189.0,never,,,
Dedugala,village,80.40101,7.09799,33.7,161.2,574.6,never,,,
Pattithalawa,village,80.471,7.11255,33.7,174.7,181.8,never,,,
Udugalakanda,village,80.2262,6.67344,33.7,63.6,116.8,<=150 m (50 storeys),,,
Puranwaththa,village,80.65131,6.54403,33.8,330.2,-6.4,ground level,2.897,,
Madola,village,80.21713,6.93013,33.9,113.2,3.0,<=10 m (3 storeys),,05 Jan,06 Dec
Labukele,village,80.71949,7.02494,34.0,225.6,386.2,never,,,
Ruwan Eliya,village,80.77754,6.94309,34.1,244.3,199.4,never,,,
Palagolla,village,80.70304,7.04134,34.1,221.3,404.7,never,,,
Toppass,village,80.74885,6.99147,34.1,233.9,177.1,never,,,
Kudaoya,village,80.7331,7.01085,34.1,229.2,273.7,never,,,
Thembiliyana,village,80.23208,6.9657,34.2,120.4,3.9,<=10 m (3 storeys),,,
Magammana,village,80.26245,7.01029,34.3,130.3,34.6,<=60 m (20 storeys),,,
Kukulegama,village,80.35413,6.53426,34.4,27.9,14.7,<=30 m (10 storeys),,,
Ihala Talduwa,village,80.22933,6.96375,34.4,119.8,114.2,<=150 m (50 storeys),,,
Urumeewala,village,80.34883,7.08192,34.4,151.1,311.5,never,,,
Weligepola,suburb,80.70435,6.574,34.5,319.0,746.4,never,,,
Kaluandura,village,80.20526,6.91467,34.5,109.7,31.3,<=60 m (20 storeys),,24 Jan,18 Nov
Welangapola,village,80.65209,6.53728,34.5,330.7,-2.9,ground level,2.872,,
Kotahera,village,80.21461,6.938,34.5,114.4,-1.4,ground level,3.438,,
Daamahana,village,80.73591,6.60467,34.6,310.9,0.0,ground level,2.53,,
Yatipiyangala,village,80.58445,7.11058,34.6,195.8,15.7,<=30 m (10 storeys),,,
Kabulumulla,village,80.27426,7.02633,34.6,134.0,84.6,<=100 m (33 storeys),,,
Nuwara Eliya,city,80.76699,6.97397,34.7,238.4,224.5,never,,,
Talduwa,village,80.22184,6.95855,34.8,118.3,219.4,never,,,
Hewainna,village,80.1968,6.89706,34.8,106.2,40.9,<=60 m (20 storeys),,05 Feb,05 Nov
Kotahera,village,80.21532,6.94543,34.8,115.6,-6.6,ground level,3.39,,
Ammaduwa,village,80.66083,6.53838,34.9,329.3,22.7,<=30 m (10 storeys),,,
Kothmale,town,80.68385,7.06512,34.9,215.8,255.6,never,,,
Demuwaththa,village,80.58271,6.50457,34.9,344.8,89.9,<=100 m (33 storeys),,,
Ranwala,village,80.67376,6.54486,35.0,326.6,281.9,never,,,
Ematiyagoda,village,80.63833,6.5242,35.1,334.1,92.6,<=100 m (33 storeys),,,
Ramboda,village,80.70047,7.05554,35.1,219.2,670.1,never,,,
Debegama,village,80.23381,6.98457,35.2,123.5,99.3,<=100 m (33 storeys),,,
Katukithula,village,80.66717,7.08012,35.2,211.8,215.8,never,,,
Karawanella,town,80.26292,7.02393,35.3,132.3,89.4,<=100 m (33 storeys),,,
Kurunduwatte,town,80.52977,7.12723,35.3,185.5,55.8,<=60 m (20 storeys),,,
Tawalantenna,village,80.68602,7.06834,35.3,215.8,147.6,<=150 m (50 storeys),,,
Avissawella,town,80.21286,6.95212,35.4,116.5,-1.9,ground level,3.362,,
Rabeliya,village,80.21251,6.66704,35.4,63.6,58.8,<=60 m (20 storeys),,,
Weragolla South,village,80.20466,6.9364,35.5,113.4,41.6,<=60 m (20 storeys),,03 Jan,08 Dec
Magasthota,village,80.78722,6.95222,35.5,243.6,119.5,<=150 m (50 storeys),,,
Ambewela,village,80.81382,6.87866,35.6,257.6,120.6,<=150 m (50 storeys),,,
Paradeka,village,80.61028,7.11142,35.6,200.2,208.9,never,,,
Deiyanwala,village,80.47155,7.13014,35.6,175.1,638.7,never,,,
Pannila,village,80.54818,6.49125,35.6,351.3,-7.5,ground level,2.479,,
Deltagemunupura,village,80.64375,7.09876,35.7,206.5,320.0,never,,,
Nambapana,village,80.18373,6.73842,35.8,77.4,119.4,<=150 m (50 storeys),,24 Apr,18 Aug
Wewila,village,80.17591,6.81477,35.8,91.0,101.6,<=150 m (50 storeys),,18 Mar,24 Sep
Egodagama,village,80.1944,6.92305,36.0,110.5,114.6,<=150 m (50 storeys),,21 Jan,21 Nov
Hawaeliya,suburb,80.78434,6.97164,36.2,240.3,207.6,never,,,
Kiriwandala South,village,80.19849,6.9419,36.3,113.8,16.3,<=30 m (10 storeys),,,
Ukwatte,village,80.20468,6.95457,36.3,116.3,33.3,<=60 m (20 storeys),,,
Pussellawa,town,80.63377,7.11015,36.4,204.1,342.8,never,,,
Labugama,village,80.17419,6.85842,36.4,98.6,27.2,<=30 m (10 storeys),,27 Feb,14 Oct
Ingiriya,town,80.17668,6.74376,36.4,78.5,127.7,<=150 m (50 storeys),,20 Apr,22 Aug
Werahera,village,80.6469,6.51535,36.4,333.4,6.2,<=10 m (3 storeys),,,
Ethgala,village,80.56867,7.1326,36.5,192.1,28.0,<=30 m (10 storeys),,,
Seetha Eliya,village,80.80429,6.93551,36.5,247.5,273.5,never,,,
Rahala,village,80.49558,7.13987,36.5,179.4,760.3,never,,,
Arama,village,80.47714,7.13964,36.6,176.2,661.9,never,,,
Paahiyangala,village,80.21131,6.64614,36.6,60.5,194.6,never,,,
Molkawa,village,80.23333,6.61106,36.7,53.3,134.3,<=150 m (50 storeys),,,
Wahugapitiya,village,80.62411,7.11691,36.7,202.1,170.8,never,,,
Puwakpitiya,town,80.19416,6.94083,36.7,113.4,34.6,<=60 m (20 storeys),,03 Jan,08 Dec
Amaragedara,village,80.19247,6.68417,36.7,67.8,115.0,<=150 m (50 storeys),,03 Jun,09 Jul
West Haputale,village,80.83094,6.78207,36.8,274.7,635.2,never,,,
Mahawalathenna,village,80.74812,6.58737,36.9,311.8,51.2,<=60 m (20 storeys),,,
Horawala,village,80.46742,7.14187,36.9,174.5,660.1,never,,,
Pattipola,village,80.83054,6.85738,37.0,261.8,315.4,never,,,
Galpaya,village,80.53693,7.14187,37.0,186.5,128.1,<=150 m (50 storeys),,,
Gurugalla,village,80.21752,6.99149,37.1,122.9,72.5,<=100 m (33 storeys),,,
Thummodara,village,80.16796,6.86271,37.1,99.2,118.7,<=150 m (50 storeys),,26 Feb,15 Oct
Puwakpitiya,village,80.188,6.93351,37.1,111.8,119.8,<=150 m (50 storeys),,14 Jan,27 Nov
Boralanda,village,80.79372,6.97092,37.1,241.2,75.9,<=100 m (33 storeys),,,
Ampagala,village,80.2959,7.07621,37.1,142.7,137.3,<=150 m (50 storeys),,,
Punehela,village,80.3111,7.08719,37.1,145.9,138.3,<=150 m (50 storeys),,,
Kumbalgama,village,80.81163,6.68683,37.1,291.5,1197.7,never,,,
Delpitiya,village,80.58848,7.13348,37.2,195.4,54.3,<=60 m (20 storeys),,,
Ganthuna,village,80.40084,7.13155,37.2,163.0,623.6,never,,,
Newshmir,village,80.35928,7.11538,37.2,155.4,425.3,never,,,
Weralugahamula,village,80.6017,6.48939,37.2,342.3,11.4,<=30 m (10 storeys),,,
Jayamalapura,village,80.56921,7.13948,37.3,192.0,43.3,<=60 m (20 storeys),,,
Selawa,village,80.50318,7.14714,37.3,180.7,1045.9,never,,,
Bulathkohupitiya,town,80.33575,7.10495,37.4,151.1,229.6,never,,,
Yak Ella,village,80.32288,7.09803,37.4,148.6,380.6,never,,,
Hakurugammana,village,80.47927,7.14767,37.5,176.6,674.1,never,,,
Atabage,village,80.59787,7.13502,37.6,196.8,183.2,never,,,
Godakawela,town,80.65103,6.50461,37.6,333.6,28.6,<=30 m (10 storeys),,,
Kosgama,village,80.82409,6.70681,37.6,287.6,1323.2,never,,,
Whydon State,village,80.67789,7.09848,37.6,211.7,79.7,<=100 m (33 storeys),,,
Ruwanwella,town,80.25378,7.04586,37.7,134.0,37.5,<=60 m (20 storeys),,,
Aranayaka,suburb,80.46467,7.14899,37.7,174.2,712.0,never,,,
Wegalla,village,80.30435,7.08953,37.7,145.2,114.9,<=150 m (50 storeys),,,
Galketiya,village,80.20392,6.63999,37.7,60.2,102.0,<=150 m (50 storeys),,,
Marangahawela,village,80.83547,6.74733,37.8,280.5,1110.9,never,,,
Masimbula,village,80.6371,6.49618,37.8,336.3,5.4,<=10 m (3 storeys),,,
Randiligama,village,80.48846,7.15193,37.9,178.2,897.7,never,,,
Imbulamula,village,80.76757,6.59488,38.0,308.7,279.5,never,,,
Weddewala,village,80.22306,7.01373,38.0,126.5,57.9,<=60 m (20 storeys),,,
Uggoda,village,80.46333,7.15331,38.2,174.0,698.5,never,,,
Gonaramba,village,80.27369,7.0714,38.2,139.3,10.2,<=30 m (10 storeys),,,
Hakgala,village,80.82626,6.92375,38.3,250.7,519.8,never,,,
Anguruwella,village,80.25987,7.06018,38.3,136.4,147.5,<=150 m (50 storeys),,,
Ohiya,village,80.84657,6.81968,38.4,268.3,449.8,never,,,
Mariyawatte,village,80.56631,7.15055,38.4,191.1,67.9,<=100 m (33 storeys),,,
Galpalama,village,80.80434,6.97722,38.5,241.2,50.4,<=60 m (20 storeys),,,
Pelenda,village,80.25514,6.56184,38.5,44.7,105.4,<=150 m (50 storeys),,,
Tellake,village,80.48088,7.15796,38.6,177.0,723.0,never,,,
Kannattota,village,80.27691,7.07965,38.7,140.6,13.6,<=30 m (10 storeys),,,
Manana,village,80.15651,6.74026,38.7,78.6,25.7,<=30 m (10 storeys),,20 Apr,22 Aug
Mediliya,village,80.49394,7.16052,38.8,179.1,898.3,never,,,
Wagolla,village,80.31461,7.10771,38.8,148.3,135.7,<=150 m (50 storeys),,,
Athura,village,80.18642,6.65104,38.8,63.2,154.6,never,,,
Bogalawaththa,village,80.30365,7.10134,38.9,146.2,4.9,<=10 m (3 storeys),,,
Kalupahana,village,80.84952,6.76604,39.0,277.1,1448.5,never,,,
Rakwana,town,80.61156,6.47501,39.0,341.5,-1.3,ground level,2.419,,
Weddagala,village,80.43107,6.46335,39.0,11.2,398.9,never,,,
Hewanakumbura,village,80.84597,6.87616,39.0,259.1,803.2,never,,,
Dumbuluwawa,village,80.50675,7.16182,39.0,181.2,991.4,never,,,
Angammana,village,80.58387,7.15276,39.1,193.8,12.0,<=30 m (10 storeys),,,
Udagama,village,80.62171,7.14109,39.1,200.2,201.0,never,,,
Boragas,village,80.8415,6.90778,39.3,254.0,472.4,never,,,
Depedene,village,80.55864,6.45887,39.3,350.4,383.4,never,,,
Kannattota,village,80.27166,7.08323,39.4,140.3,8.9,<=10 m (3 storeys),,,
Ambewila,village,80.70891,6.52008,39.5,324.1,447.6,never,,,
Walahagoda,village,80.56968,7.16091,39.6,191.3,37.4,<=60 m (20 storeys),,,
Bulathsinhala,town,80.17802,6.6499,39.7,63.6,171.2,never,,,
Ihala Welgama,village,80.1997,6.6123,39.7,56.7,140.4,<=150 m (50 storeys),,,
Ohiya State,village,80.85797,6.79352,39.7,272.6,581.8,never,,,
Mahara,village,80.57436,7.16171,39.8,192.0,-1.5,ground level,2.293,,
Mahadeniya,village,80.20056,7.01092,39.8,124.1,28.1,<=30 m (10 storeys),,,
Gampola,town,80.57027,7.16365,39.9,191.3,17.3,<=30 m (10 storeys),,,
Pupuressa,village,80.66382,7.13068,39.9,207.1,305.7,never,,,
Ambuwakka,village,80.31379,7.11876,39.9,149.1,34.6,<=60 m (20 storeys),,,
Puspane,village,80.35339,7.13894,39.9,156.2,346.5,never,,,
Duldeniya,village,80.46949,7.16911,39.9,175.3,632.9,never,,,
Egal Oya,suburb,80.16219,6.67945,40.0,69.0,14.1,<=30 m (10 storeys),,26 May,17 Jul
Rajawaka,village,80.79861,6.60595,40.0,304.2,253.5,never,,,
Wadiyathenna,village,80.50869,7.17066,40.0,181.5,916.7,never,,,
Mandaramnuwara,village,80.78285,7.03648,40.1,231.3,1126.2,never,,,
Rathmalkaduwa,village,80.55674,7.16732,40.1,189.1,293.0,never,,,
Hapugaspitiya,village,80.55973,7.16831,40.2,189.6,235.6,never,,,
Kirapane,village,80.46077,7.17082,40.2,173.9,633.7,never,,,
Millagahamula,village,80.61461,7.15436,40.2,198.5,3.0,<=10 m (3 storeys),,,
Hemmathagama,town,80.49986,7.17389,40.3,180.1,848.3,never,,,
Unambuwa,village,80.56336,7.16869,40.3,190.1,99.6,<=100 m (33 storeys),,,
Handagiriya,village,80.78621,6.58486,40.3,308.1,584.7,never,,,
Kotalabedda,village,80.48,7.1735,40.3,177.0,709.8,never,,,
Alawathura,village,80.32795,7.13213,40.4,152.1,388.4,never,,,
Perawella,village,80.8406,6.93993,40.4,249.1,908.3,never,,,
Springwood State,village,80.63106,6.46815,40.4,338.9,11.7,<=30 m (10 storeys),,,
Aruggammana,village,80.30624,7.12035,40.5,148.2,64.6,<=100 m (33 storeys),,,
Pahala Aruggammana,village,80.3177,7.12742,40.5,150.3,-6.6,ground level,2.536,,
Mattamagoda,village,80.2774,7.10106,40.5,142.8,-1.6,ground level,2.883,,
Thundeniya,village,80.60056,7.1616,40.5,196.0,150.2,never,,,
Bope,village,80.13244,6.8324,40.6,93.6,146.4,<=150 m (50 storeys),,12 Mar,01 Oct
Habalakkawa,village,80.48331,7.17805,40.8,177.5,816.1,never,,,
Udugama,village,80.49575,7.17837,40.8,179.5,802.6,never,,,
Debathgama,village,80.42142,7.17235,41.0,167.9,618.4,never,,,
Panwilathenna,village,80.63343,7.15563,41.0,201.2,129.1,<=150 m (50 storeys),,,
Aranayake,town,80.45718,7.17759,41.0,173.5,609.3,never,,,
Wewathenna,village,80.5977,7.16702,41.0,195.4,81.3,<=100 m (33 storeys),,,
Bibilegama,village,80.66018,6.47567,41.0,334.3,-4.2,ground level,2.413,,
Kandapola,village,80.82303,6.99713,41.3,239.9,271.7,never,,,
Bothalapitiya,village,80.57904,7.17501,41.4,192.3,1.1,ground level,2.202,,
Naranwita,village,80.58575,7.1742,41.4,193.3,33.3,<=60 m (20 storeys),,,
Boralugoda,village,80.13114,6.73978,41.4,79.3,15.5,<=30 m (10 storeys),,18 Apr,24 Aug
Legundeniya,village,80.62596,7.1631,41.5,199.7,140.5,<=150 m (50 storeys),,,
Gevilipitiya,village,80.4541,7.18396,41.7,173.1,485.5,never,,,
Kudawa,village,80.42082,6.4404,41.7,12.1,202.6,never,,,
Yatapana,village,80.3162,7.13894,41.7,151.0,9.4,<=10 m (3 storeys),,,
Kotiyakumbura,town,80.28736,7.12394,41.9,146.1,189.7,never,,,
Keppetipola,village,80.86946,6.8949,42.0,257.0,648.3,never,,,
Dodammuluwa,village,80.48469,6.42983,42.0,2.3,432.8,never,,,
Bogahakumbura,town,80.87567,6.86138,42.0,262.1,949.8,never,,,
Pothupitiya,village,80.51141,6.4296,42.0,358.2,344.1,never,,,
Gonagaldeniya,village,80.20869,7.0561,42.1,130.4,23.9,<=30 m (10 storeys),,,
Kahahena,village,80.12843,6.90041,42.2,103.8,10.1,<=30 m (10 storeys),,13 Feb,29 Oct
Vidurupola,village,80.86793,6.90973,42.2,254.8,725.9,never,,,
Salgala,village,80.26128,7.10923,42.3,141.6,-10.6,ground level,2.468,,
Amithirigala,village,80.18602,7.03002,42.4,125.2,93.2,<=100 m (33 storeys),,,
Kalawella,village,80.16051,6.63097,42.4,62.3,15.5,<=30 m (10 storeys),,,
Wangiyakumbura,village,80.88179,6.83798,42.4,265.7,1095.9,never,,,
Alapalawala,village,80.38443,7.17575,42.5,162.6,405.3,never,,,
Haldummulla,town,80.88089,6.76022,42.5,277.4,1212.4,never,,,
Halatuthenna,village,80.88045,6.76061,42.5,277.3,1207.9,never,,,
Kosgama,town,80.13706,6.94063,42.6,110.0,11.1,<=30 m (10 storeys),,23 Jan,19 Nov
Mulgama,village,80.67095,7.15458,42.6,206.4,312.3,never,,,
Poruwadanda,village,80.11958,6.73764,42.7,79.3,-0.9,ground level,2.748,18 Apr,24 Aug
Hinnarandeniya,village,80.58898,7.18551,42.7,193.4,16.5,<=30 m (10 storeys),,,
Mawalgama,village,80.12896,6.91766,42.7,106.3,-3.0,ground level,2.708,05 Feb,05 Nov
Angampitiya,village,80.11503,6.85156,42.7,96.3,1.3,ground level,2.727,05 Mar,08 Oct
Watadeniya,village,80.55188,7.19319,42.8,187.8,385.6,never,,,
Medawela,village,80.86887,6.92633,42.8,252.4,759.9,never,,,
Pallebedda,town,80.70764,6.48188,42.9,327.6,23.1,<=30 m (10 storeys),,,
Kahawala,village,80.11159,6.77538,43.0,85.0,2.1,<=10 m (3 storeys),,02 Apr,09 Sep
Malagala,village,80.10979,6.79191,43.1,87.5,-3.8,ground level,2.693,27 Mar,15 Sep
Morontota,village,80.36233,7.1746,43.1,159.5,484.7,never,,,
Wegiriya,village,80.57446,7.19164,43.1,191.1,9.0,<=10 m (3 storeys),,,
Brandigampala,village,80.12164,6.91,43.2,105.0,34.1,<=60 m (20 storeys),,09 Feb,01 Nov
Kurunegoda,village,80.28981,7.13876,43.2,147.6,158.4,never,,,
Doluwa,village,80.6087,7.18457,43.2,196.3,206.9,never,,,
Weligalla,town,80.59265,7.18971,43.3,193.8,42.8,<=60 m (20 storeys),,,
Polambegoda,village,80.45851,7.19848,43.3,174.0,547.9,never,,,
Thalagahawatta,village,80.65136,6.44852,43.3,337.2,392.1,never,,,
Wagawatta,village,80.11988,6.7087,43.4,75.2,34.8,<=60 m (20 storeys),,30 Apr,12 Aug
Kanampella,village,80.13468,6.95603,43.4,112.0,10.9,<=30 m (10 storeys),,13 Jan,29 Nov
Ilumbakanda,village,80.56652,6.42286,43.4,350.2,637.8,never,,,
Hanwella,village,80.11796,6.90073,43.4,103.5,11.7,<=30 m (10 storeys),,13 Feb,28 Oct
Malwana,village,80.31548,7.15663,43.4,152.1,106.1,<=150 m (50 storeys),,,
Welamboda,village,80.54751,7.19964,43.5,187.0,246.4,never,,,
Molamure,village,80.83834,6.60963,43.5,300.5,185.4,never,,,
Handawalapitiya,village,80.73826,7.12327,43.6,217.3,861.0,never,,,
Gurukele,village,80.63077,7.1811,43.6,199.5,158.3,never,,,
Salawa,suburb,80.12588,6.93858,43.7,109.1,12.5,<=30 m (10 storeys),,26 Jan,15 Nov
Sooriyakanda,town,80.63549,6.43877,43.7,339.9,1.8,<=10 m (3 storeys),,,
Malmaduwa,village,80.27706,7.13593,43.7,145.8,51.0,<=60 m (20 storeys),,,
Arukwatta,village,80.10543,6.84161,43.7,94.7,-0.9,ground level,2.677,09 Mar,04 Oct
Boralande,town,80.89541,6.83027,43.8,267.0,951.7,never,,,
Idalgashinna,village,80.89483,6.7819,43.8,274.0,869.3,never,,,
Baduraliya,town,80.23058,6.51734,43.9,42.7,137.4,<=150 m (50 storeys),,,
Gamhatha,village,80.56333,7.20123,43.9,189.3,123.0,<=150 m (50 storeys),,,
Thanjantenna,village,80.85341,6.63022,43.9,296.9,1065.1,never,,,
Boralugoda,village,80.13099,6.96096,44.0,112.4,41.2,<=60 m (20 storeys),,10 Jan,01 Dec
Weliya,village,80.88934,6.72971,44.0,281.6,1134.6,never,,,
Boralugoda,suburb,80.1198,6.93278,44.1,108.1,-0.7,ground level,2.636,30 Jan,11 Nov
Atala,village,80.2856,7.14588,44.1,147.6,129.4,<=150 m (50 storeys),,,
Dambara,village,80.10266,6.76289,44.2,83.4,50.3,<=60 m (20 storeys),,07 Apr,05 Sep
Soragune,village,80.89368,6.74531,44.2,279.3,1432.1,never,,,
Hewaheta,village,80.76303,7.11128,44.3,221.1,942.7,never,,,
Pindeniya,village,80.29434,7.15413,44.3,149.3,208.8,never,,,
Brookside,village,80.84302,7.01732,44.4,238.8,571.2,never,,,
Polegoda,village,80.16382,6.58948,44.4,56.8,174.6,never,,,
Palle Delthota,village,80.65463,7.1798,44.4,202.7,282.2,never,,,
Buluthota,village,80.64897,6.43591,44.5,338.2,400.5,never,,,
Waharaka,village,80.19832,7.07639,44.5,131.6,86.1,<=100 m (33 storeys),,,
Kotakedeniya,village,80.58915,7.20215,44.5,192.9,51.8,<=60 m (20 storeys),,,
Gorokgoda,village,80.09677,6.77863,44.6,85.7,-4.9,ground level,2.583,01 Apr,11 Sep
Mahakudugala,village,80.83282,7.03714,44.6,235.7,818.1,never,,,
Pitumpe,village,80.09827,6.85541,44.6,96.6,-1.7,ground level,2.599,04 Mar,09 Oct
Govinna,village,80.11829,6.67521,44.7,70.6,0.2,ground level,2.616,17 May,25 Jul
Karagasthenna,village,80.90207,6.85118,44.7,264.1,957.2,never,,,
Suduwella,village,80.11022,6.92396,44.8,106.5,-1.1,ground level,2.6,04 Feb,06 Nov
Mathurata,village,80.80152,7.07991,44.8,228.2,1131.8,never,,,
Bambaragaha-Ela,village,80.53391,7.21297,44.8,184.9,57.3,<=60 m (20 storeys),,,
Pitawalawatta,village,80.59864,7.20222,44.8,194.2,20.6,<=30 m (10 storeys),,,
Talawatura,village,80.58109,7.20719,44.9,191.6,25.0,<=30 m (10 storeys),,,
Muruthagahamula,village,80.58697,7.20628,44.9,192.5,142.3,<=150 m (50 storeys),,,
Ranhawadigama,village,80.8806,6.95067,44.9,249.7,1075.9,never,,,
Daskara,village,80.57773,7.2089,45.0,191.1,16.8,<=30 m (10 storeys),,,
Kalugala,village,80.65717,6.43404,45.0,337.2,425.0,never,,,
Ambanwala,village,80.54768,7.21431,45.1,186.8,149.9,<=150 m (50 storeys),,,
Ambagasdowa,village,80.89098,6.92329,45.1,253.8,709.3,never,,,
Nedungamuwa,village,80.90191,6.87658,45.1,260.5,954.6,never,,,
Padukka,town,80.09165,6.84154,45.2,94.6,0.7,ground level,2.568,09 Mar,03 Oct
Gurugoda,village,80.09944,6.72644,45.2,78.3,-1.6,ground level,2.576,21 Apr,21 Aug
Ussapitiya,village,80.45444,7.21615,45.2,173.7,538.3,never,,,
Guruthalawa,village,80.90783,6.83672,45.2,266.2,1082.8,never,,,
Helaudakanda,village,80.67756,6.4418,45.2,334.2,332.2,never,,,
Nillambe,village,80.6361,7.19429,45.2,199.6,111.9,<=150 m (50 storeys),,,
Uva Paranagama,village,80.8891,6.93692,45.3,251.9,833.8,never,,,
Kalugamuwa,village,80.61026,7.20342,45.3,195.7,116.6,<=150 m (50 storeys),,,
,village,80.4745,7.21803,45.3,176.5,441.5,never,,,
Meepe,town,80.09136,6.85866,45.4,96.9,73.3,<=100 m (33 storeys),,03 Mar,10 Oct
Ragala,town,80.85731,7.01182,45.4,240.5,577.4,never,,,
Siyambalagoda,village,80.56657,7.21447,45.4,189.4,99.7,<=100 m (33 storeys),,,
Padiyapelella,town,80.79903,7.09115,45.5,226.8,1381.3,never,,,
Polgahakumbura,village,80.20758,7.1,45.5,134.9,127.6,<=150 m (50 storeys),,,
Kidelpitiya,village,80.08855,6.78127,45.5,86.1,9.3,<=10 m (3 storeys),,31 Mar,12 Sep
Buwelikada,village,80.57171,7.21504,45.6,190.1,102.2,<=150 m (50 storeys),,,
Akarawita,village,80.11026,6.94752,45.6,109.6,4.7,<=10 m (3 storeys),,24 Jan,17 Nov
Paranapattiya,village,80.53567,7.2201,45.6,185.1,20.6,<=30 m (10 storeys),,,
Deltota,town,80.696,7.17266,45.7,208.4,293.3,never,,,
Pugoda,town,80.12036,6.97583,45.8,113.8,-0.5,ground level,2.533,,
Katugahawatte,village,80.47034,7.22273,45.8,176.0,391.5,never,,,
Embekka,village,80.56813,7.21761,45.8,189.6,36.6,<=60 m (20 storeys),,,
Kaltota,suburb,80.88596,6.65941,45.8,291.2,1568.1,never,,,
Kaluaggala,village,80.09877,6.91826,45.9,105.3,2.3,<=10 m (3 storeys),,08 Feb,02 Nov
Pepiliyawala,village,80.13148,7.00284,45.9,117.8,5.0,<=10 m (3 storeys),,,
Handupelpola,village,80.08655,6.7642,45.9,83.8,-1.1,ground level,2.509,06 Apr,06 Sep
Pallebowala,village,80.73415,7.1521,45.9,214.4,999.6,never,,,
Beragala,village,80.91308,6.76377,46.0,276.3,1189.3,never,,,
Wijeriya,village,80.65254,6.42263,46.0,338.4,467.1,never,,,
Ilimba,village,80.09248,6.72455,46.0,78.3,-1.5,ground level,2.526,21 Apr,21 Aug
Pahala Millawa North,village,80.08273,6.79893,46.1,88.6,22.0,<=30 m (10 storeys),,24 Mar,18 Sep
Kovilakanda,village,80.5247,7.22577,46.1,183.5,170.3,never,,,
Budugala,village,80.87854,6.63494,46.1,294.7,1109.1,never,,,
Naduwatte,village,80.16425,7.0596,46.2,126.8,56.5,<=60 m (20 storeys),,,
Aluthnuwara,village,80.48314,7.22688,46.2,177.8,775.2,never,,,
Dippitiya,village,80.25996,7.15235,46.2,145.1,57.9,<=60 m (20 storeys),,,
Kotigamgoda,village,80.081,6.81002,46.3,90.1,5.6,<=10 m (3 storeys),,20 Mar,22 Sep
Pahala Millawa South,village,80.08018,6.7935,46.4,87.9,-3.2,ground level,2.477,26 Mar,16 Sep
Walagedara,village,80.53378,7.22768,46.4,184.7,12.3,<=30 m (10 storeys),,,
Horadorowwa,village,80.91934,6.7952,46.4,272.0,1184.3,never,,,
Nadeniya,village,80.28543,7.17081,46.4,149.4,87.9,<=100 m (33 storeys),,,
Welimada,town,80.90981,6.90584,46.6,256.8,818.3,never,,,
Liyangahawela,village,80.53664,7.2296,46.6,185.1,-4.7,ground level,1.843,,
Pallegama,village,80.72481,7.16558,46.6,212.3,874.6,never,,,
Kuuragala,village,80.87661,6.62102,46.6,296.6,1134.3,never,,,
Galapitamada,town,80.23476,7.13991,46.8,141.4,92.5,<=100 m (33 storeys),,,
Ereporuwa,village,80.66831,6.42158,46.8,336.5,617.2,never,,,
Iththekanda,village,80.64454,6.41152,46.8,340.0,147.4,<=150 m (50 storeys),,,
Daulagala,town,80.57741,7.22651,46.9,190.6,-6.4,ground level,1.818,,
Galaha,village,80.66965,7.1975,46.9,203.7,200.6,never,,,
Ekiriya,village,80.754,7.14869,46.9,216.9,1313.7,never,,,
Dehipe,village,80.79053,7.11856,46.9,223.3,1128.5,never,,,
Arandara,village,80.29843,7.18331,46.9,151.8,161.0,never,,,
Dambawinna,village,80.91626,6.89231,47.0,258.8,861.1,never,,,
Dapiligoda,village,80.17545,6.53302,47.1,49.6,64.2,<=100 m (33 storeys),,,
Dickhenagama,village,80.08331,6.71781,47.1,77.6,6.7,<=10 m (3 storeys),,23 Apr,19 Aug
Udagama,village,80.13994,7.03876,47.1,122.6,60.1,<=100 m (33 storeys),,,
Ihala Millawa North,village,80.07266,6.78714,47.2,87.1,0.5,ground level,2.441,28 Mar,14 Sep
Wattappola,village,80.54155,7.23377,47.2,185.7,13.2,<=30 m (10 storeys),,,
High Forest,village,80.84054,7.06619,47.2,233.0,901.8,never,,,
Medabedda,village,80.89793,6.65734,47.2,290.9,1547.2,never,,,
Munagama,village,80.08122,6.72329,47.2,78.4,-1.3,ground level,2.45,20 Apr,22 Aug
Kekulanda,village,80.16249,6.54658,47.3,52.1,24.0,<=30 m (10 storeys),,,
Giridara WP,village,80.09415,6.94763,47.3,108.9,1.5,ground level,2.448,27 Jan,15 Nov
Kapugoda,village,80.09595,6.95089,47.3,109.4,1.4,ground level,2.444,25 Jan,16 Nov
Kumburugamuwa,village,80.72037,6.44363,47.3,328.9,41.7,<=60 m (20 storeys),,,
Atugoda,village,80.32569,7.20021,47.3,156.1,174.9,never,,,
Poramadulla,village,80.77701,7.13583,47.4,220.4,1067.2,never,,,
Hanwella,town,80.08171,6.90884,47.5,103.4,-1.5,ground level,2.44,14 Feb,28 Oct
Thiththapattara,village,80.08905,6.93612,47.5,107.2,6.8,<=10 m (3 storeys),,02 Feb,09 Nov
Weththewa,village,80.47308,7.23866,47.6,176.5,396.6,never,,,
Mahakanda,village,80.60907,7.22609,47.6,194.8,37.7,<=60 m (20 storeys),,,
Diyanilla,village,80.86551,7.0363,47.6,238.2,796.1,never,,,
Udwua North,village,80.0699,6.77098,47.7,84.9,0.9,ground level,2.391,03 Apr,09 Sep
Aluthwela,village,80.93135,6.81484,47.7,269.3,1240.9,never,,,
Pitagaldeniya,village,80.30002,7.19276,47.8,152.6,305.4,never,,,
Midellamulahena,village,80.07431,6.73085,47.8,79.6,6.6,<=10 m (3 storeys),,17 Apr,25 Aug
Amgasthenna,village,80.53346,7.24075,47.8,184.5,43.4,<=60 m (20 storeys),,,
Wadiyagoda,village,80.73605,7.17117,47.8,213.2,769.5,never,,,
Alma,village,80.82875,7.08979,47.8,229.6,980.1,never,,,
Munagama,village,80.0759,6.72172,47.8,78.4,-2.7,ground level,2.411,21 Apr,22 Aug
Yalpathvela,village,80.92353,6.89215,47.8,259.0,919.4,never,,,
Munagama West,village,80.07519,6.72094,47.9,78.3,-0.4,ground level,2.405,21 Apr,21 Aug
Lagamuwa,village,80.52606,7.2417,47.9,183.6,-5.1,ground level,1.744,,
Haputalegama,village,80.93182,6.78471,47.9,273.3,1113.8,never,,,
Tinniyawela,village,80.33016,6.41026,47.9,23.0,210.8,never,,,
Agalawatta,town,80.15736,6.54234,48.0,52.1,-1.1,ground level,2.408,,
Alawala,village,80.20717,7.13101,48.0,137.8,174.9,never,,,
Koshinna,village,80.5951,7.23279,48.0,192.7,28.6,<=30 m (10 storeys),,,
Elawalla,village,80.07897,6.70069,48.0,75.6,39.5,<=60 m (20 storeys),,29 Apr,13 Aug
Ballapitiya East,village,80.07945,6.69414,48.1,74.7,-1.7,ground level,2.407,02 May,10 Aug
Narthanagala,village,80.07561,6.7114,48.1,77.0,-4.8,ground level,2.376,24 Apr,18 Aug
Kirindiwela,town,80.13173,7.04315,48.2,122.5,29.4,<=30 m (10 storeys),,,
Delthota Estate,village,80.68922,7.20156,48.2,205.8,129.1,<=150 m (50 storeys),,,
Munwattha,village,80.81206,7.11524,48.3,225.6,1370.7,never,,,
Mahapallegama,village,80.26241,7.17742,48.4,147.3,-2.7,ground level,2.204,,
Dambemeda,village,80.7128,6.42732,48.4,330.8,215.0,never,,,
Kotawara,village,80.92392,6.91665,48.4,255.8,779.2,never,,,
Angunawala,village,80.59206,7.23813,48.5,192.2,-0.2,ground level,1.741,,
Mahalloluwa,village,80.1384,7.05875,48.5,124.7,-1.1,ground level,2.341,,
Hingula,village,80.46807,7.24751,48.6,175.9,309.2,never,,,
Ihala Millawa South,village,80.06051,6.78449,48.6,86.8,-3.2,ground level,2.344,29 Mar,14 Sep
Rikillagaskada,town,80.784,7.14612,48.7,220.2,1098.0,never,,,
Ballapitiya,village,80.07571,6.69002,48.7,74.3,-4.4,ground level,2.367,03 May,09 Aug
Downside State,village,80.92252,6.93108,48.7,254.0,671.3,never,,,
Kirawanagama,village,80.93396,6.73596,48.7,279.6,1578.9,never,,,
Hindagala,village,80.60123,7.23867,48.8,193.4,21.3,<=30 m (10 storeys),,,
Warakagoda,village,80.10214,6.61681,48.8,64.2,57.4,<=60 m (20 storeys),,,
Malpotha,village,80.93808,6.8578,48.8,263.7,1069.6,never,,,
Lankagama,village,80.45562,6.37062,48.8,5.7,335.7,never,,,
Owitigala,village,80.06415,6.7293,48.9,79.6,1.4,ground level,2.319,17 Apr,25 Aug
Horana South,village,80.06632,6.71368,49.0,77.6,-0.2,ground level,2.348,23 Apr,19 Aug
Makuruppa,village,80.79587,7.13904,49.0,222.0,1267.0,never,,,
Bellwood,village,80.6795,7.21484,49.0,204.0,17.9,<=30 m (10 storeys),,,
Hapuwala,village,80.76076,7.16734,49.0,216.1,1154.2,never,,,
Sooriyagahapatana,village,80.89657,7.00775,49.1,243.5,894.6,never,,,
Moragahahena,village,80.05519,6.78443,49.2,86.8,4.5,<=10 m (3 storeys),,29 Mar,14 Sep
Ballapitiya West,village,80.06918,6.69465,49.2,75.1,5.6,<=10 m (3 storeys),,30 Apr,12 Aug
Dayaraba,village,80.93743,6.8895,49.2,259.6,829.4,never,,,
Ellegama,village,80.9446,6.82512,49.2,268.0,1005.5,never,,,
Uda Karandupana,village,80.37791,7.23783,49.2,164.2,306.6,never,,,
Mawanella,town,80.44694,7.25235,49.3,173.3,334.8,never,,,
owatta,village,80.45943,7.25358,49.3,174.9,320.1,never,,,
Karasnagala,village,80.171,7.11259,49.4,132.8,21.5,<=30 m (10 storeys),,,
Paragammana,village,80.35084,7.23051,49.4,160.6,161.5,never,,,
Udapussellawa,town,80.90396,6.99954,49.4,244.8,760.7,never,,,
Weliketella,village,80.07137,6.68181,49.4,73.4,-4.5,ground level,2.283,06 May,06 Aug
Meewatura,village,80.59207,7.24688,49.4,192.0,92.3,<=100 m (33 storeys),,,
Lunuwaththa,village,80.93465,6.91013,49.4,257.0,775.2,never,,,
Horana North,village,80.06031,6.71972,49.5,78.5,84.3,<=100 m (33 storeys),,20 Apr,22 Aug
Miwitigammana,village,80.14617,7.08533,49.5,128.1,1.9,<=10 m (3 storeys),,,
Anwarama,village,80.43514,7.25199,49.5,171.8,481.9,never,,,
Marawa,village,80.45175,7.2546,49.5,173.9,394.6,never,,,
Hondenigoda,village,80.45026,7.2542,49.5,173.7,419.9,never,,,
Uthuwankanda,village,80.42327,7.25164,49.6,170.3,489.1,never,,,
Batuwangala,village,80.37217,6.37887,49.6,16.5,466.3,never,,,
Kadugannawa,town,80.51952,7.25728,49.6,182.6,211.8,never,,,
Mirahawatta,village,80.9437,6.87079,49.6,262.1,1104.9,never,,,
Imbulowita,village,80.26152,7.18938,49.6,148.0,97.9,<=100 m (33 storeys),,,
Walawwatta 2,suburb,80.44886,7.25471,49.6,173.6,388.6,never,,,
walawwatta,suburb,80.44814,7.25465,49.6,173.5,380.9,never,,,
Dampe,village,80.04982,6.82103,49.7,91.5,16.8,<=30 m (10 storeys),,17 Mar,26 Sep
Thunthota,village,80.26484,7.19316,49.7,148.6,86.2,<=100 m (33 storeys),,,
Wewala East,village,80.06269,6.70298,49.7,76.4,-9.8,ground level,2.213,26 Apr,16 Aug
Sankhapala,village,80.75709,6.44062,49.7,325.1,174.9,never,,,
Atigala,village,80.05991,6.90639,49.7,102.5,1.4,ground level,2.31,16 Feb,25 Oct
Egodakanda,village,80.66351,6.39113,49.7,338.6,129.4,<=150 m (50 storeys),,,
Galganda,village,80.45145,7.2564,49.7,173.9,397.8,never,,,
Kahatapitiya,village,80.0513,6.76639,49.8,84.6,-1.8,ground level,2.296,04 Apr,08 Sep
Loonuwaththa,village,80.92598,6.95531,49.8,251.1,1122.3,never,,,
Walpaladeniya,village,80.45053,7.25718,49.8,173.8,383.7,never,,,
Kananwila,village,80.05183,6.75009,49.9,82.5,5.6,<=10 m (3 storeys),,09 Apr,02 Sep
Harasbedda,village,80.87854,7.05434,49.9,237.1,1136.4,never,,,
Kolonna,suburb,80.69182,6.40124,49.9,334.8,485.3,never,,,
Wewala West,village,80.05915,6.71086,49.9,77.4,-16.5,ground level,2.222,23 Apr,19 Aug
Mahena South,village,80.06471,6.68958,49.9,74.6,41.9,<=60 m (20 storeys),,02 May,10 Aug
Rahmaniya Mahawatta,village,80.44848,7.25808,49.9,173.6,365.4,never,,,
Yala Junction,village,80.07151,6.66343,50.0,71.2,-1.7,ground level,2.304,15 May,28 Jul
Viharahena,village,80.5944,6.36759,50.0,347.9,700.7,never,,,
Gadaladeniya,village,80.55603,7.2583,50.0,187.2,96.6,<=100 m (33 storeys),,,
Luckyland,village,80.9188,6.98129,50.1,247.7,684.5,never,,,
Anguruwathota,village,80.07629,6.64518,50.2,68.8,2.1,<=10 m (3 storeys),,26 May,16 Jul
Neluwa,town,80.36079,6.37734,50.2,17.8,457.8,never,,,
Henawala,village,80.5315,7.26185,50.2,184.1,122.0,<=150 m (50 storeys),,,
Moragolla,village,80.681,7.22535,50.2,203.6,152.1,never,,,
Mudaliwatta,village,80.5126,7.26296,50.2,181.7,279.0,never,,,
Meegoda,town,80.04603,6.84411,50.3,94.4,-2.7,ground level,2.271,10 Mar,03 Oct
Bowlana,village,80.71656,7.20977,50.3,208.5,486.0,never,,,
Halthotiyawatta,village,80.05462,6.71528,50.3,78.1,11.5,<=30 m (10 storeys),,21 Apr,21 Aug
Pannila,village,80.04635,6.76582,50.3,84.6,5.8,<=10 m (3 storeys),,04 Apr,08 Sep
Urapola,village,80.14475,7.09782,50.5,129.2,80.5,<=100 m (33 storeys),,,
Embulgama,village,80.05395,6.90906,50.5,102.7,-4.2,ground level,2.273,16 Feb,25 Oct
Ranwala (Mawanella),village,80.45619,7.26367,50.5,174.6,264.1,never,,,
Diyatalawa,town,80.95722,6.80696,50.6,270.3,1007.4,never,,,
Rathmale,village,80.2108,6.45463,50.6,39.2,177.5,never,,,
Polgampola,village,80.19617,6.46632,50.6,41.5,65.7,<=100 m (33 storeys),,,
Pitihuma,village,80.35325,7.24296,50.6,161.4,55.3,<=60 m (20 storeys),,,
Mahena,village,80.05222,6.70684,50.7,77.1,29.2,<=30 m (10 storeys),,24 Apr,18 Aug
Balana,village,80.48899,7.26811,50.7,178.7,374.7,never,,,
,village,80.88378,7.05916,50.7,237.0,1210.6,never,,,
Molagoda,village,80.3964,7.25675,50.8,167.1,491.7,never,,,
Pilimatalawa,town,80.55211,7.26563,50.8,186.6,116.4,<=150 m (50 storeys),,,
Pasgama,village,80.73265,7.20569,50.8,210.5,797.6,never,,,
Maha Uva,village,80.87149,7.07882,50.8,234.1,1479.2,never,,,
Karandupana,village,80.37684,7.25304,50.9,164.6,385.9,never,,,
Embilmeegama,village,80.56398,7.26509,50.9,188.1,165.9,never,,,
Hanguranketha,town,80.77553,7.17747,50.9,216.9,1352.1,never,,,
Kiriwanamadiththa,village,80.7252,7.2107,50.9,209.4,666.7,never,,,
Roehampton,village,80.95987,6.79268,50.9,272.1,1139.5,never,,,
Meepitiya,village,80.36841,7.25098,50.9,163.5,286.1,never,,,
Galedandugoda,village,80.04658,6.72111,51.0,79.0,36.0,<=60 m (20 storeys),,19 Apr,24 Aug
Dehalkada,village,80.74664,7.19932,51.0,212.4,929.0,never,,,
Medagama,village,80.71161,7.21898,51.0,207.4,677.7,never,,,
Haputale,town,80.96023,6.76815,51.1,275.1,823.1,never,,,
Wathurugama,village,80.10668,7.05346,51.1,121.9,-3.4,ground level,2.203,,
Kolambage Ara,village,80.76826,6.43394,51.1,324.4,238.0,never,,,
Dedigama,village,80.26344,7.20735,51.1,149.4,70.9,<=100 m (33 storeys),,,
Poddana,village,80.4995,6.34774,51.1,0.0,490.5,never,,,
Walapane,town,80.86244,7.09581,51.1,231.7,1481.4,never,,,
Ambanpitiya,village,80.32582,7.23775,51.1,158.0,324.1,never,,,
Dompe,village,80.05832,6.94966,51.2,107.7,-0.1,ground level,2.22,31 Jan,10 Nov
Madiththa,village,80.71685,7.21846,51.2,208.0,636.2,never,,,
Walgammulla,village,80.1214,7.07713,51.2,125.4,2.0,<=10 m (3 storeys),,,
Peradeniya,suburb,80.59307,7.26421,51.3,191.7,31.8,<=60 m (20 storeys),,,
Ullinduwawa,village,80.63778,6.36664,51.3,342.7,480.8,never,,,
Egodakanda,village,80.87294,7.08468,51.3,233.6,1465.7,never,,,
Radawana,village,80.09235,7.03387,51.4,118.9,-1.4,ground level,2.196,,
Kiribathkumbura,suburb,80.57626,7.26773,51.4,189.5,20.5,<=30 m (10 storeys),,,
Thibbotugoda,village,80.04779,6.70047,51.4,76.5,71.7,<=100 m (33 storeys),,26 Apr,16 Aug
Heeressagala,village,80.61787,7.25895,51.4,194.8,134.9,<=150 m (50 storeys),,,
Jalthara,village,80.04329,6.89813,51.4,101.1,-0.8,ground level,2.215,20 Feb,21 Oct
Dabawela,village,80.73036,7.21337,51.4,209.8,769.1,never,,,
Rupaha,village,80.90812,7.03136,51.4,241.5,1259.0,never,,,
Eriyagama,village,80.58541,7.26667,51.4,190.7,12.9,<=30 m (10 storeys),,,
Neboda,suburb,80.0878,6.59291,51.4,62.3,119.9,<=150 m (50 storeys),,,
Thalagala,village,80.03536,6.78143,51.4,86.6,-2.3,ground level,2.199,29 Mar,13 Sep
Lenagala,village,80.03854,6.87937,51.5,98.7,5.8,<=10 m (3 storeys),,27 Feb,14 Oct
,village,80.70109,7.22935,51.5,205.7,614.6,never,,,
Buthkanda,village,80.68272,6.38174,51.5,336.8,66.9,<=100 m (33 storeys),,,
Galigamuwa,village,80.31026,7.23574,51.6,156.1,79.9,<=100 m (33 storeys),,,
Rathmeewala,village,80.514,7.27584,51.6,181.8,310.0,never,,,
Ankelipitiya,village,80.68844,7.2372,51.7,203.8,378.7,never,,,
Kahagolla,village,80.96677,6.81726,51.7,269.0,1194.0,never,,,
Yahala Arawa,village,80.94845,6.93934,51.7,253.9,766.0,never,,,
Hayes,village,80.65632,6.369,51.7,340.4,489.1,never,,,
kumbalgamuwa,village,80.85497,7.11297,51.7,229.5,1438.9,never,,,
Thibbatugoda,village,80.8759,7.08724,51.7,233.6,1499.5,never,,,
Poojagoda,village,80.70816,7.2285,51.8,206.5,658.9,never,,,
Boraluwage Aina,village,80.67688,6.37618,51.8,337.8,209.8,never,,,
Godagama,village,80.03241,6.85069,51.8,95.1,-1.8,ground level,2.197,08 Mar,05 Oct
Indolamulla,village,80.05432,6.95674,51.8,108.4,41.5,<=60 m (20 storeys),,28 Jan,13 Nov
Kegalle,city,80.34541,7.2532,51.9,160.9,206.0,never,,,
Kulupana,village,80.03817,6.72305,51.9,79.4,17.9,<=30 m (10 storeys),,17 Apr,25 Aug
Sagama,village,80.69667,7.23543,51.9,204.8,563.6,never,,,
Maduwanwala,village,80.71471,6.3928,51.9,332.7,371.2,never,,,
Uda Mapitigama,village,80.0435,6.92236,51.9,104.0,11.2,<=30 m (10 storeys),,12 Feb,29 Oct
Diganathenna,village,80.96795,6.85653,52.0,264.3,1151.7,never,,,
Pitipana,village,80.02896,6.82637,52.0,92.1,0.6,ground level,2.182,15 Mar,27 Sep
Deniyaya,town,80.56062,6.34256,52.1,352.6,536.1,never,,,
Paraketawela,village,80.5425,7.27848,52.1,185.3,0.5,ground level,1.618,,
Puwakdeniya,village,80.37975,7.26526,52.1,165.3,323.2,never,,,
Naranthalawa,village,80.84297,7.13215,52.1,226.8,1383.6,never,,,
Welikala,village,80.03903,6.70892,52.1,77.7,13.6,<=30 m (10 storeys),,22 Apr,20 Aug
Makehelwala,village,80.45646,7.27926,52.2,174.8,274.9,never,,,
Ranwala,village,80.33254,7.25114,52.2,159.4,129.6,<=150 m (50 storeys),,,
Dangolla,village,80.61291,7.26792,52.2,193.9,194.9,never,,,
Illagolla,village,80.8226,7.15429,52.2,223.1,1153.2,never,,,
Pokunuwita,village,80.03396,6.72603,52.3,79.9,-0.1,ground level,2.179,16 Apr,26 Aug
Attanagalla,village,80.13677,7.11384,52.3,130.1,28.4,<=30 m (10 storeys),,,
Marassana,village,80.73899,7.21731,52.3,210.4,805.6,never,,,
Moragala,village,80.17965,6.46112,52.3,42.6,140.0,<=150 m (50 storeys),,,
Danture,village,80.53426,7.28204,52.4,184.2,93.0,<=100 m (33 storeys),,,
Pelahela,village,80.05833,6.98339,52.4,111.6,0.1,ground level,2.154,14 Jan,27 Nov
Bootawatte,village,80.70165,7.23849,52.4,205.2,667.3,never,,,
Wathuliyadda,village,80.6489,7.25904,52.4,198.4,542.2,never,,,
Olaboduwa,village,80.02661,6.7707,52.4,85.4,0.9,ground level,2.154,01 Apr,10 Sep
Kanewala,village,80.03338,6.71845,52.5,79.0,8.2,<=10 m (3 storeys),,19 Apr,24 Aug
Imbulmalgama,village,80.54997,7.28125,52.5,186.1,4.1,<=10 m (3 storeys),,,
Rattapitiya,village,80.51688,7.28429,52.5,182.1,190.0,never,,,
Ballapana,village,80.29123,7.23624,52.5,154.1,135.8,<=150 m (50 storeys),,,
Mudunakade,village,80.69903,7.2416,52.6,204.8,524.6,never,,,
Dehideniya,village,80.58497,7.27761,52.6,190.4,64.0,<=100 m (33 storeys),,,
Kumbuka,village,80.02862,6.73562,52.7,81.1,25.7,<=30 m (10 storeys),,13 Apr,30 Aug
Pallegama,village,80.52482,6.33303,52.8,357.0,453.5,never,,,
Nildandahinna,town,80.89337,7.08045,52.8,235.5,1576.4,never,,,
Dedigamuwa,village,80.02849,6.89138,52.8,99.9,-2.0,ground level,2.143,23 Feb,18 Oct
Ranala,village,80.03431,6.91705,52.8,103.1,8.5,<=10 m (3 storeys),,14 Feb,27 Oct
Nikapotha,village,80.9732,6.74506,52.8,277.7,1463.6,never,,,
Henagama,village,80.02895,6.72473,52.8,79.9,6.9,<=10 m (3 storeys),,16 Apr,26 Aug
Randeniya,village,80.38288,7.27334,52.9,165.9,442.8,never,,,
Lenewara,village,80.03559,6.69317,52.9,76.0,19.2,<=30 m (10 storeys),,28 Apr,14 Aug
Perahettiya,village,80.97087,6.89408,52.9,259.8,944.8,never,,,
Kiriwattuduwa,village,80.02018,6.79985,53.0,88.9,6.8,<=10 m (3 storeys),,23 Mar,19 Sep
Panagoda,village,80.02331,6.86502,53.0,96.7,5.1,<=10 m (3 storeys),,04 Mar,09 Oct
Thalagolla,village,80.45151,7.28606,53.0,174.3,322.9,never,,,
Adiyarawatta,village,80.93016,7.01967,53.0,244.0,999.5,never,,,
Pahala Mapitigama,village,80.03604,6.93252,53.0,104.9,-0.5,ground level,2.135,09 Feb,01 Nov
Malulla,village,80.79025,7.19078,53.0,217.3,1299.3,never,,,
Matugama,town,80.11426,6.52295,53.1,53.4,49.3,<=60 m (20 storeys),,,
Kelesgamuwa,village,80.03105,6.70425,53.1,77.4,3.3,<=10 m (3 storeys),,23 Apr,19 Aug
Poththapitiya,village,80.49373,7.28917,53.1,179.4,253.8,never,,,
Banagala,village,80.94468,6.62875,53.1,292.1,1206.7,never,,,
Yattogoda,village,80.27926,7.23644,53.1,152.8,112.5,<=150 m (50 storeys),,,
Kobbewala,village,80.3001,7.24634,53.1,155.5,13.1,<=30 m (10 storeys),,,
Pallegama,village,80.96385,6.93275,53.1,255.1,811.3,never,,,
Nilwakka,village,80.36352,7.26966,53.1,163.6,93.8,<=100 m (33 storeys),,,
Talatuoya,town,80.69036,7.25151,53.2,203.4,494.7,never,,,
Henegama,village,80.02617,6.7219,53.2,79.6,-3.7,ground level,2.127,17 Apr,25 Aug
Algama,village,80.16563,7.15636,53.2,136.2,95.5,<=100 m (33 storeys),,,
Kiriyathenna,village,80.45143,7.28849,53.2,174.3,302.5,never,,,
Meegahathenna,village,80.19166,6.43909,53.2,39.8,53.6,<=60 m (20 storeys),,,
Gannoruwa,village,80.59253,7.28245,53.3,191.2,12.8,<=30 m (10 storeys),,,
Pattiyagedara,village,80.97753,6.87599,53.3,262.1,1059.3,never,,,
Keragala,village,80.05882,7.00451,53.3,114.0,-0.5,ground level,2.092,,
Galauda,village,80.81694,7.17255,53.3,221.2,1271.9,never,,,
Beddewela,village,80.4506,7.28996,53.4,174.2,316.5,never,,,
Dekatana,town,80.04281,6.96998,53.5,109.4,53.4,<=60 m (20 storeys),,24 Jan,17 Nov
Dodamwala,village,80.5386,7.292,53.5,184.7,-2.2,ground level,1.371,,
Godamuduna,village,80.55611,7.28961,53.5,186.8,5.5,<=10 m (3 storeys),,,
Kiwullinda,village,80.71954,7.24042,53.5,207.1,675.5,never,,,
Kella,village,80.70265,6.37011,53.5,335.2,349.2,never,,,
Bambarapana,village,80.95474,6.97477,53.5,250.0,1007.9,never,,,
Wilimbula,village,80.06603,7.02654,53.6,116.7,0.1,ground level,2.088,,
Eth wala,village,80.31972,6.3594,53.6,21.8,200.9,never,,,
Kamburagalla,village,80.11527,7.10698,53.7,127.8,-4.3,ground level,2.079,,
Nelundeniya,suburb,80.26212,7.23411,53.8,150.9,25.3,<=30 m (10 storeys),,,
Siyambalapitiya,village,80.34568,7.27143,53.8,161.7,11.4,<=30 m (10 storeys),,,
Ampitiya,village,80.6663,7.26787,53.9,200.0,519.3,never,,,
Edurapotha,village,80.32687,7.26564,53.9,159.3,26.2,<=30 m (10 storeys),,,
Kossinna,village,80.6812,7.26133,53.9,201.9,499.6,never,,,
Kalukondayawa,village,80.03388,6.95542,53.9,107.5,2.0,<=10 m (3 storeys),,01 Feb,10 Nov
Gonapola,village,80.01305,6.76386,54.0,84.7,8.4,<=10 m (3 storeys),,03 Apr,08 Sep
Mailapitiya,village,80.7517,7.22817,54.0,211.1,912.6,never,,,
,village,80.56526,7.29332,54.0,187.8,158.6,never,,,
Habarakada,village,80.01348,6.86568,54.1,96.7,-1.8,ground level,2.084,04 Mar,09 Oct
Bandarawela,town,80.98882,6.83048,54.1,267.5,994.8,never,,,
Keerthibandarapura,village,80.85577,7.14543,54.1,226.7,1709.1,never,,,
Pupulaketiya,village,80.6861,6.35753,54.1,337.6,581.0,never,,,
Happawara,village,80.83463,7.16566,54.1,223.2,1573.9,never,,,
Hiriwadunna,village,80.38441,7.28667,54.3,166.5,488.6,never,,,
Mullegama,village,80.01386,6.88426,54.3,98.8,3.4,<=10 m (3 storeys),,26 Feb,15 Oct
Muruthalawa,village,80.57079,7.29524,54.3,188.4,65.5,<=100 m (33 storeys),,,
Palannoruwa,village,80.00922,6.77794,54.3,86.4,36.6,<=60 m (20 storeys),,30 Mar,13 Sep
Wathurakumbura,village,80.54506,7.29906,54.4,185.3,15.9,<=30 m (10 storeys),,,
Adhikarigama,town,80.78056,7.21353,54.4,214.8,1112.7,never,,,
Dambawela,village,80.68362,7.2655,54.4,202.0,381.6,never,,,
Madulla,village,80.92787,7.0524,54.4,240.4,1440.2,never,,,
Halloluwa,village,80.6071,7.29073,54.5,192.6,64.8,<=100 m (33 storeys),,,
Udukumbura,village,80.24396,7.23149,54.5,148.9,81.7,<=100 m (33 storeys),,,
Dodamwala,suburb,80.61463,7.2887,54.5,193.5,43.3,<=60 m (20 storeys),,,
Lemastota,village,80.98954,6.75545,54.5,276.3,1556.9,never,,,
Pelawatta,village,80.21654,6.40577,54.5,35.1,220.8,never,,,
Parangoda,village,80.03423,6.97204,54.5,109.3,3.8,<=10 m (3 storeys),,25 Jan,17 Nov
Thebuwana,village,80.05489,6.59368,54.6,64.2,35.8,<=60 m (20 storeys),,,
Dehianga,village,80.5548,7.30013,54.6,186.5,-4.2,ground level,1.456,,
Katukele,suburb,80.62737,7.28661,54.6,195.0,353.8,never,,,
Kebillawela,village,80.99354,6.81818,54.6,269.0,1085.6,never,,,
Mahaulpatha,village,80.99307,6.82558,54.6,268.1,923.8,never,,,
Uduwana,village,80.00561,6.82559,54.6,91.9,-3.1,ground level,2.049,16 Mar,27 Sep
Nawagamuwa,village,80.01531,6.90818,54.6,101.6,-5.1,ground level,2.067,19 Feb,22 Oct
Maspanna,village,80.94117,7.03069,54.6,243.4,1286.7,never,,,
Koralaima,village,80.00652,6.77114,54.7,85.6,3.5,<=10 m (3 storeys),,01 Apr,11 Sep
Nawagamuwa,village,80.01843,6.92431,54.7,103.5,-1.4,ground level,2.068,13 Feb,28 Oct
Illukmodara,suburb,80.67439,7.27342,54.8,200.7,467.5,never,,,
Dimbulana,village,80.9531,7.00996,54.8,246.1,1211.3,never,,,
Millaniya,village,80.02082,6.67998,54.8,74.9,3.5,<=10 m (3 storeys),,01 May,11 Aug
Ellawela,village,80.9833,6.91694,54.8,257.5,657.1,never,,,
Raigama,village,80.01084,6.71864,54.9,79.5,6.8,<=10 m (3 storeys),,17 Apr,25 Aug
Hiripitiya,village,80.0672,7.05446,54.9,119.6,-0.5,ground level,2.031,,
Gurudeniya,suburb,80.68672,7.26922,54.9,202.2,418.9,never,,,
Horawala,village,80.12714,6.48082,54.9,48.6,68.2,<=100 m (33 storeys),,,
Homagama,town,80.00345,6.84124,54.9,93.7,-1.8,ground level,2.038,11 Mar,02 Oct
Timbolketiya,village,80.79609,6.41175,54.9,323.3,178.0,never,,,
Ettalapitiya,village,80.99402,6.85562,54.9,264.7,1069.2,never,,,
Karadetiyana,village,80.34971,7.28266,54.9,162.5,108.9,<=150 m (50 storeys),,,
Rideethotuwa,village,80.28974,7.26061,55.0,155.1,138.8,<=150 m (50 storeys),,,
Walakada,village,80.69798,6.35286,55.1,336.5,458.1,never,,,
Anniewatta,village,80.62417,7.29229,55.1,194.5,107.1,<=150 m (50 storeys),,,
Bindunuwewa,village,80.99651,6.84581,55.1,265.8,1314.2,never,,,
Kalaganwaththa,village,80.89826,7.10855,55.1,233.1,1572.6,never,,,
Udawalawe,town,80.81721,6.42414,55.2,320.5,375.3,never,,,
Haragama,village,80.71558,7.26053,55.3,205.6,661.1,never,,,
Thawalama,village,80.34058,6.33518,55.3,18.6,268.9,never,,,
Wathupitiwala,suburb,80.11101,7.12562,55.4,129.2,-1.2,ground level,2.004,,
Arakagoda,village,80.01543,6.67789,55.4,74.9,-0.3,ground level,2.034,01 May,11 Aug
Medipokuna,village,80.96486,6.99641,55.4,248.1,1178.5,never,,,
Tennekumbura,suburb,80.66279,7.28363,55.5,199.0,689.2,never,,,
Kandy,city,80.63504,7.29312,55.5,195.7,382.9,never,,,
Nattarampota,suburb,80.67529,7.28001,55.5,200.5,499.8,never,,,
Ihala Bomiriya,village,80.01156,6.92848,55.5,103.8,-2.6,ground level,2.028,12 Feb,29 Oct
Godigamuwa East,village,79.99936,6.75644,55.6,84.0,2.0,<=10 m (3 storeys),,05 Apr,06 Sep
Nayabedde State,village,81.00209,6.80056,55.6,271.0,716.4,never,,,
Akwaththa,village,80.25702,7.25023,55.6,151.3,12.7,<=30 m (10 storeys),,,
Yatihalagala,village,80.59277,7.30336,55.6,190.7,102.3,<=150 m (50 storeys),,,
Diyagama,village,79.99536,6.81038,55.7,90.2,-0.6,ground level,2.005,20 Mar,22 Sep
Pinnawala,village,80.3863,7.30043,55.7,167.1,375.1,never,,,
Dapane,village,80.67302,6.3368,55.7,339.9,882.2,never,,,
Malwana,town,80.01519,6.9481,55.7,106.0,-1.4,ground level,2.024,05 Feb,05 Nov
MoonValley Estate,village,80.68314,7.27807,55.7,201.4,573.4,never,,,
Imbuldeniya,village,80.34939,7.29135,55.8,162.8,30.2,<=60 m (20 storeys),,,
Pandiwatte,village,80.67336,7.28291,55.8,200.2,542.5,never,,,
Dambetenne,village,81.00412,6.7827,55.9,273.0,1011.6,never,,,
Thanthiriya,village,81.00424,6.83449,55.9,267.2,1048.7,never,,,
Kalubowitiyana,town,80.40225,6.31378,55.9,11.1,522.7,never,,,
Gelanigama,village,80.00136,6.71877,56.0,79.7,0.1,ground level,2.011,16 Apr,26 Aug
Walgama Junction,suburb,79.99587,6.86506,56.0,96.4,1.4,ground level,1.998,05 Mar,08 Oct
Ettampitiya,town,80.98957,6.93696,56.0,255.4,612.1,never,,,
Kundasale,suburb,80.68446,7.28045,56.0,201.4,567.1,never,,,
Talwatta,suburb,80.65504,7.2911,56.0,197.9,632.3,never,,,
Morangahathenna,village,80.8924,7.12983,56.0,230.8,1522.4,never,,,
Galpatha,village,80.02494,6.6294,56.1,69.3,7.6,<=10 m (3 storeys),,24 May,19 Jul
Dewalegama,village,80.3222,7.28442,56.1,159.6,130.0,<=150 m (50 storeys),,,
Bomiriya,village,80.00726,6.93171,56.1,104.0,-1.1,ground level,1.997,12 Feb,29 Oct
Gohagoda,suburb,80.61265,7.30378,56.1,192.9,-0.1,ground level,1.503,,
Asgiriya,suburb,80.62903,7.30043,56.1,194.8,165.4,never,,,
Beligala,village,80.27294,7.26335,56.1,153.5,98.4,<=100 m (33 storeys),,,
Makalandaawa,village,80.1995,6.40015,56.1,36.3,130.9,<=150 m (50 storeys),,,
Ranpokunagama,village,80.10994,7.13687,56.2,130.1,5.9,<=10 m (3 storeys),,,
Kanduboda,village,80.02067,6.98186,56.2,109.9,1.5,ground level,1.974,22 Jan,19 Nov
Tholangamuwa,village,80.22439,7.23648,56.2,147.3,69.5,<=100 m (33 storeys),,,
Gawela,village,80.98609,6.95712,56.2,253.1,939.3,never,,,
Doolwala,village,80.59678,7.30912,56.3,191.0,179.3,never,,,
Korathota,village,80.00103,6.91454,56.3,102.0,12.6,<=30 m (10 storeys),,18 Feb,23 Oct
Udamaadura,village,80.92102,7.09578,56.3,235.8,1820.7,never,,,
Pallekele,suburb,80.69607,7.28053,56.4,202.7,399.3,never,,,
Yaalagamuwa,village,80.9498,7.04895,56.4,242.0,1305.8,never,,,
Mahaiyawa,suburb,80.63317,7.30166,56.4,195.2,315.6,never,,,
Oruwala,village,79.99553,6.89195,56.4,99.4,4.5,<=10 m (3 storeys),,25 Feb,16 Oct
Dharshanapura,village,80.69426,7.2821,56.5,202.4,367.8,never,,,
Kotabathma,village,81.00485,6.73375,56.5,278.5,1659.5,never,,,
Maduwegedara,village,80.09755,7.12596,56.5,128.3,2.4,<=10 m (3 storeys),,,
Dulgolla,village,81.01059,6.81515,56.5,269.4,1071.9,never,,,
Buwelikada,suburb,80.64985,7.29812,56.5,197.1,645.3,never,,,
Kadigamuwa,village,80.42803,7.31494,56.5,172.0,351.4,never,,,
Ginnaliya,village,80.65473,6.3221,56.6,342.3,747.5,never,,,
Godigamuwa West,village,79.99125,6.74854,56.6,83.2,-0.9,ground level,1.99,07 Apr,04 Sep
Thiththavelmankada,village,80.14861,7.1829,56.6,136.9,42.4,<=60 m (20 storeys),,,
Danowita,village,80.17411,7.20515,56.6,140.7,86.9,<=100 m (33 storeys),,,
Trinity Gardens,suburb,80.6993,7.28154,56.7,202.9,438.1,never,,,
Lewella,village,80.65729,7.29772,56.7,197.9,666.7,never,,,
Kinigama,village,81.01222,6.82763,56.7,268.0,878.9,never,,,
Weragoda,village,80.29044,7.27803,56.7,156.0,27.1,<=30 m (10 storeys),,,
Kahabiliyawala,village,80.2527,7.2587,56.7,151.3,5.7,<=10 m (3 storeys),,,
Athurugiriya,town,79.98993,6.87725,56.8,97.6,0.8,ground level,1.957,01 Mar,12 Oct
Warakapola,town,80.19654,7.22496,56.8,144.0,46.9,<=60 m (20 storeys),,,
Kulugammana,village,80.58934,7.31563,56.8,190.1,113.0,<=150 m (50 storeys),,,
Thudugala,village,80.04844,6.56327,56.8,61.4,56.3,<=60 m (20 storeys),,,
Pohorambe,village,80.34583,7.29929,56.8,162.6,54.6,<=60 m (20 storeys),,,
Nambuluwa,village,80.13468,7.1723,56.9,134.9,44.3,<=60 m (20 storeys),,,
Kelipanawela,village,81.00545,6.71463,56.9,280.6,1370.5,never,,,
Lalitha Rajapaksha Village,village,80.21883,6.37784,56.9,33.1,9.4,<=10 m (3 storeys),,,
Dummaladeniya,village,80.18887,7.22091,57.0,143.0,84.2,<=100 m (33 storeys),,,
Omalpe,village,80.68496,6.32881,57.0,338.9,552.4,never,,,
Naranwala,village,80.02283,7.00729,57.0,112.6,0.7,ground level,1.948,08 Jan,04 Dec
Weliwita Ihalagama,village,80.50511,7.32484,57.0,180.7,710.4,never,,,
Weniwelakola,village,79.98487,6.77291,57.0,86.0,-1.2,ground level,1.947,31 Mar,12 Sep
Kahathuduwa,village,79.98397,6.78313,57.1,87.1,-0.5,ground level,1.969,28 Mar,15 Sep
Halpitiya,village,79.98542,6.7551,57.1,84.0,-1.0,ground level,1.968,05 Apr,06 Sep
Deepangoda,village,79.98271,6.81372,57.1,90.5,-1.5,ground level,1.945,19 Mar,23 Sep
Mahawaththa,village,80.67898,7.29345,57.1,200.4,452.7,never,,,
Degaldoruwa,village,80.66233,7.29902,57.1,198.4,672.2,never,,,
Brahmanagama,village,79.98181,6.82151,57.2,91.4,0.0,ground level,1.951,17 Mar,26 Sep
Delgoda,town,80.01333,6.98706,57.2,110.1,5.6,<=10 m (3 storeys),,21 Jan,20 Nov
Kotapola,village,80.54418,6.29381,57.2,355.1,746.1,never,,,
Ranawiru Uyana,suburb,80.70523,7.28389,57.2,203.4,413.8,never,,,
Mapanawatura,suburb,80.62828,7.31077,57.2,194.4,135.8,<=150 m (50 storeys),,,
Hathamuna,village,79.98246,6.81671,57.2,90.9,-0.3,ground level,1.946,18 Mar,24 Sep
Walgama,village,79.98439,6.86397,57.2,96.1,-4.4,ground level,1.928,05 Mar,08 Oct
Kondadeniya,suburb,80.61749,7.31306,57.2,193.2,38.3,<=60 m (20 storeys),,,
Udupila,suburb,80.0155,6.99438,57.3,111.0,7.1,<=10 m (3 storeys),,17 Jan,24 Nov
Pachchakaatuwa,suburb,80.7043,7.285,57.3,203.3,444.1,never,,,
Pasyala,town,80.1242,7.16844,57.4,133.8,0.0,ground level,1.911,,
Bandaragama,town,79.98897,6.71451,57.4,79.5,-0.2,ground level,1.944,17 Apr,25 Aug
Urubokka,town,80.63135,6.30756,57.4,345.3,747.3,never,,,
Sirimalwatta,suburb,80.65885,7.30312,57.4,197.9,658.6,never,,,
Uguressapitiya,village,80.60115,7.31822,57.4,191.3,104.1,<=150 m (50 storeys),,,
Pore,village,79.98468,6.87985,57.4,97.9,1.1,ground level,1.946,01 Mar,12 Oct
Ambepussa,suburb,80.21098,7.24215,57.5,146.4,2.9,<=10 m (3 storeys),,,
Wattarantenna,suburb,80.62562,7.31387,57.5,194.1,146.5,<=150 m (50 storeys),,,
Uva Neluwa,village,81.00969,6.91152,57.5,258.7,794.0,never,,,
Kirigampamunuwa,village,79.97856,6.80539,57.6,89.6,-2.3,ground level,1.931,22 Mar,21 Sep
Hiripitiya,village,79.97886,6.82996,57.6,92.3,-2.6,ground level,1.924,15 Mar,28 Sep
Malagammana,village,80.58112,7.32417,57.6,189.0,81.3,<=100 m (33 storeys),,,
Weliweriya,town,80.02835,7.03228,57.6,115.4,-0.9,ground level,1.923,,
Batuwatta,village,80.31196,7.29559,57.6,159.0,14.9,<=30 m (10 storeys),,,
Kosmodara,village,80.56047,6.29131,57.7,353.3,679.6,never,,,
Aruppola,suburb,80.64624,7.30975,57.7,196.4,526.9,never,,,
Bandara Eliya,village,81.02126,6.7891,57.7,272.2,876.5,never,,,
Balagolla,suburb,80.71591,7.28548,57.8,204.5,482.5,never,,,
Koslanda,town,81.01825,6.74357,57.8,277.2,1598.9,never,,,
Thennelanda,village,80.80256,7.23504,57.8,215.4,1334.2,never,,,
Hambegamuwa,village,80.94856,6.54123,57.8,300.9,2.5,<=10 m (3 storeys),,,
Heeloya,village,81.02117,6.84483,57.8,266.1,1298.0,never,,,
Nambuluwa,village,79.9761,6.82635,57.9,91.9,18.4,<=30 m (10 storeys),,16 Mar,27 Sep
Hokandara North,village,79.98093,6.88162,57.9,98.0,1.0,ground level,1.934,28 Feb,13 Oct
Barigama,village,80.57803,7.32682,57.9,188.7,61.1,<=100 m (33 storeys),,,
Nittambuwa,town,80.0965,7.14408,57.9,129.8,2.7,<=10 m (3 storeys),,,
Mahena,village,80.20552,7.24302,57.9,145.9,22.8,<=30 m (10 storeys),,,
Ragalkanda,village,80.2491,7.26952,57.9,151.5,-4.0,ground level,1.862,,
Rambukkana,town,80.39575,7.32393,58.0,168.7,505.8,never,,,
Mattegoda,village,79.9747,6.81213,58.0,90.4,1.0,ground level,1.91,20 Mar,23 Sep
Koskandawala,village,80.04998,7.07961,58.0,121.1,58.7,<=60 m (20 storeys),,,
Dorapane,village,80.67607,6.31578,58.0,340.3,807.5,never,,,
Hatharaliyadda,town,80.46893,7.33269,58.0,176.7,756.5,never,,,
Ranawana,village,80.33696,7.30794,58.0,162.0,140.5,<=150 m (50 storeys),,,
Naranbedda,village,80.36194,7.31612,58.1,164.9,320.8,never,,,
Mawilmada,village,80.62969,7.31812,58.1,194.4,143.1,<=150 m (50 storeys),,,
Summer Field,village,80.71792,7.2871,58.1,204.6,489.6,never,,,
Mangedara,village,80.22135,7.25558,58.1,148.1,67.9,<=100 m (33 storeys),,,
Nugawela,village,80.58762,7.32833,58.2,189.7,111.4,<=150 m (50 storeys),,,
Wathuwala,village,80.60374,7.32548,58.2,191.4,114.7,<=150 m (50 storeys),,,
Biyagama,village,79.99056,6.94449,58.2,104.9,-1.1,ground level,1.917,09 Feb,01 Nov
Godapola,village,80.31459,7.30241,58.2,159.5,52.5,<=60 m (20 storeys),,,
Makumbura,village,79.97269,6.83923,58.3,93.3,-2.1,ground level,1.897,12 Mar,30 Sep
Pilawala,village,80.67877,7.30525,58.3,199.9,463.1,never,,,
Aladeniya,village,80.57107,7.33137,58.3,187.8,69.7,<=100 m (33 storeys),,,
Halpe,village,81.02033,6.89362,58.3,260.8,1012.9,never,,,
Pahala Kalugala,village,80.26723,7.28308,58.3,154.0,29.2,<=30 m (10 storeys),,,
Katugastota,town,80.62496,7.32208,58.4,193.8,72.0,<=100 m (33 storeys),,,
Meeriyabedda State,village,81.02599,6.76187,58.4,275.2,1335.0,never,,,
Theripehe,village,80.92787,7.11851,58.4,234.2,1912.2,never,,,
Walallawita,village,80.19653,6.37732,58.4,35.1,98.9,<=100 m (33 storeys),,,
Malapalla,village,79.9713,6.84467,58.5,93.9,-0.0,ground level,1.881,11 Mar,02 Oct
Kempane,village,80.71219,6.3247,58.5,336.3,320.0,never,,,
Angantenne,village,80.7279,7.28704,58.5,205.6,577.9,never,,,
Watapuluwa,suburb,80.64147,7.31894,58.5,195.6,355.0,never,,,
Wattarama,village,80.31868,7.3063,58.5,160.1,82.0,<=100 m (33 storeys),,,
Liyangahawela,village,81.02835,6.81362,58.5,269.5,1148.0,never,,,
Horagolla,village,80.08708,7.14194,58.5,129.0,-1.6,ground level,1.873,,
Kaduwela,city,79.98433,6.9357,58.6,103.8,-0.2,ground level,1.902,12 Feb,29 Oct
Kirimetiya,village,80.68758,7.30497,58.6,200.8,431.5,never,,,
Pallewela,village,80.2886,7.29543,58.6,156.6,26.9,<=30 m (10 storeys),,,
Daranagama,village,79.99721,6.97865,58.6,108.7,-4.3,ground level,1.889,27 Jan,14 Nov
Morethota,village,81.01564,6.93183,58.6,256.7,862.5,never,,,
,village,80.72766,7.28789,58.6,205.5,583.4,never,,,
Thihariya,village,80.07243,7.12523,58.7,126.6,1.3,ground level,1.883,,
Kengalla,village,80.72151,7.29166,58.7,204.7,515.0,never,,,
Aswalapitiya,village,80.72498,7.28981,58.7,205.1,586.2,never,,,
Kottawa South,village,79.96955,6.84882,58.7,94.3,-0.3,ground level,1.871,10 Mar,03 Oct
Maberiyatenna,village,80.7641,7.2706,58.8,209.8,766.8,never,,,
Ambalangoda,village,79.96854,6.77991,58.8,86.9,2.3,<=10 m (3 storeys),,28 Mar,14 Sep
Welmilla,village,79.97142,6.74858,58.8,83.5,1.3,ground level,1.882,06 Apr,05 Sep
Makulella,village,81.03074,6.83401,58.8,267.4,1030.9,never,,,
Deegalla,village,81.0033,6.98068,58.8,251.2,1231.8,never,,,
Kothalawala,village,79.97971,6.92269,58.8,102.4,0.5,ground level,1.894,16 Feb,25 Oct
Galdola,village,80.54726,6.27931,58.9,354.9,701.1,never,,,
Hedeniya,town,80.5579,7.3393,58.9,186.3,134.5,<=150 m (50 storeys),,,
Embulpura,village,80.59574,7.33359,58.9,190.4,41.9,<=60 m (20 storeys),,,
Ihala Kalugala,village,80.2753,7.29243,58.9,155.2,33.9,<=60 m (20 storeys),,,
Nugadeniya,village,80.67777,7.312,59.0,199.5,436.2,never,,,
Hokandara North,village,79.9712,6.88365,59.0,98.1,-1.7,ground level,1.885,28 Feb,13 Oct
Nugagala Mawatha,village,80.31774,6.30811,59.0,20.0,113.5,<=150 m (50 storeys),,,
Kottawa,town,79.96553,6.84301,59.1,93.7,1.9,<=10 m (3 storeys),,11 Mar,01 Oct
Imbulgasdeniya,village,80.31845,7.31276,59.1,160.3,18.5,<=30 m (10 storeys),,,
Nangalla,village,80.21471,7.26186,59.1,147.9,65.6,<=100 m (33 storeys),,,
kahawaththa,village,80.26216,7.28794,59.1,153.7,6.0,<=10 m (3 storeys),,,
Helamada,village,80.30336,7.30637,59.1,158.5,119.1,<=150 m (50 storeys),,,
Siyambalape South,village,79.98965,6.97171,59.1,107.7,-0.5,ground level,1.87,31 Jan,11 Nov
Pinhena,village,79.96466,6.83303,59.2,92.6,0.5,ground level,1.857,14 Mar,29 Sep
Kahanthota,village,79.97173,6.89959,59.2,99.8,1.5,ground level,1.864,24 Feb,17 Oct
Keheliyagam,village,80.68403,7.31157,59.2,200.2,436.2,never,,,
Kirilipane,village,80.58617,6.28138,59.2,350.7,687.1,never,,,
Kolongahawatte,village,80.72701,7.2946,59.2,205.1,576.4,never,,,
Kumbalwela,village,81.03158,6.87375,59.2,263.1,1210.3,never,,,
Ranawana,village,80.61923,7.33154,59.2,192.9,3.2,<=10 m (3 storeys),,,
,village,80.74452,7.28581,59.2,207.2,613.7,never,,,
Polwatte Junction,village,80.21764,6.35306,59.3,31.7,2.4,<=10 m (3 storeys),,,
Polgasowita,suburb,79.96386,6.78731,59.3,87.7,-1.2,ground level,1.878,26 Mar,16 Sep
Diyaluma,village,81.02971,6.73076,59.3,278.4,1714.4,never,,,
Opatha,village,80.24515,7.28133,59.3,151.8,33.5,<=60 m (20 storeys),,,
Kottawa North,village,79.96526,6.86065,59.3,95.5,-0.6,ground level,1.854,07 Mar,06 Oct
Arambekade,village,80.55044,7.34412,59.4,185.5,151.3,never,,,
Pittugala,village,79.97114,6.90966,59.4,100.8,2.9,<=10 m (3 storeys),,21 Feb,20 Oct
Beramada,village,80.97654,7.05716,59.4,242.5,1494.7,never,,,
Kalagedihena,village,80.0597,7.11923,59.5,125.2,-4.4,ground level,1.845,,
Galauda,village,80.98534,7.04198,59.5,244.4,1249.8,never,,,
Kirinda,village,81.02774,6.91298,59.5,258.9,783.3,never,,,
Migahawatta,village,79.99218,6.98969,59.5,109.6,6.8,<=10 m (3 storeys),,23 Jan,18 Nov
Hewagama,village,79.97436,6.92898,59.5,102.9,5.9,<=10 m (3 storeys),,15 Feb,26 Oct
Siddamulla,village,79.96127,6.82504,59.5,91.7,-5.4,ground level,1.849,16 Mar,26 Sep
Palagama,village,79.96264,6.77055,59.5,85.9,-0.3,ground level,1.868,31 Mar,11 Sep
Mulmediya,village,80.31781,6.30278,59.5,19.8,118.8,<=150 m (50 storeys),,,
,village,80.73801,7.29227,59.5,206.3,652.6,never,,,
Moragolla,village,80.31499,7.3163,59.6,160.1,56.1,<=60 m (20 storeys),,,
Polgolla,village,80.64673,7.32795,59.6,195.9,381.4,never,,,
Uda Gunnepana,village,80.65828,7.32455,59.6,197.1,647.2,never,,,
Dodangoda,village,80.02425,6.55477,59.6,61.9,-1.0,ground level,1.86,,
Helagama,village,80.97418,7.06539,59.6,241.7,1660.8,never,,,
Kithal Ella,village,81.03625,6.8653,59.7,264.1,1153.3,never,,,
Panamure,village,80.7723,6.34364,59.7,329.7,110.7,<=150 m (50 storeys),,,
Digana,town,80.73342,7.29649,59.7,205.7,563.2,never,,,
Godunna,village,80.97407,7.06657,59.7,241.5,1666.6,never,,,
Rajawella,village,80.73086,7.29681,59.7,205.4,535.8,never,,,
Rajapihilla,village,80.5935,7.34109,59.7,190.1,129.4,<=150 m (50 storeys),,,
Arangala Junction,suburb,79.96462,6.89083,59.8,98.7,1.0,ground level,1.85,26 Feb,15 Oct
Abasingammedda,village,80.67373,7.32189,59.8,198.8,565.0,never,,,
Rathupaswala,village,80.01671,7.05345,59.8,116.9,2.9,<=10 m (3 storeys),,,
Pitiyegedara,village,80.97757,7.0637,59.8,242.0,1709.4,never,,,
Meegahaella,village,80.97775,7.06156,59.8,242.2,1631.7,never,,,
Gurupihilla,village,80.97314,7.07038,59.8,241.1,1717.3,never,,,
Pitigala,town,80.22256,6.34358,59.9,30.8,111.1,<=150 m (50 storeys),,,
Mabima East,village,79.97637,6.95044,59.9,105.2,0.2,ground level,1.845,08 Feb,02 Nov
Yakkala,town,80.03356,7.08592,59.9,120.8,14.1,<=30 m (10 storeys),,,
Siddamulla,village,79.95785,6.81547,59.9,90.7,-2.0,ground level,1.835,19 Mar,24 Sep
Hurikaduwa,village,80.69659,7.31415,59.9,201.3,456.1,never,,,
Nawayalatenna,village,80.63117,7.33457,59.9,194.1,91.4,<=100 m (33 storeys),,,
Vidyala Junction,village,79.95957,6.86649,60.0,96.1,5.9,<=10 m (3 storeys),,05 Mar,08 Oct
Narangala,village,80.99743,7.02628,60.0,246.5,994.3,never,,,
Narangala,village,80.99721,7.02704,60.0,246.4,990.0,never,,,
Bathalawaltenna,village,80.97555,7.06983,60.0,241.3,1688.8,never,,,
Hokandara,village,79.9599,6.88048,60.1,97.6,-1.3,ground level,1.836,01 Mar,12 Oct
Heegoda,village,80.63789,6.28365,60.1,345.3,702.7,never,,,
Vilayaya,village,80.61735,6.27929,60.1,347.5,677.6,never,,,
Weediyawatta,village,80.03715,7.09602,60.1,121.9,0.1,ground level,1.834,,
Jangulla,village,81.00734,7.00301,60.1,249.1,1349.7,never,,,
Thulhiriya,village,80.22399,7.2792,60.2,149.7,73.6,<=100 m (33 storeys),,,
Ketawala,village,81.01179,6.99507,60.2,250.1,1188.6,never,,,
Kandahena,village,80.20432,7.26685,60.2,147.2,12.7,<=30 m (10 storeys),,,
Heraliyawala,village,79.95666,6.76748,60.2,85.6,0.9,ground level,1.844,01 Apr,11 Sep
Hewagama,village,79.96959,6.9359,60.2,103.5,-1.3,ground level,1.84,13 Feb,28 Oct
Hokandara South,village,79.95885,6.87266,60.2,96.7,-1.4,ground level,1.816,03 Mar,09 Oct
Menikhinna,town,80.70185,7.31572,60.3,201.8,459.2,never,,,
Welavilamulla,village,80.11055,7.19247,60.3,134.6,2.2,<=10 m (3 storeys),,,
Hurikaduwa,village,80.70608,7.31421,60.3,202.3,267.1,never,,,
Arambagama,village,80.5653,7.35094,60.3,187.0,53.6,<=60 m (20 storeys),,,
Bokalawela,village,80.60715,7.34366,60.3,191.4,106.2,<=150 m (50 storeys),,,
Indipalegoda Junction,village,80.22311,6.33966,60.3,30.5,83.0,<=100 m (33 storeys),,,
Mahabellana Junction,suburb,79.9632,6.70344,60.4,78.9,-0.3,ground level,1.835,19 Apr,23 Aug
Henagahawela,village,80.76415,7.28685,60.4,209.0,663.6,never,,,
Palkumbura Village,village,80.57633,7.34981,60.4,188.1,15.6,<=30 m (10 storeys),,,
Walala,village,80.69172,7.32035,60.4,200.6,351.6,never,,,
Poonagala,village,81.04538,6.78366,60.4,272.7,1163.1,never,,,
Raggahawatte,village,79.96858,6.93967,60.4,103.9,-1.3,ground level,1.831,12 Feb,29 Oct
Wariyagoda,village,80.24227,7.29095,60.4,152.0,15.4,<=30 m (10 storeys),,,
Wedikanda,village,80.23873,7.28919,60.4,151.6,38.4,<=60 m (20 storeys),,,
Kindelpitiya,village,79.95602,6.75258,60.4,84.1,0.3,ground level,1.835,05 Apr,07 Sep
Bokannoruwa,village,80.99375,7.04199,60.4,244.8,1156.8,never,,,
Panaliya,village,80.32524,7.32834,60.5,161.5,95.3,<=100 m (33 storeys),,,
Madawala,town,80.67351,7.32858,60.5,198.5,631.7,never,,,
Honnanthara,village,79.95263,6.79593,60.5,88.6,-1.7,ground level,1.813,24 Mar,19 Sep
Unagolla,village,80.97344,7.08408,60.5,239.9,1922.1,never,,,
Morawaka,town,80.49175,6.26127,60.6,0.8,442.9,never,,,
Kolongasthenna,village,81.03719,6.70425,60.6,281.1,1389.5,never,,,
Opatha,town,80.41189,6.26823,60.6,9.2,294.3,never,,,
Bujjomuwa,village,80.2102,7.27567,60.7,148.3,-0.9,ground level,1.771,,
Maha Doraliyadda,village,80.80664,7.26505,60.7,214.0,1066.3,never,,,
Pallethalawinna,village,80.64214,7.33941,60.7,195.1,275.8,never,,,
Weliweriya West,village,80.00115,7.0411,60.7,115.0,-1.9,ground level,1.8,,
Halpita,village,79.95096,6.7825,60.7,87.3,-1.6,ground level,1.812,28 Mar,15 Sep
Alawwa,town,80.23924,7.29402,60.8,151.8,1.1,ground level,1.767,,
Heiyanthuduwa,village,79.97094,6.96184,60.8,106.2,-0.0,ground level,1.805,05 Feb,05 Nov
Pelanawaththa,village,79.94929,6.82764,60.8,92.0,-1.0,ground level,1.807,16 Mar,27 Sep
Miriswatte,town,80.01606,7.07385,60.9,118.8,-1.4,ground level,1.804,,
Gorakapitiya,village,79.94874,6.81554,60.9,90.7,-0.4,ground level,1.809,19 Mar,24 Sep
Egodawatta,village,80.03235,7.10115,60.9,122.1,-1.6,ground level,1.805,,
Hiruwalamulla,village,80.0405,7.11369,60.9,123.6,-1.6,ground level,1.797,,
Medawathugoda,village,80.03387,7.10457,60.9,122.5,-2.3,ground level,1.8,,
Erewwela East,village,79.94965,6.83847,60.9,93.1,-0.1,ground level,1.798,13 Mar,30 Sep
Gorakapitiya,village,79.9484,6.81599,60.9,90.7,-2.7,ground level,1.804,19 Mar,24 Sep
Pitigoda,village,80.85655,7.22885,60.9,220.4,1747.7,never,,,
Pannipitiya,village,79.94863,6.84644,61.0,93.9,0.7,ground level,1.792,11 Mar,02 Oct
Hali-Ela,town,81.03225,6.95517,61.0,254.7,1045.5,never,,,
Medawala,town,80.56579,7.35716,61.0,186.9,75.4,<=100 m (33 storeys),,,
Ambepussa,village,80.1725,7.25356,61.0,143.7,60.5,<=100 m (33 storeys),,,
Uva Mawelagama,village,81.04318,6.71661,61.0,279.7,1613.2,never,,,
Malabe,town,79.95462,6.90407,61.1,99.9,-1.5,ground level,1.799,23 Feb,18 Oct
Mawaramandiya,village,79.97617,6.98733,61.1,108.9,-1.0,ground level,1.779,27 Jan,15 Nov
Nampamunuwa,village,79.94701,6.81285,61.1,90.4,-2.2,ground level,1.804,20 Mar,23 Sep
Udathalawinna,village,80.65229,7.3403,61.1,196.1,448.9,never,,,
Oraliyadda,village,80.30777,7.32766,61.1,159.8,-2.3,ground level,1.737,,
Ella,town,81.04899,6.87361,61.2,263.3,1240.9,never,,,
Ambatenna,village,80.61422,7.35089,61.2,192.0,69.3,<=100 m (33 storeys),,,
Gonawala,village,80.73319,7.31072,61.2,205.0,500.5,never,,,
Dampahala,village,80.6328,6.27236,61.2,346.1,639.0,never,,,
Welivita,village,79.96127,6.93866,61.2,103.6,-0.2,ground level,1.805,13 Feb,28 Oct
Aluthgam Goda,village,80.03016,7.10333,61.2,122.1,0.3,ground level,1.79,,
Mabima,village,79.96467,6.95314,61.2,105.1,-1.8,ground level,1.769,08 Feb,02 Nov
Udakekulawala,village,80.20678,7.28074,61.3,148.2,4.4,<=10 m (3 storeys),,,
Bulathgamgoda,village,80.03234,7.10833,61.3,122.7,-2.5,ground level,1.781,,
Wendaruwa,village,80.81942,7.26282,61.3,215.2,1145.1,never,,,
Moragasotuwa,village,80.62884,7.34807,61.3,193.5,-8.6,ground level,1.321,,
Mandandawela,village,80.71605,7.31968,61.3,203.0,212.6,never,,,
Uduwara,village,81.04129,6.92955,61.3,257.5,1114.9,never,,,
Yangalmodara,village,80.27808,7.31833,61.4,156.6,53.4,<=60 m (20 storeys),,,
Yagirala,village,80.16156,6.36916,61.4,37.6,76.1,<=100 m (33 storeys),,,
Gonahena,village,79.97843,7.00332,61.4,110.5,-3.4,ground level,1.766,20 Jan,22 Nov
Kirillawala,village,79.99023,7.03468,61.5,113.9,2.4,<=10 m (3 storeys),,,
Depanama,village,79.94524,6.8566,61.5,94.9,-1.0,ground level,1.775,08 Mar,05 Oct
Siyarapitiya,village,80.69189,6.28786,61.5,339.8,1042.3,never,,,
Mawiththara,village,79.94334,6.80374,61.5,89.5,2.8,<=10 m (3 storeys),,22 Mar,21 Sep
Makandana,village,79.94381,6.77765,61.5,86.8,-1.8,ground level,1.79,29 Mar,14 Sep
Arewwala,village,79.94233,6.83396,61.6,92.6,-1.2,ground level,1.789,14 Mar,29 Sep
Ihala Imbulgoda,village,79.99291,7.04215,61.6,114.8,-4.7,ground level,1.763,,
Dunuwila,village,80.81388,7.26999,61.6,214.3,1059.1,never,,,
Veyangoda,town,80.06025,7.15345,61.7,128.2,0.2,ground level,1.774,,
Pahurugolla,village,80.78281,7.28992,61.7,210.5,704.7,never,,,
Rambukwella,village,80.77782,7.29285,61.7,209.9,737.0,never,,,
Thalahena,village,79.95076,6.91449,61.7,100.9,3.7,<=10 m (3 storeys),,20 Feb,21 Oct
Maviththara,village,79.94056,6.80397,61.8,89.5,-0.6,ground level,1.764,22 Mar,21 Sep
Wellethota,village,80.7729,7.29725,61.8,209.3,694.0,never,,,
Hirieala,village,80.11072,7.21096,61.8,136.0,23.8,<=30 m (10 storeys),,,
Bengamuwa,village,80.60281,6.26041,61.8,349.4,789.3,never,,,
Ambale,village,80.81371,7.27185,61.8,214.2,1054.7,never,,,
Wathuliyadda,village,80.81285,7.27288,61.8,214.1,1042.5,never,,,
Deliwalathenna,village,80.72063,7.32273,61.8,203.3,181.2,never,,,
Kesbewa,city,79.94085,6.79574,61.8,88.7,4.6,<=10 m (3 storeys),,24 Mar,19 Sep
Kurusa Handiya,suburb,79.94859,6.70725,61.9,79.6,0.1,ground level,1.778,17 Apr,25 Aug
Siyambalapitiya,village,80.20538,7.28638,61.9,148.4,0.7,ground level,1.712,,
Rukmalpitiya,village,80.66921,6.27611,61.9,342.4,788.9,never,,,
Indola,village,80.61988,6.26259,61.9,347.6,728.4,never,,,
Haliyadda,village,80.81123,7.27462,61.9,213.8,1000.6,never,,,
Elamalpotha,village,80.73571,7.31686,61.9,205.0,441.3,never,,,
Akurana,suburb,80.60062,7.36032,61.9,190.4,73.4,<=100 m (33 storeys),,,
Kalalgoda,village,79.9418,6.86832,62.0,96.1,-2.1,ground level,1.765,05 Mar,08 Oct
Pattiwila,village,79.9549,6.94408,62.0,104.0,-1.7,ground level,1.773,12 Feb,29 Oct
Polwatta,village,79.9409,6.8592,62.0,95.2,6.0,<=10 m (3 storeys),,08 Mar,05 Oct
Moragahamula,village,80.80852,7.27898,62.1,213.3,920.3,never,,,
Kandegedara,village,81.02028,7.01942,62.1,248.0,1106.6,never,,,
Dabogala,village,80.5958,6.25627,62.1,350.1,740.2,never,,,
Bambarabedda,village,80.84846,7.24958,62.1,218.4,1296.5,never,,,
Kiriberiya,village,79.94345,6.72876,62.1,81.8,-6.3,ground level,1.749,11 Apr,01 Sep
Polgahawela,town,80.30025,7.33526,62.2,159.3,2.7,<=10 m (3 storeys),,,
Woodside,village,80.83437,7.26191,62.2,216.5,1046.4,never,,,
Udawela,village,80.77248,7.30138,62.2,209.0,614.5,never,,,
Arambekema,village,80.98977,6.53443,62.2,299.3,579.3,never,,,
Udahamulla,village,79.94916,6.92537,62.2,102.0,-1.0,ground level,1.772,18 Feb,24 Oct
Bogahamaditta,village,81.03936,6.96881,62.2,253.5,1014.1,never,,,
Wavinna,village,80.69316,7.33893,62.3,200.1,367.7,never,,,
Wilamuna,village,80.76772,7.30528,62.3,208.4,582.4,never,,,
Thalahena,village,79.94478,6.9084,62.3,100.2,-0.7,ground level,1.759,22 Feb,19 Oct
Thalangama North,village,79.94406,6.90751,62.3,100.1,-0.4,ground level,1.756,23 Feb,18 Oct
Pattiwila,village,79.95481,6.95327,62.3,104.9,4.7,<=10 m (3 storeys),,09 Feb,01 Nov
Erewwela West,village,79.93577,6.82995,62.3,92.2,-1.3,ground level,1.746,15 Mar,27 Sep
Galagedara,town,80.52469,7.37297,62.4,182.6,246.4,never,,,
Nagoda,town,79.9887,6.56903,62.4,64.9,8.0,<=10 m (3 storeys),,,
Golagammana,village,80.54177,7.3721,62.4,184.3,21.9,<=30 m (10 storeys),,,
Akuregoda,village,79.94182,6.89628,62.4,98.9,-0.6,ground level,1.743,26 Feb,15 Oct
Indiparape,village,80.11395,7.22182,62.4,137.0,65.0,<=100 m (33 storeys),,,
Muttettugoda,village,79.94275,6.90422,62.4,99.7,-1.8,ground level,1.744,24 Feb,17 Oct
Makuluduwa,village,79.93495,6.81533,62.4,90.7,-0.7,ground level,1.749,19 Mar,24 Sep
Thunkandura,village,80.64987,7.35343,62.4,195.5,274.6,never,,,
Weerapana,town,80.42031,6.25072,62.4,8.1,264.6,never,,,
Wegala,village,80.79969,7.2884,62.5,212.1,881.1,never,,,
Batagalla,village,80.59303,7.36654,62.5,189.6,83.7,<=100 m (33 storeys),,,
Parape,village,80.41027,7.36781,62.5,171.0,340.9,never,,,
Ihala Biyanwila,village,79.96508,6.99506,62.5,109.2,3.7,<=10 m (3 storeys),,25 Jan,16 Nov
Abbowa,village,80.20641,7.29447,62.6,148.9,30.0,<=60 m (20 storeys),,,
Teldeniya,town,80.76495,7.30964,62.6,208.0,658.7,never,,,
Paragala,village,80.52927,6.24375,62.6,357.0,357.2,never,,,
Avittawa,village,80.14668,6.3668,62.6,38.6,148.5,<=150 m (50 storeys),,,
Maruddana,village,80.54765,7.37366,62.6,184.9,90.9,<=100 m (33 storeys),,,
Warakagoda,village,80.5411,7.37458,62.7,184.2,14.5,<=30 m (10 storeys),,,
Bamunupola,village,80.60502,7.36609,62.7,190.8,56.0,<=60 m (20 storeys),,,
Udumulla,village,79.9427,6.91981,62.7,101.3,2.7,<=10 m (3 storeys),,19 Feb,22 Oct
Demodera,village,81.05964,6.89818,62.7,261.0,1270.4,never,,,
Makola South,village,79.95712,6.97514,62.7,107.1,-3.7,ground level,1.733,02 Feb,08 Nov
Talawatugoda,town,79.93536,6.87632,62.8,96.8,8.4,<=10 m (3 storeys),,03 Mar,10 Oct
Wijaya Rajadahana,village,80.1178,7.2305,62.8,137.9,81.7,<=100 m (33 storeys),,,
Godawela,village,80.30297,7.34199,62.8,159.8,0.1,ground level,1.68,,
Udathenna,village,80.81283,7.28281,62.8,213.5,861.2,never,,,
Jambugahapitiya,village,80.63886,7.36018,62.8,194.2,1.9,<=10 m (3 storeys),,,
Ranmuthugala,village,79.97188,7.01981,62.8,111.8,7.7,<=10 m (3 storeys),,13 Jan,29 Nov
Bemmulla,village,80.02577,7.12325,62.8,123.6,-0.3,ground level,1.726,,
Mudagamuwa,village,80.98324,7.10789,62.8,238.3,2096.5,never,,,
Bollegala,village,79.94764,6.94415,62.8,103.8,1.3,ground level,1.737,12 Feb,29 Oct
Ambatale,village,79.94483,6.93741,62.9,103.1,-1.2,ground level,1.741,14 Feb,27 Oct
Miriswatte,village,79.93079,6.79732,62.9,88.8,-0.7,ground level,1.727,23 Mar,19 Sep
Madaliyadda,village,80.75628,7.31753,62.9,206.8,537.4,never,,,
Banadarawatta,village,80.01082,7.10148,62.9,120.9,-0.9,ground level,1.732,,
Eldeniya,village,79.96532,7.00962,63.0,110.6,2.7,<=10 m (3 storeys),,19 Jan,22 Nov
Hirana,village,79.93476,6.73331,63.0,82.4,-1.0,ground level,1.724,09 Apr,02 Sep
Makola North,village,79.95594,6.98196,63.0,107.7,-1.1,ground level,1.717,31 Jan,11 Nov
Mulleriyawa,town,79.94051,6.92728,63.1,102.0,-0.5,ground level,1.722,17 Feb,24 Oct
Gangasirigama,village,80.74521,7.32415,63.1,205.5,557.5,never,,,
Madapatha,village,79.93065,6.76669,63.1,85.8,-2.1,ground level,1.732,31 Mar,11 Sep
Dewinnegama,village,80.85034,7.25931,63.1,217.9,1202.6,never,,,
Mahakumbura Pahala,village,80.64412,7.36143,63.1,194.7,46.6,<=60 m (20 storeys),,,
Gallella Gama,village,80.55205,7.37768,63.1,185.3,84.1,<=100 m (33 storeys),,,
Kudagama,village,80.35797,7.3623,63.1,165.7,55.1,<=60 m (20 storeys),,,
Mampe,village,79.92856,6.80912,63.1,90.0,1.7,ground level,1.727,20 Mar,22 Sep
Pamunuwa,village,79.92889,6.84919,63.2,94.1,0.1,ground level,1.712,10 Mar,02 Oct
Wattegama,town,80.68259,7.35132,63.2,198.7,548.0,never,,,
Kumbaloluwa,village,80.75216,7.32218,63.2,206.2,652.0,never,,,
Himbutana,village,79.93926,6.9239,63.2,101.6,-0.1,ground level,1.722,18 Feb,23 Oct
Sapugaskanda,village,79.94996,6.96744,63.2,106.1,2.3,<=10 m (3 storeys),,05 Feb,05 Nov
Mahawila,suburb,79.93619,6.70705,63.3,79.8,-0.4,ground level,1.722,16 Apr,26 Aug
Heewelkandura,village,81.06503,6.72101,63.3,278.9,1764.1,never,,,
Pamunuwa,village,79.92898,6.85689,63.3,94.8,-3.6,ground level,1.72,08 Mar,04 Oct
Mirigama,town,80.12992,7.24751,63.4,139.9,32.3,<=60 m (20 storeys),,,
Makola,suburb,79.94993,6.97495,63.4,106.8,21.5,<=30 m (10 storeys),,03 Feb,08 Nov
Rajagala,village,80.82796,7.28004,63.4,214.9,924.1,never,,,
Orutota,village,80.74417,7.32757,63.4,205.3,579.5,never,,,
Miriswatte,village,79.93337,6.71522,63.4,80.6,-1.2,ground level,1.713,14 Apr,28 Aug
Eladaluwa,village,81.05081,6.96787,63.4,254.0,945.7,never,,,
Makkanigama,village,80.70153,7.346,63.4,200.6,150.1,never,,,
Kellapatha Junction,village,80.21263,6.3122,63.5,30.0,64.4,<=100 m (33 storeys),,,
Maharagama,city,79.92661,6.84728,63.5,93.8,1.0,ground level,1.706,11 Mar,02 Oct
Udumulla,village,79.93909,6.93634,63.5,102.8,-0.8,ground level,1.719,15 Feb,26 Oct
Aluthwela,village,81.04623,6.63247,63.5,287.9,1484.4,never,,,
Katupelella,suburb,81.04462,6.99024,63.5,251.6,1198.3,never,,,
Medamahanuwara,town,80.81725,7.28913,63.6,213.5,820.6,never,,,
Pasgoda,village,80.60954,6.24502,63.6,349.0,810.7,never,,,
Wataketiya,village,80.84708,7.26752,63.6,217.2,1109.3,never,,,
Uva - Karandagolla,village,81.07434,6.83327,63.6,267.6,1628.6,never,,,
Bandawa,village,80.30526,7.35117,63.6,160.3,2.3,<=10 m (3 storeys),,,
Pelawatte,town,79.92896,6.8916,63.7,98.3,-1.1,ground level,1.711,27 Feb,13 Oct
Poojapitiya,village,80.58669,7.3785,63.7,188.7,1.1,ground level,1.245,,
Inguruwaththa,village,80.43275,7.38168,63.7,173.4,240.8,never,,,
Kannadeniya,village,80.47241,7.38528,63.7,177.4,295.3,never,,,
Batakettara,village,79.92276,6.78301,63.8,87.4,-3.0,ground level,1.693,27 Mar,15 Sep
Meeriyagolla,village,80.83533,7.27894,63.8,215.6,950.6,never,,,
Tennepanguwa,village,81.01011,7.07916,63.8,242.1,1649.2,never,,,
Koswatte,suburb,79.92937,6.90795,63.9,99.9,-0.6,ground level,1.706,23 Feb,18 Oct
Katuwana,town,80.69101,6.26472,63.9,340.6,1040.7,never,,,
Gampaha,city,79.99514,7.09256,63.9,119.4,0.5,ground level,1.702,,
Himbutana WP,village,79.9328,6.92634,63.9,101.7,-0.0,ground level,1.695,18 Feb,23 Oct
Unagolla,village,81.05902,6.95563,63.9,255.3,1043.8,never,,,
Udispattuwa,village,80.78468,7.3135,64.0,209.5,537.6,never,,,
Doragamuwa,village,80.65851,7.36571,64.0,196.0,259.9,never,,,
Thalwatte,village,79.93781,6.94933,64.0,104.1,1.4,ground level,1.704,11 Feb,30 Oct
Kukulnape,village,80.07999,7.20898,64.0,133.7,-6.8,ground level,1.668,,
Panangala Dhahe kade,village,80.32547,6.25789,64.0,17.6,284.9,never,,,
Mulleriyawa,village,79.93308,6.93536,64.1,102.6,1.5,ground level,1.701,16 Feb,25 Oct
Alugolla,village,81.04669,7.00083,64.1,250.7,1321.5,never,,,
Molagoda,village,80.55079,7.3867,64.1,185.1,131.5,<=150 m (50 storeys),,,
Oruthota,village,79.98713,7.08089,64.1,118.0,1.3,ground level,1.691,,
Nikapitiya,village,81.06813,6.69703,64.1,281.2,1378.2,never,,,
Bokundara,village,79.92004,6.81889,64.1,91.0,0.7,ground level,1.698,18 Mar,25 Sep
Kadawatha,town,79.95123,7.00214,64.2,109.4,4.1,<=10 m (3 storeys),,24 Jan,17 Nov
Thalangama,village,79.92633,6.90604,64.2,99.6,-0.1,ground level,1.695,24 Feb,17 Oct
Eluwila,suburb,79.92774,6.70877,64.2,80.1,-1.0,ground level,1.695,15 Apr,27 Aug
Gonawala,village,79.9377,6.95653,64.2,104.7,2.7,<=10 m (3 storeys),,09 Feb,01 Nov
Madiwela,suburb,79.92185,6.87901,64.3,96.9,-0.9,ground level,1.695,03 Mar,10 Oct
Kalutara,city,79.9633,6.58526,64.3,67.4,-0.8,ground level,1.695,06 Jun,06 Jul
Bokundara,village,79.91789,6.81851,64.3,91.0,4.0,<=10 m (3 storeys),,18 Mar,24 Sep
Rotumba,village,80.57761,6.23345,64.3,352.3,512.0,never,,,
Keulgama,village,80.8618,7.26441,64.3,218.5,1634.7,never,,,
Gabbela,village,80.78764,7.3144,64.3,209.7,533.4,never,,,
Kahapathwala,village,80.46715,7.38964,64.3,176.9,501.9,never,,,
Pahala Biyanwila,village,79.94683,6.99092,64.3,108.3,0.5,ground level,1.667,29 Jan,13 Nov
Meeappaha,village,80.80027,7.30849,64.4,211.1,768.1,never,,,
Iskole Muduna,village,80.79485,7.31303,64.5,210.4,555.6,never,,,
Narampanawa,village,80.73245,7.34389,64.5,203.6,196.1,never,,,
Malwanahinna,village,80.61614,7.3811,64.5,191.6,24.7,<=30 m (10 storeys),,,
Mulleriyawa New Town,town,79.92774,6.92823,64.5,101.8,1.6,ground level,1.673,18 Feb,23 Oct
Walpola,village,79.92688,6.92201,64.5,101.2,-1.1,ground level,1.683,20 Feb,21 Oct
Mulleriyawa North,village,79.93138,6.94511,64.5,103.5,2.5,<=10 m (3 storeys),,13 Feb,28 Oct
Naiwala,village,80.0309,7.15937,64.6,126.8,1.8,<=10 m (3 storeys),,,
Katukurunda,town,79.96999,6.56241,64.6,65.0,-0.0,ground level,1.682,,
Thennekade,village,80.79945,7.31047,64.6,210.9,747.5,never,,,
Wewelhinna,village,81.07155,6.92971,64.6,258.1,958.3,never,,,
Pamunuwila,village,79.93732,6.96953,64.6,106.0,5.3,<=10 m (3 storeys),,05 Feb,05 Nov
Pothupitiya,village,79.93936,6.64121,64.7,73.3,-0.2,ground level,1.68,06 May,06 Aug
Aggona,village,79.92374,6.91651,64.7,100.6,1.8,<=10 m (3 storeys),,21 Feb,20 Oct
Labuhengoda,village,80.74545,6.27834,64.7,335.2,218.8,never,,,
Panakaduwa,village,80.54912,6.22682,64.7,355.2,594.6,never,,,
Putuhapuwa,village,80.75598,7.33551,64.7,206.0,377.9,never,,,
Thalapathpitiya,village,79.91589,6.86741,64.8,95.7,-1.3,ground level,1.662,06 Mar,07 Oct
Badulla,city,81.05703,6.99004,64.8,252.0,1233.4,never,,,
Sri Jayewardenepura Kotte,city,79.91874,6.88832,64.8,97.8,-0.3,ground level,1.681,01 Mar,12 Oct
Suriyagahagoda,village,80.78826,6.29926,64.8,330.5,148.3,<=150 m (50 storeys),,,
Bokkawala,town,80.5532,7.3934,64.8,185.3,19.4,<=30 m (10 storeys),,,
Galabawa,village,80.47827,7.39512,64.8,178.0,412.6,never,,,
Delthara,village,79.91414,6.78392,64.8,87.6,-2.0,ground level,1.671,27 Mar,16 Sep
Battaramulla,town,79.91958,6.90218,64.9,99.2,6.7,<=10 m (3 storeys),,25 Feb,16 Oct
Angoda,town,79.92572,6.93602,64.9,102.5,-1.0,ground level,1.671,16 Feb,25 Oct
Wadduwa,town,79.93051,6.66397,64.9,75.7,-1.5,ground level,1.671,28 Apr,14 Aug
Pussellakanda,village,81.0383,7.04235,64.9,246.6,1107.7,never,,,
Dehigashinna,village,80.79345,7.31707,64.9,210.1,495.3,never,,,
Dunuwila,village,80.64791,7.37775,64.9,194.7,41.8,<=60 m (20 storeys),,,
Kandalama (WP),village,80.13891,7.27289,64.9,142.2,167.3,never,,,
Thumbowila,village,79.91241,6.81173,64.9,90.3,0.2,ground level,1.671,20 Mar,23 Sep
Kanupelella,suburb,81.06218,6.97581,64.9,253.5,1125.8,never,,,
Suwarapola,village,79.91188,6.79781,65.0,88.9,0.9,ground level,1.662,23 Mar,19 Sep
Retiyagama,village,80.80841,7.31015,65.0,211.7,832.4,never,,,
Hedigama,village,79.91164,6.79084,65.0,88.3,-3.3,ground level,1.663,25 Mar,18 Sep
Naranowita,village,80.21978,6.29202,65.0,28.4,98.2,<=100 m (33 storeys),,,
Kandewatta,village,80.85007,7.28298,65.1,216.5,1218.8,never,,,
Yatawara,village,80.66989,7.37286,65.1,196.8,567.6,never,,,
Andaluwa,village,80.60447,6.22989,65.1,349.8,680.7,never,,,
Nawelagama,village,81.08339,6.88323,65.1,262.8,1187.3,never,,,
Mallehewa,village,80.19784,7.3165,65.2,149.3,-1.2,ground level,1.616,,
Puwakgodamulla,village,81.05736,7.00201,65.2,250.9,1586.3,never,,,
Kahakurullanpelessa,village,81.00902,6.51181,65.2,300.3,-0.5,ground level,1.553,,
Gonawala Kelaniya,village,79.92691,6.95263,65.2,104.1,0.2,ground level,1.663,11 Feb,30 Oct
Wethalaawa,village,80.82163,7.30469,65.3,213.0,471.4,never,,,
Pahala Karagahamuna,village,79.94173,7.00423,65.3,109.3,1.8,<=10 m (3 storeys),,24 Jan,17 Nov
Kalapaluwawa,village,79.91879,6.91903,65.3,100.8,13.3,<=30 m (10 storeys),,21 Feb,20 Oct
Pirivena Junction,village,79.90841,6.84209,65.4,93.2,0.9,ground level,1.65,12 Mar,30 Sep
Kelanimulla,village,79.92396,6.94613,65.4,103.4,-0.8,ground level,1.661,13 Feb,28 Oct
Rideepana,village,81.05531,7.01294,65.4,249.9,1453.6,never,,,
Hingurugamuwa,suburb,81.0677,6.97345,65.4,253.9,1081.8,never,,,
Nalapaya,village,80.04137,7.18543,65.5,129.5,-2.0,ground level,1.623,,
Karametiya Junction,village,80.67163,6.24257,65.5,343.1,872.7,never,,,
Panwila,village,80.71489,7.36168,65.5,201.3,101.3,<=150 m (50 storeys),,,
Konakalagala,village,80.61664,7.39042,65.5,191.4,7.3,<=10 m (3 storeys),,,
Dolapihilla,village,80.58014,7.39601,65.5,187.9,-9.3,ground level,1.117,,
Godamunna,village,80.78475,7.32842,65.5,208.8,256.6,never,,,
Embilipitiya,town,80.85383,6.33406,65.6,323.3,0.6,ground level,1.602,,
Horawinna,village,80.70452,6.25241,65.6,339.8,1005.4,never,,,
Aliyathenna,village,80.63072,7.38785,65.6,192.8,6.1,<=10 m (3 storeys),,,
Watagoda,village,80.58898,7.39589,65.6,188.7,81.9,<=100 m (33 storeys),,,
Akarawita,village,79.97851,7.0947,65.6,118.8,-1.4,ground level,1.642,,
Wewala,village,79.90645,6.80256,65.6,89.4,-0.6,ground level,1.642,22 Mar,21 Sep
Nugethenna,village,80.85598,7.28545,65.7,216.8,1350.4,never,,,
Makuldeniya,village,80.77374,7.33702,65.7,207.5,246.5,never,,,
Madugalla,village,80.88519,7.26182,65.7,220.4,1395.5,never,,,
Werahera,suburb,79.90574,6.82705,65.7,91.8,-0.6,ground level,1.641,16 Mar,27 Sep
Atgalgoda,village,79.91616,6.93061,65.8,101.8,-2.5,ground level,1.64,18 Feb,23 Oct
Kaluaggala,village,80.08593,7.23718,65.8,136.1,1.5,ground level,1.61,,
Kandana,village,81.0796,6.94368,65.8,257.0,876.8,never,,,
Ketawala,village,80.41443,7.39809,65.8,171.8,15.8,<=30 m (10 storeys),,,
Porawagama,village,80.22781,6.2802,65.8,27.2,131.1,<=150 m (50 storeys),,,
Hindagoda,suburb,81.069,6.98495,65.9,252.9,1146.5,never,,,
Giddawa Waradiwela,village,80.75497,7.34843,65.9,205.4,225.0,never,,,
Pangollamada,village,80.63521,7.38954,65.9,193.2,34.2,<=60 m (20 storeys),,,
Arambepola,village,80.61471,7.39444,65.9,191.2,-5.2,ground level,1.127,,
Maliyadda,village,81.01112,7.11628,65.9,239.0,2189.3,never,,,
Kiribathgoda,town,79.92699,6.97815,66.0,106.5,-1.6,ground level,1.635,04 Feb,06 Nov
Ganemulla,town,79.96139,7.06828,66.0,115.8,2.6,<=10 m (3 storeys),,,
Kotikawatte,town,79.91598,6.93614,66.0,102.3,-0.2,ground level,1.636,16 Feb,25 Oct
Manampita,village,80.26431,6.26114,66.0,23.3,116.6,<=150 m (50 storeys),,,
Metikumbura,village,80.31373,7.37627,66.0,161.9,6.7,<=10 m (3 storeys),,,
Boralesgamuwa South,village,79.90323,6.83947,66.0,93.0,0.0,ground level,1.637,13 Mar,30 Sep
Malatawela,village,81.09228,6.72992,66.1,277.6,2031.2,never,,,
Ihala Karagahamuna,village,79.93825,7.01704,66.1,110.4,-2.8,ground level,1.613,20 Jan,21 Nov
Ballaketuwa,town,81.09532,6.86011,66.1,265.1,1314.2,never,,,
Balaharuwa,village,81.04699,6.57025,66.1,293.6,710.6,never,,,
Watareka,village,80.43901,7.40448,66.1,174.2,46.6,<=60 m (20 storeys),,,
Kotikawaththa,village,79.91333,6.92877,66.1,101.6,-1.2,ground level,1.637,19 Feb,22 Oct
Willorawaththa,village,79.90197,6.78594,66.1,87.8,-1.3,ground level,1.619,26 Mar,16 Sep
Boralesgamuwa,town,79.9017,6.84106,66.2,93.1,-0.7,ground level,1.627,13 Mar,30 Sep
Kelaniya,town,79.91727,6.95012,66.2,103.7,0.7,ground level,1.632,13 Feb,29 Oct
Muwankanda,village,80.42546,7.4039,66.2,173.0,55.6,<=60 m (20 storeys),,,
Ganegoda,village,80.1631,6.3147,66.2,34.3,64.6,<=100 m (33 storeys),,,
Ethul Kotte,suburb,79.90667,6.90388,66.3,99.1,-2.6,ground level,1.627,25 Feb,16 Oct
Welipitiya,village,80.7438,6.26171,66.3,336.0,389.6,never,,,
Walana,village,79.90475,6.73118,66.3,82.6,-1.0,ground level,1.628,09 Apr,03 Sep
Malandeniya,village,80.45138,7.40671,66.3,175.4,379.2,never,,,
Indibedda,village,79.89995,6.77983,66.3,87.2,3.7,<=10 m (3 storeys),,27 Mar,15 Sep
Gangodawila,village,79.90231,6.86217,66.3,95.1,-1.0,ground level,1.625,08 Mar,05 Oct
Delkanda,town,79.90142,6.86309,66.4,95.2,-2.5,ground level,1.623,07 Mar,05 Oct
Abhayapura,village,80.19542,7.3277,66.4,149.7,2.8,<=10 m (3 storeys),,,
Gomila,village,80.59806,6.21737,66.4,350.6,472.4,never,,,
Kahatagastenna,village,80.57474,7.40475,66.4,187.2,147.5,<=150 m (50 storeys),,,
Pallimulla,village,79.90276,6.7419,66.4,83.6,0.1,ground level,1.626,06 Apr,06 Sep
Katugasthara,village,79.97247,7.09752,66.4,118.7,-0.8,ground level,1.615,,
Kirindiwita,village,79.9688,7.09182,66.4,118.1,-0.8,ground level,1.618,,
Kajugahawatte,village,79.91057,6.92665,66.4,101.3,-1.0,ground level,1.612,19 Feb,22 Oct
Hela Pupula,village,81.09448,6.89448,66.4,261.9,1241.8,never,,,
Sinharamulla,village,79.91497,6.95033,66.4,103.6,-0.7,ground level,1.623,13 Feb,28 Oct
Pitakotte,suburb,79.90205,6.88407,66.5,97.2,1.9,<=10 m (3 storeys),,02 Mar,11 Oct
Mirihana,suburb,79.90106,6.87533,66.5,96.4,-2.3,ground level,1.607,04 Mar,08 Oct
Hunnasgiriya,town,80.85181,7.29726,66.5,215.8,957.9,never,,,
Maggona,village,79.98128,6.5038,66.5,59.5,2.8,<=10 m (3 storeys),,,
Raththanapitiya,suburb,79.89773,6.8484,66.6,93.8,2.6,<=10 m (3 storeys),,11 Mar,02 Oct
Delpe,village,79.93524,7.02116,66.6,110.6,1.2,ground level,1.598,19 Jan,23 Nov
Kohilawatte,village,79.9129,6.94617,66.6,103.2,-0.9,ground level,1.62,14 Feb,27 Oct
Ambagahaoya,village,81.05896,7.03254,66.6,248.2,1728.6,never,,,
Ellekade,village,80.59706,7.4036,66.6,189.3,34.2,<=60 m (20 storeys),,,
Sarikkamulla,village,79.89981,6.75272,66.6,84.7,3.0,<=10 m (3 storeys),,03 Apr,08 Sep
Galbokka,village,81.09998,6.75683,66.6,275.0,2132.1,never,,,
Mawathapola,village,80.61518,7.40166,66.7,191.1,7.7,<=10 m (3 storeys),,,
Godahena,village,80.57333,7.40834,66.7,187.1,14.6,<=30 m (10 storeys),,,
Gorakana,village,79.89808,6.7595,66.7,85.3,-0.3,ground level,1.612,01 Apr,10 Sep
Iriyawetiya,village,79.92047,6.98053,66.7,106.5,-0.9,ground level,1.603,04 Feb,07 Nov
Maha Buthgamuwa,village,79.91155,6.94385,66.7,103.0,-1.3,ground level,1.616,15 Feb,26 Oct
Warapitiya,village,80.63838,6.22186,66.8,346.7,724.2,never,,,
Gothatuwa,town,79.90606,6.92966,66.9,101.5,2.3,<=10 m (3 storeys),,19 Feb,22 Oct
Walahena,village,80.60239,7.40571,66.9,189.8,46.7,<=60 m (20 storeys),,,
Divulpitiya,village,79.89462,6.85142,67.0,94.0,-0.0,ground level,1.605,10 Mar,02 Oct
Sapugahayaya,village,80.77756,6.27081,67.0,332.7,151.3,never,,,
Pilapitiya,village,79.90986,6.95128,67.0,103.6,-0.6,ground level,1.604,13 Feb,28 Oct
Udugampola,village,79.98123,7.12608,67.1,121.5,5.8,<=10 m (3 storeys),,,
Wellawaya,town,81.10184,6.73178,67.1,277.3,2191.9,never,,,
Spring Valley,village,81.09476,6.92722,67.1,258.8,978.6,never,,,
Galdeniya,village,80.159,7.31204,67.1,146.0,1.5,ground level,1.559,,
Maadinnagoda,village,79.90236,6.91892,67.1,100.5,-1.3,ground level,1.598,22 Feb,19 Oct
Keppitiwalana,village,80.18385,7.32853,67.2,148.8,34.7,<=60 m (20 storeys),,,
Malwatte,village,79.90363,6.92957,67.2,101.5,-1.2,ground level,1.597,19 Feb,22 Oct
Rambukpotha,suburb,81.08186,6.9829,67.2,253.4,1049.9,never,,,
Wedamulla,village,79.9104,6.95971,67.2,104.4,-1.0,ground level,1.599,10 Feb,31 Oct
Telawala,village,79.89173,6.80464,67.2,89.6,-0.9,ground level,1.598,21 Mar,21 Sep
Pitabeddara,town,80.47405,6.20114,67.3,2.4,455.1,never,,,
Thalgaswala,suburb,80.27305,6.24433,67.3,21.9,44.7,<=60 m (20 storeys),,,
Paragahadeniya,village,80.47264,7.41775,67.3,177.5,317.4,never,,,
Dewahandiya,village,80.91144,7.2582,67.3,222.5,1571.8,never,,,
Udawela,suburb,81.08549,6.97739,67.4,254.0,937.9,never,,,
Panadanda,village,80.16393,7.31833,67.4,146.7,35.9,<=60 m (20 storeys),,,
Henduwawa,village,80.19008,7.33472,67.4,149.6,0.5,ground level,1.548,,
Batagolladeniya,village,80.57618,7.4141,67.4,187.3,80.5,<=100 m (33 storeys),,,
Kattappuwa,village,80.56156,7.41589,67.4,185.9,16.1,<=30 m (10 storeys),,,
Bellanvila,village,79.89066,6.84523,67.4,93.4,-3.7,ground level,1.591,12 Mar,01 Oct
Moratumulla,village,79.8903,6.78106,67.4,87.4,-0.9,ground level,1.583,27 Mar,15 Sep
Alawatugoda,suburb,80.60961,7.41019,67.5,190.4,109.1,<=150 m (50 storeys),,,
Boliyadda,village,81.05197,7.06951,67.5,244.8,1732.4,never,,,
Palliyakotuwa,village,80.56809,7.41583,67.5,186.5,11.6,<=30 m (10 storeys),,,
Rawathawatta,village,79.88874,6.79159,67.5,88.4,0.5,ground level,1.586,25 Mar,18 Sep
Rajagiriya,suburb,79.89622,6.9095,67.6,99.5,-0.4,ground level,1.587,24 Feb,17 Oct
Yalabowa,village,81.10421,6.72029,67.6,278.4,2091.5,never,,,
Horetuduwa,village,79.88905,6.77202,67.6,86.6,-0.0,ground level,1.588,29 Mar,13 Sep
Wennawatte,village,79.90384,6.94666,67.6,103.1,0.5,ground level,1.589,14 Feb,27 Oct
Enderamulla,village,79.91626,6.99637,67.7,107.9,-0.2,ground level,1.572,30 Jan,11 Nov
Galhinna,village,80.56327,7.41845,67.7,186.0,9.5,<=10 m (3 storeys),,,
Nawala Koswatte,suburb,79.8941,6.9002,67.7,98.6,-1.1,ground level,1.577,27 Feb,14 Oct
Mellaketigoda,village,80.73528,6.24453,67.7,337.4,544.9,never,,,
Elagolla,village,80.7811,7.35383,67.8,207.3,106.9,<=150 m (50 storeys),,,
Nawana,village,80.09552,7.2714,67.8,138.9,41.5,<=60 m (20 storeys),,,
Randeniya,village,81.11267,6.79846,67.8,271.0,2152.2,never,,,
Niyagama,village,80.26662,6.24241,67.8,22.4,120.3,<=150 m (50 storeys),,,
Kotikaapola,village,80.45256,7.42113,67.8,175.7,534.8,never,,,
Pethiyagoda,village,79.90243,6.9523,67.8,103.5,-0.9,ground level,1.58,13 Feb,28 Oct
Nugegoda,town,79.88828,6.86997,67.9,95.7,2.1,<=10 m (3 storeys),,06 Mar,07 Oct
Soysapura,suburb,79.88504,6.80597,67.9,89.7,-1.5,ground level,1.571,21 Mar,21 Sep
Bebilagolla,village,80.56518,7.41995,67.9,186.2,7.4,<=10 m (3 storeys),,,
Kovilamuduna,village,80.56835,7.41925,67.9,186.5,-1.7,ground level,0.957,,
Halgolla,village,80.58006,7.41798,67.9,187.6,78.8,<=100 m (33 storeys),,,
Meethenwala,village,80.42662,7.41924,67.9,173.2,61.6,<=100 m (33 storeys),,,
Ilukewela,village,80.46539,7.42264,67.9,176.9,491.4,never,,,
Salamulla,village,79.8965,6.92774,67.9,101.2,-4.0,ground level,1.57,20 Feb,21 Oct
Aththidiya,village,79.8855,6.83456,67.9,92.4,-0.3,ground level,1.573,14 Mar,28 Sep
Raithalawela,village,80.65409,7.4037,67.9,194.6,373.7,never,,,
Ragama,town,79.92365,7.02635,68.0,110.7,6.1,<=10 m (3 storeys),,18 Jan,23 Nov
Rawathawatta,town,79.88506,6.78805,68.0,88.1,0.3,ground level,1.571,25 Mar,17 Sep
Beruwala,town,79.98341,6.47559,68.0,57.2,1.6,ground level,1.576,,
Araththana,village,80.74313,7.374,68.0,203.3,78.2,<=100 m (33 storeys),,,
Nawala,village,79.89055,6.89521,68.0,98.1,-0.3,ground level,1.57,28 Feb,13 Oct
Boyawalana,village,80.17662,7.33425,68.1,148.5,-0.1,ground level,1.531,,
Thaldena,village,81.04757,7.09096,68.1,242.8,1808.7,never,,,
Kiththampahuva,village,79.89863,6.94695,68.1,103.0,-1.1,ground level,1.569,15 Feb,26 Oct
Nawala,suburb,79.88719,6.88698,68.2,97.3,-1.9,ground level,1.56,02 Mar,11 Oct
Kohuwala,suburb,79.88474,6.86705,68.2,95.4,0.2,ground level,1.557,07 Mar,06 Oct
Wellampitiya,town,79.89621,6.93724,68.2,102.0,-2.0,ground level,1.565,17 Feb,24 Oct
Mawarala,village,80.59191,6.19972,68.2,351.4,476.5,never,,,
Moratuwa,city,79.88261,6.77468,68.3,86.8,0.2,ground level,1.564,28 Mar,14 Sep
Nugayaya,village,81.10871,6.70493,68.3,279.7,1876.7,never,,,
Middeniya,town,80.7643,6.25149,68.3,334.6,222.1,never,,,
Elpitiya,town,80.1619,6.29188,68.3,33.2,83.0,<=100 m (33 storeys),,,
Pathegama,village,80.6326,6.20613,68.3,347.6,805.9,never,,,
Ramakotuwa,village,80.56586,7.42315,68.3,186.2,9.4,<=10 m (3 storeys),,,
Alawatta,village,80.5597,7.42396,68.3,185.6,61.8,<=100 m (33 storeys),,,
Beeriela,village,80.57965,7.42187,68.3,187.5,117.5,<=150 m (50 storeys),,,
Waragoda,village,79.90048,6.96283,68.3,104.4,-0.6,ground level,1.563,10 Feb,31 Oct
Namunukula,village,81.114,6.87563,68.3,263.8,997.6,never,,,
Viyadiguna,village,81.09608,6.97064,68.3,254.9,986.6,never,,,
Udugama,town,80.33895,6.21183,68.4,15.1,279.4,never,,,
Rangala,village,80.78955,7.35581,68.4,208.0,224.3,never,,,
Welgala,village,80.57588,7.42331,68.4,187.1,33.4,<=60 m (20 storeys),,,
Kaldemulla,village,79.88065,6.80724,68.4,89.9,-1.2,ground level,1.559,21 Mar,22 Sep
Dharga Town,town,80.00472,6.43869,68.4,53.2,-0.2,ground level,1.564,,
Buduruwagala,village,81.10752,6.69018,68.5,281.1,1593.2,never,,,
Hulandawa,village,80.46918,6.19043,68.5,2.8,434.2,never,,,
Nawanagala,village,80.86405,7.31024,68.5,216.0,782.3,never,,,
Udagama,village,80.56961,7.42536,68.5,186.5,20.4,<=30 m (10 storeys),,,
Kandaketiya,town,81.004,7.17023,68.6,234.4,2686.1,never,,,
Kotuwila,village,79.89493,6.95091,68.6,103.2,-0.2,ground level,1.555,14 Feb,27 Oct
Bollatha,village,79.93208,7.0632,68.7,114.2,-0.5,ground level,1.543,,
Nedimala,village,79.87911,6.8499,68.7,93.8,-2.8,ground level,1.541,11 Mar,02 Oct
Kolonnawa,city,79.89031,6.93263,68.7,101.5,-0.6,ground level,1.539,19 Feb,22 Oct
Hunupitiya,village,79.90272,6.98468,68.7,106.4,-0.0,ground level,1.549,04 Feb,06 Nov
Weerasekaragama,village,81.1175,6.73473,68.8,276.9,2157.5,never,,,
Hare Park Estate,village,80.86158,7.31619,68.9,215.5,701.4,never,,,
Pallegama,village,80.4256,7.42824,68.9,173.2,45.4,<=60 m (20 storeys),,,
Lunawa,village,79.87623,6.78791,68.9,88.1,-0.1,ground level,1.545,25 Mar,17 Sep
Siripuragama,village,81.10176,6.64783,68.9,285.0,1656.5,never,,,
Handugala,village,80.61765,6.19664,69.0,349.1,692.2,never,,,
Gombaddala,village,80.55716,6.18833,69.0,354.7,350.2,never,,,
Welewatta,village,79.89045,6.94603,69.0,102.7,-0.4,ground level,1.546,15 Feb,26 Oct
Watarappola,village,79.87593,6.83552,69.0,92.5,-0.7,ground level,1.545,14 Mar,28 Sep
Kalubowila,suburb,79.87729,6.86646,69.1,95.3,-1.7,ground level,1.529,07 Mar,06 Oct
Mapalagama,town,80.2856,6.22198,69.1,20.0,111.3,<=150 m (50 storeys),,,
Kirama,village,80.66712,6.20759,69.1,344.5,817.2,never,,,
Kirulapona,suburb,79.87818,6.88046,69.1,96.6,-2.9,ground level,1.525,04 Mar,09 Oct
Uda Kithulgolla,village,80.56594,7.4307,69.1,186.1,29.4,<=30 m (10 storeys),,,
Kotuwila,village,79.89023,6.9514,69.1,103.2,-1.1,ground level,1.542,14 Feb,27 Oct
Kelani Nadeegama,village,79.89036,6.9504,69.1,103.1,-0.9,ground level,1.543,14 Feb,27 Oct
Pattiya,village,79.89265,6.9585,69.1,103.9,-1.3,ground level,1.543,12 Feb,29 Oct
Kotuwila,village,79.89081,6.95372,69.1,103.4,0.1,ground level,1.541,13 Feb,28 Oct
Ukuwela,town,80.63318,7.42125,69.2,192.3,248.3,never,,,
Batapotha,village,79.95618,7.12117,69.2,119.9,-1.2,ground level,1.515,,
Kawdana,village,79.87475,6.84453,69.2,93.3,-1.6,ground level,1.536,12 Mar,01 Oct
Mawathagama,town,80.44641,7.43299,69.2,175.2,322.8,never,,,
Erellawala,village,80.5789,6.18894,69.2,352.7,292.2,never,,,
Kalalpitiya,village,80.61727,7.42422,69.2,190.9,266.3,never,,,
Angulana,village,79.87319,6.79941,69.2,89.2,-1.3,ground level,1.536,23 Mar,20 Sep
Dodamgolla,village,81.12492,6.84389,69.2,266.8,1579.2,never,,,
Aluthgama,town,79.9989,6.43265,69.3,53.1,-2.1,ground level,1.534,,
Moragalla,village,79.98233,6.45465,69.3,55.6,0.3,ground level,1.529,,
Uragasmanhandiya,village,80.08031,6.34318,69.3,42.0,4.0,<=10 m (3 storeys),,,
Rambuke Ela,village,80.5889,7.42945,69.3,188.2,42.0,<=60 m (20 storeys),,,
Mediwaka,village,80.88462,7.30366,69.3,217.9,1444.0,never,,,
Karagahapitiya,village,80.56075,7.4328,69.3,185.6,69.1,<=100 m (33 storeys),,,
Grandpass,village,79.88665,6.94795,69.4,102.8,-2.3,ground level,1.528,15 Feb,26 Oct
Narahenpita,suburb,79.87701,6.8924,69.4,97.7,-0.4,ground level,1.529,01 Mar,12 Oct
Pahala Kithulgolla,village,80.56189,7.43351,69.4,185.7,70.1,<=100 m (33 storeys),,,
Andawalayaya Waththa,village,81.11192,6.6731,69.4,282.6,1391.4,never,,,
Karagampitiya,village,79.87201,6.85027,69.5,93.8,-1.6,ground level,1.515,11 Mar,02 Oct
Kithulgolla,village,80.56567,7.43457,69.5,186.1,51.7,<=60 m (20 storeys),,,
Kirula,suburb,79.87582,6.89114,69.5,97.5,-1.4,ground level,1.526,01 Mar,11 Oct
Kuda Galgamuwa,village,80.19548,7.36058,69.6,151.2,11.8,<=30 m (10 storeys),,,
Meenagola,village,80.86165,7.32477,69.6,215.1,611.4,never,,,
Borella,suburb,79.8776,6.91483,69.7,99.7,1.3,ground level,1.517,24 Feb,17 Oct
Peralanda,village,79.91138,7.03811,69.7,111.3,1.9,<=10 m (3 storeys),,15 Jan,26 Nov
Niwandama,village,79.93323,7.08888,69.8,116.4,-1.9,ground level,1.503,,
Pussella,village,80.48744,7.44035,69.8,178.9,349.4,never,,,
Keppitigala,village,80.53647,7.43961,69.8,183.4,300.0,never,,,
Wadakada,village,80.26867,7.39739,69.8,158.6,206.7,never,,,
Murungagasyaya,village,80.78741,6.24737,69.8,332.9,227.2,never,,,
Dematagoda,suburb,79.88037,6.93275,69.8,101.3,-0.5,ground level,1.519,19 Feb,22 Oct
Wanathamulla,suburb,79.87939,6.92735,69.8,100.8,0.6,ground level,1.522,21 Feb,20 Oct
Ratmalana,suburb,79.86826,6.81975,69.8,91.0,-1.1,ground level,1.52,18 Mar,25 Sep
Kendagolla,village,81.10145,7.00045,69.8,252.4,839.7,never,,,
Gonagala,village,80.03326,6.38269,69.9,47.6,-1.9,ground level,1.511,,
Wattala,town,79.89271,6.98987,70.0,106.6,0.4,ground level,1.516,03 Feb,07 Nov
Radaniyara,village,80.69324,6.20645,70.0,342.2,810.5,never,,,
Pamankada,suburb,79.86957,6.87736,70.0,96.2,-2.4,ground level,1.506,05 Mar,08 Oct
Divulapitiya,town,80.01937,7.22454,70.1,130.9,4.2,<=10 m (3 storeys),,,
Bentota,town,79.99785,6.42153,70.1,52.3,-2.2,ground level,1.505,,
Ankumbura,town,80.57096,7.43928,70.1,186.5,118.6,<=150 m (50 storeys),,,
Pothuhera,village,80.32825,7.4198,70.1,164.4,12.6,<=30 m (10 storeys),,,
Nagasthenna,village,80.61574,7.4329,70.1,190.6,247.5,never,,,
Madulkelle,village,80.7339,7.39866,70.1,201.7,14.7,<=30 m (10 storeys),,,
Dehiwala,town,79.86598,6.85128,70.2,93.9,10.0,<=30 m (10 storeys),,11 Mar,02 Oct
Elkaduwa,village,80.68312,7.41687,70.2,196.8,155.6,never,,,
Mahabage,suburb,79.90094,7.02266,70.2,109.7,-1.3,ground level,1.505,23 Jan,18 Nov
Ududumbara,town,80.8782,7.31896,70.2,216.6,1307.2,never,,,
Julampitiya,village,80.73944,6.22218,70.2,337.8,631.8,never,,,
Kuttiyagolla,village,81.0968,7.02557,70.2,250.1,1249.9,never,,,
,village,80.42411,7.43965,70.2,173.2,-3.1,ground level,1.37,,
Peliyagoda,suburb,79.88189,6.96337,70.3,104.1,-2.0,ground level,1.504,11 Feb,30 Oct
Morawalapitiya,village,80.21656,7.37865,70.3,153.7,39.1,<=60 m (20 storeys),,,
Hillegeayina,village,80.76225,6.23047,70.3,335.6,223.5,never,,,
Thimbirigasyaya,suburb,79.86961,6.8979,70.3,98.1,-1.0,ground level,1.501,28 Feb,13 Oct
Dambagasdeniya,village,80.59753,7.43716,70.3,188.9,343.4,never,,,
Nalla,village,80.11727,7.31729,70.3,143.1,-1.5,ground level,1.473,,
Sedawatta,village,79.8788,6.95317,70.4,103.1,-2.2,ground level,1.498,14 Feb,27 Oct
Makawita,village,79.93483,7.10436,70.4,117.7,1.5,ground level,1.499,,
Thangappuwa,village,80.82186,7.35901,70.4,210.4,108.6,<=150 m (50 storeys),,,
Ballapana,village,79.99677,7.20257,70.5,128.1,-0.1,ground level,1.472,,
Othara - Bemmullaegedara,village,80.23361,7.38866,70.5,155.4,-0.2,ground level,1.459,,
Kuppiyawatta,suburb,79.87206,6.92617,70.5,100.6,-0.9,ground level,1.487,21 Feb,20 Oct
Bopana,village,80.89973,7.30641,70.5,218.8,1338.7,never,,,
Goomaraya,village,80.77363,7.38545,70.5,205.4,119.1,<=150 m (50 storeys),,,
Kotaganga,village,80.79683,7.37322,70.5,207.8,271.8,never,,,
Angunakolapelessa,village,81.02644,6.44922,70.6,304.4,-1.0,ground level,1.412,,
Vilgamuwa,village,80.20893,7.37846,70.6,153.0,43.9,<=60 m (20 storeys),,,
Havelock Town,suburb,79.86528,6.88623,70.6,97.0,-1.9,ground level,1.492,03 Mar,10 Oct
Meegahakivula,town,81.04773,7.13699,70.6,239.1,2118.9,never,,,
Kanawerella,village,81.12997,6.90996,70.6,260.9,1080.1,never,,,
Warunagama,village,81.13412,6.73285,70.7,276.9,2161.5,never,,,
Kudagalara,village,80.77707,6.23314,70.7,334.3,287.8,never,,,
Hapugaskumbura,village,80.87027,7.33107,70.7,215.4,984.6,never,,,
Gonadeniya,village,80.30434,6.20043,70.7,17.8,12.4,<=30 m (10 storeys),,,
Egodamulla,village,80.56244,7.44591,70.7,185.7,113.7,<=150 m (50 storeys),,,
Udupihilla,village,80.60885,7.43901,70.7,189.9,302.8,never,,,
Thibbatuwewa,village,80.58879,7.44224,70.7,188.1,378.6,never,,,
Huluganga,village,80.7421,7.40142,70.7,202.3,255.6,never,,,
Veherayaya,village,81.118,6.64333,70.8,285.0,1674.0,never,,,
Pelgahathenna,village,81.12596,6.9448,70.8,257.8,836.9,never,,,
Grandpass,suburb,79.87349,6.94347,70.8,102.2,-4.0,ground level,1.491,17 Feb,24 Oct
Maligawatte,village,79.87172,6.93508,70.8,101.4,0.7,ground level,1.49,19 Feb,22 Oct
Kirigankumbura,village,80.87857,7.32583,70.8,216.3,1380.5,never,,,
Perasilwatta,village,80.63298,7.43548,70.8,192.1,158.2,never,,,
Warakamura,village,80.62317,7.43762,70.8,191.2,242.7,never,,,
Cinnamon Gardens,suburb,79.86625,6.90948,70.9,99.1,-3.3,ground level,1.482,25 Feb,16 Oct
Siymbalagune,village,81.14079,6.80746,70.9,270.2,2160.4,never,,,
Giriulla,town,80.12251,7.32995,71.0,144.2,2.2,<=10 m (3 storeys),,,
Maligakanda,suburb,79.86763,6.92784,71.0,100.7,3.4,<=10 m (3 storeys),,21 Feb,20 Oct
Wellawatte,suburb,79.86035,6.87705,71.0,96.1,-0.4,ground level,1.478,05 Mar,08 Oct
Kerawalapitiya,village,79.88599,6.99867,71.0,107.2,-1.3,ground level,1.484,01 Feb,09 Nov
Nakalagamuwa,village,80.22395,7.39098,71.1,154.7,85.6,<=100 m (33 storeys),,,
Town Hall,suburb,79.86481,6.9173,71.1,99.7,1.0,ground level,1.479,24 Feb,17 Oct
Mahawatte,suburb,79.87412,6.96014,71.1,103.6,-1.0,ground level,1.481,13 Feb,28 Oct
Meda ela,village,80.55903,7.44962,71.1,185.3,159.4,never,,,
Mattakkuliya,suburb,79.87658,6.97322,71.2,104.8,-0.0,ground level,1.476,09 Feb,01 Nov
Milagiriya,suburb,79.85967,6.88687,71.2,97.0,-1.2,ground level,1.473,03 Mar,10 Oct
Ethiliwewa,village,81.11352,6.61518,71.2,287.6,1370.3,never,,,
Thenna,village,80.59994,7.44528,71.2,189.0,355.7,never,,,
Kurundugahahetekma,village,80.14001,6.27533,71.2,34.0,22.7,<=30 m (10 storeys),,,
Gallpottayaya,village,80.76437,6.2212,71.3,335.8,253.5,never,,,
Okandeniya,village,80.79007,6.23433,71.3,333.2,262.4,never,,,
Katudeniya,village,80.64145,7.43818,71.3,192.7,213.6,never,,,
NewBazzar,suburb,79.86714,6.94127,71.4,101.9,-1.1,ground level,1.473,18 Feb,23 Oct
Maradana,suburb,79.864,6.92647,71.4,100.5,-0.3,ground level,1.469,21 Feb,20 Oct
Panchikawatte,suburb,79.86461,6.93126,71.4,100.9,-3.9,ground level,1.464,20 Feb,21 Oct
Maharagama,village,80.13166,7.33993,71.4,145.4,1.8,<=10 m (3 storeys),,,
Muthumala,village,81.11357,7.00921,71.4,252.0,838.0,never,,,
Hekitta,village,79.87638,6.98392,71.5,105.7,-0.2,ground level,1.467,06 Feb,04 Nov
Kandana,town,79.8982,7.0495,71.5,111.8,-3.9,ground level,1.46,12 Jan,29 Nov
Bloemendhal,suburb,79.86765,6.9494,71.5,102.6,-0.7,ground level,1.47,16 Feb,25 Oct
Kandakepulpotha,village,81.0204,7.19316,71.5,233.6,2492.9,never,,,
Bibilegama,village,81.14086,6.89708,71.5,262.2,1542.1,never,,,
Maussagolla,village,81.13861,6.91242,71.6,260.8,1031.6,never,,,
Aittaliyadda,village,80.61343,7.44652,71.6,190.2,197.6,never,,,
Dambokka,village,80.33813,7.43789,71.7,165.7,31.6,<=60 m (20 storeys),,,
Kahaduwa,village,80.21631,6.22633,71.7,26.0,54.0,<=60 m (20 storeys),,,
Modera,suburb,79.86995,6.96719,71.7,104.1,2.2,<=10 m (3 storeys),,11 Feb,30 Oct
Puskoladeniya,village,80.13407,7.34557,71.7,145.8,11.3,<=30 m (10 storeys),,,
Mirissala,village,80.55619,7.45558,71.7,185.0,276.2,never,,,
Handapanagala,village,81.13091,6.65686,71.8,283.6,1704.7,never,,,
Elwala,village,80.63063,7.4457,71.8,191.7,155.1,never,,,
Aluthkade,suburb,79.86254,6.93824,71.8,101.5,-2.1,ground level,1.451,19 Feb,22 Oct
Suduwella,suburb,79.86034,6.92713,71.8,100.5,2.6,<=10 m (3 storeys),,21 Feb,20 Oct
Pilessa,village,80.41794,7.45396,71.8,172.8,92.6,<=100 m (33 storeys),,,
Udagama,village,81.13273,6.95529,71.8,257.0,903.0,never,,,
Bambalapitiya,suburb,79.85503,6.89539,71.9,97.7,0.2,ground level,1.457,01 Mar,12 Oct
Loggal Oya,village,81.01318,7.20982,72.0,232.0,2518.9,never,,,
Arampola,village,80.45042,7.45849,72.0,175.7,508.5,never,,,
Kahataruppa,village,81.11423,7.02609,72.0,250.6,1204.7,never,,,
Aluthmawatha,suburb,79.86569,6.96173,72.0,103.6,-3.3,ground level,1.436,13 Feb,28 Oct
Masangasweediya,suburb,79.86184,6.94115,72.0,101.7,-3.0,ground level,1.449,18 Feb,23 Oct
Karametiya,village,81.02531,7.19465,72.0,233.8,2617.5,never,,,
Nagoda,suburb,80.275,6.19807,72.0,20.2,64.4,<=100 m (33 storeys),,,
Owilikanda,village,80.58131,7.45548,72.0,187.2,82.6,<=100 m (33 storeys),,,
Puhulwaththa,village,81.14059,6.9227,72.0,260.0,1082.7,never,,,
Ethpitiya,village,80.68349,6.18434,72.1,343.6,830.6,never,,,
Uswatte,village,79.89112,7.04623,72.1,111.4,-0.6,ground level,1.45,15 Jan,26 Nov
Bowala,village,80.71387,6.1936,72.1,340.8,953.3,never,,,
Kehelwatte,suburb,79.85911,6.93374,72.1,101.1,-2.2,ground level,1.444,20 Feb,21 Oct
Bolanda,village,79.92224,7.11431,72.1,117.9,-0.6,ground level,1.448,,
Ketawaththa,village,81.08536,7.09702,72.1,243.8,1636.4,never,,,
Kotuwegedara,village,80.62092,7.44984,72.1,190.8,231.1,never,,,
Padiwita,village,80.60673,7.45298,72.1,189.5,297.3,never,,,
Paalaawaththa,village,81.10635,7.04883,72.1,248.5,1378.0,never,,,
Okandeniya,village,80.78225,6.22143,72.2,334.3,238.9,never,,,
Horewela,village,80.66993,6.17878,72.2,344.9,783.6,never,,,
Gintupitiya,suburb,79.86045,6.9432,72.2,101.9,0.4,ground level,1.443,18 Feb,23 Oct
Hunupitiya,suburb,79.85589,6.92388,72.2,100.2,-2.2,ground level,1.448,22 Feb,19 Oct
Kotahena,suburb,79.85982,6.94802,72.3,102.3,5.1,<=10 m (3 storeys),,16 Feb,25 Oct
Kumaragama,village,81.02393,6.41828,72.3,306.7,0.5,ground level,1.375,,
Kotugoda,town,79.92478,7.12349,72.4,118.7,31.7,<=60 m (20 storeys),,,
Induruwa,town,80.01056,6.37397,72.4,48.4,1.1,ground level,1.444,,
Mulatiyana,town,80.58446,6.16051,72.4,352.6,464.7,never,,,
Thalagune,village,80.88354,7.34028,72.4,215.9,1271.3,never,,,
Kirimetiyawa,village,80.5927,7.45779,72.4,188.2,246.8,never,,,
St. Bastian,village,79.85891,6.94452,72.4,102.0,3.4,<=10 m (3 storeys),,17 Feb,24 Oct
Lunupokuna,suburb,79.85918,6.95495,72.6,102.9,9.0,<=10 m (3 storeys),,15 Feb,26 Oct
Kollupitiya,suburb,79.85081,6.91353,72.6,99.2,0.8,ground level,1.438,25 Feb,16 Oct
Kotugoda,village,79.92139,7.12149,72.6,118.4,4.3,<=10 m (3 storeys),,,
Kumbiyangoda,village,80.61422,7.4555,72.6,190.1,172.9,never,,,
Colombo,city,79.8542,6.93886,72.7,101.4,-0.2,ground level,1.433,19 Feb,22 Oct
Ekala,town,79.91027,7.10132,72.7,116.4,-1.3,ground level,1.437,,
Kochchikade,suburb,79.85497,6.94328,72.7,101.8,4.7,<=10 m (3 storeys),,18 Feb,23 Oct
Themmitiyawa,village,80.90949,7.3231,72.7,218.6,1306.1,never,,,
Minuwangoda,town,79.94846,7.16927,72.7,123.2,-0.8,ground level,1.43,,
Miyanakandura,village,81.15429,6.86741,72.7,264.9,1729.4,never,,,
Gonagala,village,81.14478,6.93522,72.7,259.0,1194.9,never,,,
Beragama,village,80.55098,6.15286,72.8,355.5,547.1,never,,,
Udalamaththa,village,80.29782,6.18296,72.8,17.9,83.6,<=100 m (33 storeys),,,
Metiyagane,village,80.18085,7.38694,72.9,151.2,1.2,ground level,1.39,,
Dambadeniya,town,80.14943,7.36819,72.9,148.0,1.9,<=10 m (3 storeys),,,
Slave Island,village,79.85027,6.92466,72.9,100.1,1.4,ground level,1.43,22 Feb,19 Oct
Pathinigolla,village,80.56995,7.46594,73.0,186.2,1.2,ground level,0.89,,
Muthugala,village,80.15699,7.3756,73.1,148.9,-2.7,ground level,1.373,,
Marandagahamula,suburb,79.98859,7.229,73.1,129.5,-0.6,ground level,1.406,,
Sooriya Ara,village,81.03989,6.42881,73.1,305.2,-0.3,ground level,1.359,,
Agarathenna,village,81.14285,6.96452,73.1,256.4,1002.0,never,,,
Hingurukaduwa,village,81.16199,6.81499,73.2,269.5,2353.3,never,,,
Muruthawela,village,80.74012,6.1914,73.3,338.7,637.9,never,,,
Kompannaweediya,suburb,79.8468,6.92584,73.3,100.2,3.2,<=10 m (3 storeys),,22 Feb,19 Oct
Doratiyawa,village,80.37323,7.45989,73.3,169.1,89.1,<=100 m (33 storeys),,,
Boyagane,village,80.34583,7.45515,73.4,166.7,0.1,ground level,1.317,,
Paramulla,village,80.62303,6.15747,73.4,349.3,746.2,never,,,
Hathporuwa,village,80.94459,6.31671,73.4,317.9,25.5,<=30 m (10 storeys),,,
Hunumulla,village,79.99817,7.24482,73.4,131.1,7.3,<=10 m (3 storeys),,,
Maligatenna,village,80.61242,7.46309,73.4,189.8,276.2,never,,,
Deiyandara,town,80.60384,6.15298,73.5,351.0,672.7,never,,,
Mahamadawala,village,80.63402,6.15881,73.5,348.3,831.6,never,,,
Thammita,village,80.00583,7.25499,73.5,132.2,-1.2,ground level,1.393,,
Watagoda,village,80.59815,7.46694,73.5,188.6,91.3,<=100 m (33 storeys),,,
Makulemada,village,80.58412,7.4689,73.5,187.3,143.4,<=150 m (50 storeys),,,
Ja-ela,town,79.89076,7.07938,73.6,114.0,11.4,<=30 m (10 storeys),,,
Meegasara,village,80.76882,6.20071,73.6,336.1,297.0,never,,,
Kosgoda,town,80.0289,6.33859,73.6,45.0,1.9,<=10 m (3 storeys),,,
Welgolla,village,81.14187,6.98486,73.6,254.7,977.2,never,,,
Industrial Zone,village,79.89951,7.10071,73.7,116.0,-1.0,ground level,1.404,,
Kitulalla,village,80.54458,6.14411,73.7,356.1,417.4,never,,,
Fort,suburb,79.84482,6.93435,73.7,100.9,-2.1,ground level,1.406,20 Feb,21 Oct
Kelebokka,village,80.71763,7.43884,73.7,199.1,418.7,never,,,
Pallegama,village,81.15207,6.94621,73.7,258.2,1078.4,never,,,
Nagollegedara,village,80.33151,7.45499,73.8,165.5,1.7,<=10 m (3 storeys),,,
Dampelessa,village,80.21055,7.41285,74.0,154.5,25.0,<=30 m (10 storeys),,,
Passara,town,81.15699,6.9354,74.0,259.1,1231.0,never,,,
Weherebedda,village,80.36759,7.46527,74.0,168.7,137.9,<=150 m (50 storeys),,,
Bandarapola,village,80.6483,7.46146,74.0,192.9,184.0,never,,,
Kandenuwara,village,80.68235,7.45399,74.1,195.8,122.6,<=150 m (50 storeys),,,
Meeriyabedda,village,81.16201,6.91758,74.2,260.7,1269.9,never,,,
Wanduragala,village,80.34691,7.46397,74.3,166.9,18.0,<=30 m (10 storeys),,,
Rathgala,village,80.3314,7.45975,74.3,165.6,34.4,<=60 m (20 storeys),,,
Makandura,town,80.55712,6.14023,74.3,355.1,544.1,never,,,
Thelulla,village,81.13943,6.60091,74.4,288.0,1501.8,never,,,
Mallawapitiya,village,80.39038,7.4738,74.4,170.7,272.7,never,,,
Wilbawa,village,80.3605,7.46798,74.4,168.1,30.5,<=60 m (20 storeys),,,
Croose Watta,village,79.89923,7.11441,74.4,117.0,-2.7,ground level,1.386,,
Madugasthalawa,village,81.14556,6.99836,74.4,253.7,1239.1,never,,,
Matale,city,80.62343,7.47205,74.5,190.6,203.4,never,,,
Dunagaha,village,79.97363,7.23128,74.5,128.8,5.2,<=10 m (3 storeys),,,
Kohanawala,village,81.13197,7.04337,74.5,249.7,1748.3,never,,,
Kandegedara,village,80.60932,7.47372,74.5,189.4,118.3,<=150 m (50 storeys),,,
Dambewela,village,81.16642,6.90571,74.5,261.8,1634.7,never,,,
Mallawagedara,village,80.02611,7.29085,74.6,135.6,-0.9,ground level,1.362,,
Kalugahakandura,village,81.09735,7.12195,74.6,242.4,1779.4,never,,,
Henamulla,village,80.36553,7.47169,74.7,168.6,96.8,<=100 m (33 storeys),,,
Karandeniya,town,80.09119,6.27068,74.8,37.2,-1.6,ground level,1.381,,
Kelegedara,village,80.13171,7.37725,74.8,147.2,-0.7,ground level,1.331,,
Uyandana,village,80.40291,7.47928,74.8,171.8,377.4,never,,,
Palliyapitiya,village,79.98399,7.24775,74.8,130.5,2.6,<=10 m (3 storeys),,,
Nugape,village,79.86574,7.04916,74.9,110.8,-1.2,ground level,1.38,18 Jan,23 Nov
Akaragama,village,80.34815,7.46966,74.9,167.2,52.3,<=60 m (20 storeys),,,
Kotugoda,village,79.90139,7.13074,75.0,118.3,-1.4,ground level,1.363,,
Ahungalla,town,80.03512,6.31379,75.1,43.2,-0.3,ground level,1.373,,
Thalahagama,village,80.52472,6.13079,75.1,357.9,458.9,never,,,
Dewalagama,village,80.63846,6.14472,75.1,348.2,790.4,never,,,
Wehera,village,80.35256,7.47257,75.1,167.6,100.3,<=150 m (50 storeys),,,
Dambagolla,village,81.01333,7.25465,75.1,229.1,2240.6,never,,,
Ranugalla,village,81.17694,6.85943,75.1,265.8,2270.8,never,,,
Kumbalpola,village,80.33258,7.46827,75.2,165.8,-7.5,ground level,1.268,,
Delwagura,village,79.99397,7.2652,75.2,132.1,2.4,<=10 m (3 storeys),,,
Migaswewa,village,81.07711,6.45007,75.2,301.9,-2.2,ground level,1.296,,
Thennuge,village,81.16738,6.93953,75.2,259.0,1223.3,never,,,
Alawathupitiya,village,79.8883,7.11082,75.3,116.3,-0.9,ground level,1.367,,
Ranchagoda,village,80.5497,6.129,75.4,355.8,506.9,never,,,
Gongawela,village,80.62939,7.47852,75.4,191.0,129.5,<=150 m (50 storeys),,,
Harasgama,village,80.6187,7.481,75.4,190.1,65.8,<=100 m (33 storeys),,,
Ambathenna,village,81.17147,6.92559,75.4,260.2,1416.2,never,,,
Yatalamatta,village,80.2799,6.16319,75.5,18.8,21.8,<=30 m (10 storeys),,,
Walasmulla,town,80.69796,6.15585,75.5,343.1,816.8,never,,,
Radawela,village,80.61629,6.13646,75.5,350.2,722.5,never,,,
Howpe,village,80.50022,6.12709,75.5,360.0,179.4,never,,,
Pallekannda,village,80.66434,6.14694,75.5,346.0,635.2,never,,,
Arawa,village,81.08429,7.16231,75.5,238.9,2140.9,never,,,
Kehelella,village,79.98555,7.25907,75.5,131.3,-0.9,ground level,1.342,,
Narammala,town,80.21438,7.43073,75.6,155.4,1.0,ground level,1.317,,
Kalugamuwa,village,80.25801,7.44905,75.6,159.4,17.6,<=30 m (10 storeys),,,
Godapitiya,village,80.49088,6.12591,75.6,0.7,194.1,never,,,
Gurulupotha,village,80.92903,7.34133,75.6,218.9,1854.9,never,,,
Induragara,village,79.96691,7.23814,75.6,128.9,2.4,<=10 m (3 storeys),,,
Uhumeeya,suburb,80.29494,7.46249,75.7,162.7,2.8,<=10 m (3 storeys),,,
Mandandawela,village,80.62386,7.48242,75.7,190.5,178.7,never,,,
Malkaduwawa,village,80.34422,7.477,75.8,167.0,-0.4,ground level,1.268,,
Gurulupotha,village,80.92547,7.34643,75.8,218.4,1802.5,never,,,
Gerandi-Ella,village,81.1606,6.99309,75.8,254.5,766.3,never,,,
Diyalape,village,80.4624,6.12373,75.9,3.1,250.4,never,,,
Ganhela,village,80.47846,6.12373,75.9,1.8,376.7,never,,,
Bamunawela,village,80.32119,7.47255,75.9,165.0,1.5,ground level,1.28,,
Kotamuduna,village,81.18232,6.88488,75.9,263.7,1826.2,never,,,
Uva Kuda Oya,village,81.12422,6.52341,76.0,294.6,662.9,never,,,
Eramudugoda,village,80.43822,6.12475,76.0,5.1,83.9,<=100 m (33 storeys),,,
Ketanwila,village,80.42678,6.12517,76.1,6.1,87.6,<=100 m (33 storeys),,,
Unanvitiya,village,80.25362,6.16712,76.1,21.0,77.6,<=100 m (33 storeys),,,
Peellawatte,village,79.91919,7.17965,76.1,122.6,-0.8,ground level,1.342,,
Wathuregama,village,80.0399,6.29559,76.2,41.9,-1.1,ground level,1.342,,
Meegahajandura,village,81.02945,6.36863,76.2,309.8,0.5,ground level,1.295,,
Medawelagama,village,81.16933,6.97435,76.2,256.2,1008.9,never,,,
Horabokka,village,81.18914,6.79401,76.3,271.3,2291.3,never,,,
Kaludewela,village,80.62941,7.48737,76.3,190.9,162.3,never,,,
Kurunegala,city,80.36491,7.48705,76.4,168.8,106.8,<=150 m (50 storeys),,,
Medamulana,village,80.77942,6.17827,76.4,336.1,265.9,never,,,
Bamunugama,village,80.59232,6.1239,76.5,352.3,480.0,never,,,
Yaggasmulla,village,80.76054,6.16854,76.5,337.8,599.7,never,,,
Morayaya,village,80.98093,7.30654,76.5,224.1,1897.6,never,,,
Padalangala,town,80.91331,6.25367,76.6,323.3,1.0,ground level,1.299,,
Neraluwa,village,80.43562,6.11996,76.6,5.3,73.1,<=100 m (33 storeys),,,
Ittademaliya,village,80.72663,6.15478,76.6,340.9,947.0,never,,,
Akarangaha,village,79.98867,7.27775,76.6,132.6,5.1,<=10 m (3 storeys),,,
Bopitiya,village,79.85932,7.07953,76.8,113.0,0.6,ground level,1.331,04 Jan,07 Dec
Pulluhena,village,79.85722,7.07447,76.8,112.5,0.1,ground level,1.331,08 Jan,03 Dec
Kuswala,village,79.89392,7.15179,76.9,119.6,1.8,<=10 m (3 storeys),,,
Muththettugala,village,80.37753,7.49444,76.9,170.0,174.7,never,,,
Uva Pelwatte,village,81.19359,6.74667,77.0,275.2,2243.7,never,,,
Mahamaditta,village,80.66029,6.13178,77.0,346.7,567.4,never,,,
Tholabowatta,village,81.18488,6.93671,77.0,259.5,1414.5,never,,,
Talahagamwaduwa,village,80.70301,6.14252,77.1,343.0,782.9,never,,,
Buddiyagama,village,80.74666,6.15752,77.1,339.2,720.1,never,,,
Wettambuwawa,village,80.76708,6.16539,77.1,337.4,435.6,never,,,
Wellabada,village,80.03865,6.28532,77.2,41.4,-0.6,ground level,1.318,,
Poramba,village,80.45408,6.11243,77.2,3.8,98.5,<=100 m (33 storeys),,,
Seeduwa,town,79.87824,7.13063,77.3,117.4,3.2,<=10 m (3 storeys),,,
Kandebedda,village,80.66845,6.13134,77.3,346.0,582.3,never,,,
Pallawela,village,80.62628,6.12241,77.3,349.6,649.9,never,,,
Mahadowa,village,81.16799,7.01553,77.3,252.8,449.0,never,,,
Thalgaskanda,village,80.08123,6.24876,77.4,36.8,1.9,<=10 m (3 storeys),,,
Andiambalama,village,79.90782,7.18449,77.4,122.5,-0.7,ground level,1.308,,
Balapitiya,town,80.04058,6.28058,77.4,41.0,0.5,ground level,1.314,,
Keppitiyawa,village,80.73966,6.15237,77.4,339.9,977.2,never,,,
Aluwihare,suburb,80.62342,7.49793,77.4,190.2,107.3,<=150 m (50 storeys),,,
Metigahathenna,village,81.14682,7.07732,77.4,247.5,1399.2,never,,,
Yaggepitiya,village,80.39034,7.50048,77.4,171.1,355.7,never,,,
Moratuwegama,village,81.19981,6.82311,77.4,268.9,2195.9,never,,,
Badalgama,village,79.98558,7.28641,77.5,133.0,2.1,<=10 m (3 storeys),,,
Magedara,village,80.42219,6.11323,77.5,6.4,61.2,<=100 m (33 storeys),,,
Nayapamula,village,80.19105,6.18062,77.5,26.2,79.8,<=100 m (33 storeys),,,
Kadawala,village,79.9411,7.23403,77.5,127.3,2.8,<=10 m (3 storeys),,,
Urala,village,80.2707,6.14741,77.5,19.1,67.6,<=100 m (33 storeys),,,
Thalawa,village,80.29126,6.14001,77.5,17.3,37.6,<=60 m (20 storeys),,,
Ihala Madampella,village,79.95312,7.24897,77.5,128.9,5.0,<=10 m (3 storeys),,,
Aswedduma,village,80.33869,7.49294,77.6,166.8,-0.6,ground level,1.234,,
Manikgoda,village,80.43487,6.10999,77.7,5.3,-5.1,ground level,1.215,,
Madulsima,town,81.16562,7.03287,77.7,251.4,789.8,never,,,
Sandagala,village,80.29804,7.48288,77.7,163.4,-2.1,ground level,1.223,,
Kuruwithenna,village,81.0665,7.22539,77.7,233.7,2651.8,never,,,
Watugedara,village,80.06025,6.26056,77.7,38.7,1.5,ground level,1.303,,
Pannala,town,80.02411,7.32836,77.8,137.6,1.6,ground level,1.291,,
Denagama - East,village,80.65541,6.1232,77.8,347.2,599.4,never,,,
Thalgasgoda,village,80.07477,6.24733,77.9,37.1,0.5,ground level,1.3,,
Akaragama,village,79.9636,7.26739,77.9,130.6,3.4,<=10 m (3 storeys),,,
Hasalaka,town,80.95061,7.35209,78.0,219.7,1936.5,never,,,
Horapawita,village,80.58009,6.10764,78.1,353.5,383.4,never,,,
Attanayala,village,80.78783,6.16446,78.1,335.9,248.7,never,,,
Manampita,village,80.13815,6.20217,78.1,30.8,36.3,<=60 m (20 storeys),,,
Thorayaya,village,80.40751,7.50932,78.1,172.6,275.5,never,,,
Yanthampalawa,village,80.34858,7.5005,78.2,167.7,47.3,<=60 m (20 storeys),,,
Liyanagemulla,village,79.87454,7.14103,78.2,118.0,4.2,<=10 m (3 storeys),,,
Pitamaaruwa,village,81.12879,7.13211,78.2,242.8,1036.5,never,,,
Gamewela,village,81.19735,6.92329,78.2,260.7,1480.4,never,,,
Waradola,village,81.19985,6.91193,78.2,261.7,1890.5,never,,,
Pamunugama,village,79.85013,7.09257,78.3,113.6,0.4,ground level,1.293,,
Mandaduwa,village,80.76911,6.15513,78.3,337.6,498.5,never,,,
Lelwala Ihala,village,80.24919,6.1469,78.3,20.7,29.4,<=30 m (10 storeys),,,
Katamburawa,village,80.25643,6.14443,78.3,20.1,52.6,<=60 m (20 storeys),,,
Meedumpitiya,village,81.19383,6.94846,78.3,258.7,1179.4,never,,,
Akuressa,town,80.47649,6.10118,78.4,1.9,348.8,never,,,
Andiambalama,village,79.89914,7.18726,78.4,122.3,-0.0,ground level,1.287,,
Alakoladeniya,village,80.32268,7.49639,78.4,165.6,4.8,<=10 m (3 storeys),,,
Thalakolawewa,village,81.18764,6.63792,78.4,284.0,1745.8,never,,,
,village,80.03943,6.26891,78.5,40.5,1.1,ground level,1.282,,
Sooriyawewa,town,81.00218,6.30818,78.5,314.9,-2.4,ground level,1.234,,
Thotagamuwa,village,80.62294,7.50888,78.5,190.0,81.4,<=100 m (33 storeys),,,
Kiriwaula,village,80.42043,7.51509,78.5,173.7,6.1,<=10 m (3 storeys),,,
Rambadagalla,village,80.50373,7.51893,78.5,180.4,325.1,never,,,
Ampegama,village,80.14567,6.19395,78.5,29.9,31.6,<=60 m (20 storeys),,,
Koraburuwana,village,80.55489,6.10079,78.6,355.6,481.1,never,,,
Millabedda,village,81.19319,6.9666,78.6,257.2,1061.5,never,,,
Weeraketiya,town,80.76324,6.14843,78.7,338.3,497.5,never,,,
Kadigamuwa,village,80.72565,6.13434,78.7,341.5,812.1,never,,,
Awariwatte,suburb,79.88302,7.16571,78.7,120.1,-0.2,ground level,1.281,,
Sacret City,village,80.99301,7.32219,78.7,223.9,1954.7,never,,,
Denagama - West,village,80.64622,6.11308,78.7,348.1,740.0,never,,,
Bodagama,village,81.10202,6.42862,78.8,302.3,0.2,ground level,1.213,,
Mahasenpura,village,81.20875,6.73984,78.8,275.6,2253.4,never,,,
Indurupathwila,village,80.22107,6.1537,78.8,23.1,55.1,<=60 m (20 storeys),,,
Maapakadawewa,village,81.02792,7.28774,78.8,227.8,2215.3,never,,,
Paragahathota,village,80.05437,6.25313,78.8,38.7,9.3,<=10 m (3 storeys),,,
Godigomuwa,village,79.96258,7.27998,78.9,131.3,6.7,<=10 m (3 storeys),,,
Baddegama,village,80.17792,6.17248,78.9,26.8,58.2,<=60 m (20 storeys),,,
Denagama - North,village,80.63874,6.1093,78.9,348.8,687.8,never,,,
Weerambugedara,village,80.24232,7.47608,79.0,159.0,2.8,<=10 m (3 storeys),,,
Uduwella,village,80.41147,6.10069,79.0,7.1,74.0,<=100 m (33 storeys),,,
Miella,village,80.6718,6.11655,79.0,346.0,607.1,never,,,
Uda Digana,village,80.33972,7.50543,79.0,167.1,0.3,ground level,1.198,,
Unaawatuna,village,81.21275,6.7622,79.0,273.8,2616.8,never,,,
Weragantota,village,80.98368,7.33659,79.1,222.5,1909.3,never,,,
Kaikawala,village,80.65846,7.50736,79.1,192.8,85.9,<=100 m (33 storeys),,,
Thibotuwawa,village,80.48744,6.09343,79.2,1.0,1.1,ground level,1.257,,
Alupotha,village,81.21118,6.89658,79.2,263.0,1717.9,never,,,
Lelwala Pahala,village,80.24107,6.14101,79.2,21.2,52.5,<=60 m (20 storeys),,,
Katunayake,town,79.87167,7.15677,79.3,119.0,-1.0,ground level,1.269,,
Kapugampota,village,80.7791,6.14934,79.3,337.1,322.4,never,,,
Kongodamulla,village,79.93133,7.24822,79.3,127.8,-1.4,ground level,1.255,,
Bakmeegolla,village,80.43058,7.52367,79.3,174.5,-1.3,ground level,1.183,,
Yakkalamulla,town,80.34854,6.10767,79.4,12.2,94.7,<=100 m (33 storeys),,,
Kamburuwana,village,80.56542,6.09436,79.4,354.8,356.4,never,,,
Medatisamuna,village,80.77337,6.14614,79.4,337.6,471.1,never,,,
Wanduramba,town,80.25498,6.13466,79.4,20.0,48.1,<=60 m (20 storeys),,,
Randombe,village,80.04423,6.25253,79.5,39.3,-2.7,ground level,1.257,,
Madampella,village,79.9394,7.26097,79.5,129.0,2.2,<=10 m (3 storeys),,,
Wathurawa,village,80.2272,6.14375,79.5,22.3,16.4,<=30 m (10 storeys),,,
Meemure,village,80.84421,7.44152,79.6,208.6,1359.9,never,,,
Galthara,village,80.55037,6.09106,79.6,356.0,396.0,never,,,
Minuwandeniya,village,80.3912,6.09771,79.6,8.7,214.3,never,,,
Polpagoada,village,80.37548,6.10073,79.6,10.0,74.4,<=100 m (33 storeys),,,
Panawela,village,80.68124,6.11283,79.6,345.4,718.9,never,,,
Wakamulla,village,80.78972,6.15076,79.6,336.2,178.1,never,,,
Dambaraawa,village,81.01129,7.31633,79.6,225.3,1911.3,never,,,
Lunugala Colony,village,81.21991,6.8094,79.6,270.0,2375.2,never,,,
Madugasmulla,village,81.21686,6.87679,79.6,264.6,2095.8,never,,,
Narawelpita - North,village,80.62158,6.10009,79.6,350.3,578.0,never,,,
Denagama - South,village,80.65869,6.10789,79.6,347.2,566.9,never,,,
Hopton,village,81.19821,6.98771,79.7,255.7,954.8,never,,,
Kimbulapitiya,village,79.89571,7.20568,79.8,123.4,1.7,<=10 m (3 storeys),,,
Gonigala,village,80.3018,7.50381,79.8,164.2,-0.8,ground level,1.177,,
Ambalangoda,town,80.05415,6.23891,80.0,38.0,-1.0,ground level,1.248,,
Divulagaspitiya,village,80.2907,7.50205,80.0,163.3,0.4,ground level,1.183,,
Mahiyanganaya,town,80.99313,7.34017,80.1,222.9,1860.3,never,,,
Thiththawella,village,80.33583,7.51531,80.1,167.0,-1.9,ground level,1.169,,
Ihala Athuraliya,village,80.49985,6.08545,80.1,360.0,94.8,<=100 m (33 storeys),,,
Karagoda,village,80.38396,6.09409,80.1,9.2,189.9,never,,,
Beranagoda,village,80.34371,6.10146,80.2,12.4,19.1,<=30 m (10 storeys),,,
Miriswatte,village,79.9089,7.23044,80.2,125.6,-0.5,ground level,1.241,,
Mulkirigala,village,80.74733,6.12722,80.3,340.0,919.8,never,,,
Kumbukmulla,village,80.79762,6.14688,80.3,335.8,172.5,never,,,
Otharawadiya,village,79.94051,7.27382,80.3,129.8,3.0,<=10 m (3 storeys),,,
Yapamma,village,81.19792,7.0108,80.3,253.9,992.8,never,,,
Pananwela,village,80.67952,6.10566,80.3,345.7,584.8,never,,,
Wepathaira - North,village,80.66079,6.10108,80.3,347.2,542.9,never,,,
Harshanatha Gama,village,80.61444,6.09275,80.3,350.9,484.1,never,,,
Kapungoda,town,79.84101,7.11892,80.4,115.3,1.5,ground level,1.243,,
Ganegama,village,80.57954,6.08624,80.5,353.7,357.0,never,,,
Malamulla,suburb,80.09907,7.41819,80.5,146.8,3.5,<=10 m (3 storeys),,,
Sapugoda,village,80.55717,6.0824,80.6,355.5,550.1,never,,,
Kottawa,village,80.31697,6.10276,80.7,14.5,64.7,<=100 m (33 storeys),,,
Lenabatuwa,village,80.54477,6.08095,80.7,356.5,206.7,never,,,
Kaluwarippuwa East,village,79.91262,7.24447,80.7,126.6,-1.8,ground level,1.223,,
Obadakanda,village,80.66619,6.09914,80.7,346.8,439.5,never,,,
Pannala - Ibbagamuwa,village,80.43947,7.53722,80.8,175.3,136.4,<=150 m (50 storeys),,,
Makandura,village,79.97741,7.32202,80.9,134.6,5.2,<=10 m (3 storeys),,,
Hirimburawa,village,80.37002,6.08935,80.9,10.2,142.4,<=150 m (50 storeys),,,
Kebiliyapola - North,village,80.66735,6.09697,80.9,346.8,445.1,never,,,
Tanamalwila,town,81.13028,6.43624,81.0,300.6,-0.3,ground level,1.175,,
Kamburupitiya,town,80.56738,6.08028,81.0,354.7,362.0,never,,,
Pallandeniya,village,80.32946,7.52242,81.0,166.7,3.1,<=10 m (3 storeys),,,
Demanhandiya,village,79.89725,7.22795,81.0,124.9,-1.6,ground level,1.222,,
Rattota,town,80.67757,7.52061,81.1,194.1,184.1,never,,,
Puhulkotuwa,village,81.23058,6.74808,81.1,274.8,2304.6,never,,,
Pothuwewa,village,80.77195,6.12851,81.1,338.2,430.7,never,,,
Katiyala,village,79.88928,7.21638,81.1,123.8,0.0,ground level,1.224,,
Urawatte,village,80.05532,6.22493,81.2,37.3,1.7,ground level,1.224,,
Kuleegoda,village,80.07046,6.21395,81.2,35.8,2.3,<=10 m (3 storeys),,,
Yakwila,village,80.03672,7.38038,81.2,141.1,-1.3,ground level,1.201,,
Narandeniya,village,80.57652,6.07942,81.2,354.0,352.1,never,,,
Okawela,village,80.71708,6.10817,81.2,342.8,703.2,never,,,
Madunagala,village,80.98149,6.2554,81.2,319.0,1.5,ground level,1.203,,
Meda Keembiya East,village,80.25534,6.11721,81.2,19.5,8.0,<=10 m (3 storeys),,,
Gedawila,village,81.22329,6.93471,81.2,260.2,1778.0,never,,,
Udawela,village,80.44257,7.54129,81.2,175.6,332.9,never,,,
Andaulpotha,village,81.08008,7.26248,81.4,232.0,2603.0,never,,,
Paraduwa,village,80.48109,6.07334,81.4,1.5,190.3,never,,,
Phala Athuraliya,village,80.51141,6.07365,81.4,359.1,110.6,<=150 m (50 storeys),,,
Yudaganawa,village,81.23469,6.77427,81.4,272.7,2597.3,never,,,
Siyambalagoda,village,80.93164,6.21215,81.5,324.1,0.7,ground level,1.193,,
Heenbunna,village,80.80692,6.13995,81.5,335.3,1.3,ground level,1.19,,
Madampagama,village,80.0576,6.21944,81.5,36.9,-0.9,ground level,1.216,,
Pahala Keembiya,village,80.22964,6.124,81.5,21.5,85.7,<=100 m (33 storeys),,,
Kaluwarippuwa West,village,79.89822,7.23659,81.5,125.5,-2.4,ground level,1.206,,
Dehelgamuwa,village,80.44758,7.54422,81.5,176.0,418.7,never,,,
Wepathaira - South,village,80.65097,6.08838,81.5,348.2,726.0,never,,,
Thumbe,village,80.5934,6.0772,81.6,352.7,293.3,never,,,
Thelawala,village,79.86912,7.19374,81.6,121.5,-1.3,ground level,1.212,,
Kohuliyadda,village,80.67474,6.09237,81.6,346.3,539.3,never,,,
Palapathwela,village,80.6275,7.53695,81.7,190.0,60.9,<=100 m (33 storeys),,,
Meetiyagoda,village,80.09648,6.19011,81.7,33.1,-1.1,ground level,1.211,,
Pathinwatte,village,80.25569,7.50678,81.7,160.8,-2.9,ground level,1.15,,
Sorabora,village,80.99812,7.35468,81.7,222.4,2029.8,never,,,
Dankanda,village,80.69875,7.52118,81.7,195.6,261.2,never,,,
Midlands,village,80.72323,7.51325,81.7,197.6,336.3,never,,,
Madampagama,village,80.05911,6.21475,81.8,36.6,0.2,ground level,1.209,,
Katana,town,79.9052,7.25055,81.8,126.7,7.6,<=10 m (3 storeys),,,
Ibbagamuwa,town,80.44964,7.54791,81.8,176.2,380.9,never,,,
Hakmana,town,80.64497,6.08393,81.8,348.7,743.2,never,,,
Lunugala,town,81.20218,7.04194,81.8,251.7,1301.5,never,,,
Rideegama,suburb,80.49112,7.54952,81.8,179.4,548.0,never,,,
Kadirana North,village,79.87799,7.21207,81.8,123.0,-0.0,ground level,1.205,,
Kebiliyapola - South,village,80.6614,6.08775,81.8,347.4,644.8,never,,,
Udugalmote,village,80.69076,6.09399,81.9,345.0,657.6,never,,,
Budanaapitiya,village,80.39013,7.54238,81.9,171.6,157.9,never,,,
Badalkumbura,town,81.23598,6.89524,82.0,263.3,2004.0,never,,,
Hakuruwela,village,80.83656,6.14887,82.0,333.0,114.3,<=150 m (50 storeys),,,
Kasideniya,village,80.22047,6.12247,82.0,22.2,-2.8,ground level,1.167,,
Mahapelessa,village,80.98413,6.24766,82.1,319.2,25.2,<=30 m (10 storeys),,,
Weheragodella,village,80.77715,6.12137,82.1,338.0,462.7,never,,,
Sandalankawa,village,79.94035,7.30052,82.2,131.4,10.8,<=30 m (10 storeys),,,
Uraniya,village,81.10927,7.23526,82.2,235.0,2992.6,never,,,
Maligathenna,village,81.23781,6.90745,82.3,262.4,2010.8,never,,,
Dehigolla,village,81.02628,7.33707,82.4,224.9,1862.0,never,,,
Galamuduna,village,80.88206,7.44952,82.4,210.9,843.3,never,,,
Dodangoda,village,80.17734,6.13614,82.5,25.6,9.5,<=10 m (3 storeys),,,
Meda Keembiya,village,80.24869,6.10651,82.5,19.7,37.8,<=60 m (20 storeys),,,
Katugahagalge,village,81.24604,6.81105,82.5,269.9,2525.4,never,,,
Pitakatuwana,village,80.55,6.06445,82.6,356.1,317.9,never,,,
Rideemaliyedda,village,81.12857,7.21221,82.6,237.3,2578.8,never,,,
Demataluwa,village,80.28545,7.52543,82.6,163.4,2.2,<=10 m (3 storeys),,,
Dungalpitiya,town,79.83203,7.14691,82.7,116.9,-1.4,ground level,1.192,,
Buttala,town,81.24654,6.76197,82.7,273.6,2695.7,never,,,
Karaputugala,village,80.60827,6.06933,82.7,351.7,436.0,never,,,
Gammedapitiya,village,80.66476,6.0802,82.7,347.2,616.9,never,,,
Ihala keembiya,village,80.25961,6.10097,82.7,18.8,61.6,<=100 m (33 storeys),,,
Pangolla,village,80.45563,7.55596,82.7,176.7,384.1,never,,,
Athala,village,81.24617,6.86378,82.7,265.8,2531.4,never,,,
Poddala,village,80.21723,6.11577,82.8,22.2,46.7,<=60 m (20 storeys),,,
Kurana,village,79.85649,7.19455,82.8,121.0,-1.7,ground level,1.185,,
Thalgampala,village,80.3036,6.08698,82.8,15.2,55.8,<=60 m (20 storeys),,,
Ratalankawa,village,80.564,6.06327,82.8,355.1,405.0,never,,,
Thraperiya,village,80.69429,6.08675,82.8,344.9,682.4,never,,,
Udupilegoda - West,village,80.64224,6.07393,82.9,349.0,690.8,never,,,
Adawatte State,village,81.20054,7.0753,82.9,249.2,1555.7,never,,,
Karandagama,village,81.23886,6.93781,82.9,260.1,1826.6,never,,,
Hunukete,village,80.67601,7.53821,82.9,193.6,80.7,<=100 m (33 storeys),,,
Keenagaspitiya,village,80.25056,7.51896,83.1,160.7,-0.2,ground level,1.126,,
Polwattakanda,village,80.69529,7.53487,83.1,195.1,20.6,<=30 m (10 storeys),,,
Udupeellegoda - East,village,80.6513,6.07363,83.1,348.4,712.7,never,,,
Kongala,village,80.6301,6.06891,83.2,350.0,545.1,never,,,
Kekunawela,village,80.50331,6.0559,83.3,359.7,68.8,<=100 m (33 storeys),,,
Thalgodapitiya - Ibbagamuwa,village,80.45893,7.56147,83.3,177.0,172.3,never,,,
Henegama,village,80.46347,6.05599,83.4,2.8,142.2,<=150 m (50 storeys),,,
Gangodagama,village,80.67607,6.07616,83.4,346.5,590.6,never,,,
Kandawala,village,79.88009,7.24041,83.4,124.9,-1.1,ground level,1.17,,
Dombawela,village,80.61401,7.55468,83.4,188.8,646.4,never,,,
Akurala,village,80.06292,6.1922,83.6,35.3,1.0,ground level,1.169,,
Angunukolapelessa,town,80.89767,6.16694,83.6,328.2,-0.3,ground level,1.154,,
Eethanawatte,village,80.25366,7.52423,83.6,161.1,7.9,<=10 m (3 storeys),,,
Kotagama,village,81.18467,7.13039,83.6,244.9,1854.9,never,,,
Mallehewa,village,81.1729,7.1531,83.6,242.9,1866.7,never,,,
Godagama,village,80.07968,6.1794,83.7,33.7,2.2,<=10 m (3 storeys),,,
Diyakobala,village,81.16303,7.17407,83.7,241.2,1893.5,never,,,
Lalpe,village,80.65235,6.06833,83.7,348.4,679.2,never,,,
Kahawa,village,80.07237,6.18399,83.8,34.4,0.9,ground level,1.164,,
Depalamulla,village,80.85787,6.14212,83.8,331.8,38.2,<=60 m (20 storeys),,,
Kawatayamuna,village,80.62244,7.55689,83.8,189.4,470.3,never,,,
Thelwatta,village,80.08621,6.17343,83.9,33.1,-1.1,ground level,1.162,,
Angurukaramulla,village,79.85431,7.21008,83.9,121.9,-1.6,ground level,1.16,,
Mapalana,village,80.56308,6.05331,83.9,355.2,431.6,never,,,
Pallattara,village,80.72973,6.08645,83.9,342.3,680.5,never,,,
Kithalawa,village,80.10976,7.46079,83.9,149.2,4.6,<=10 m (3 storeys),,,
Eththalamulla,village,81.25779,6.85181,83.9,266.8,2220.5,never,,,
Walpola,village,80.40181,6.05573,84.0,7.4,144.2,<=150 m (50 storeys),,,
Wellawa,suburb,80.36641,7.55812,84.1,170.0,54.8,<=60 m (20 storeys),,,
Hiyare,village,80.28428,6.0796,84.1,16.5,43.4,<=60 m (20 storeys),,,
Gonapinuwala,village,80.13695,6.14143,84.1,28.5,-1.1,ground level,1.16,,
Yatawatta,village,80.58365,7.56568,84.1,186.4,406.6,never,,,
Muruthawa,village,80.42907,7.56684,84.1,174.7,-0.0,ground level,1.077,,
Eraminiyaya,village,80.90109,6.16241,84.2,328.2,0.4,ground level,1.134,,
Maspotha,village,80.30773,7.54644,84.2,165.5,1.9,<=10 m (3 storeys),,,
Owitigamuwa,village,80.61578,6.05696,84.2,351.2,452.5,never,,,
Narangamuwa,village,80.83886,7.49112,84.2,206.5,1013.6,never,,,
Naradda,village,80.67545,6.06904,84.2,346.6,514.1,never,,,
Peraliya,village,80.08991,6.16668,84.3,32.6,-0.2,ground level,1.154,,
Dematapitiya,village,80.66611,6.06542,84.3,347.4,558.9,never,,,
Bendigama,village,80.78337,6.10226,84.3,338.1,401.5,never,,,
Ipalewa,village,80.46549,7.57115,84.3,177.5,1.2,ground level,1.061,,
Pallekiruwa,village,81.23417,7.01492,84.3,254.4,1299.7,never,,,
Nimalawa,village,80.44133,6.04871,84.4,4.4,146.7,<=150 m (50 storeys),,,
Pattiya wela,village,80.70571,6.07414,84.4,344.3,701.9,never,,,
Dodangaslanda,village,80.52945,7.57293,84.5,182.3,76.6,<=100 m (33 storeys),,,
Nihiluwa,village,80.70325,6.0729,84.5,344.5,706.1,never,,,
Henegedara,village,80.24555,7.53046,84.5,160.7,3.9,<=10 m (3 storeys),,,
Kattupol Watta,village,80.16678,6.12092,84.6,25.8,-1.2,ground level,1.145,,
Dampella,village,80.50225,6.0443,84.6,359.8,33.4,<=60 m (20 storeys),,,
Karagoda Uyangoda,village,80.51473,6.04437,84.6,358.9,206.4,never,,,
KumbalGoda,village,80.68581,6.06716,84.6,345.9,571.1,never,,,
Pitawala,village,80.75411,7.53237,84.7,199.4,746.7,never,,,
Taladuwa,suburb,79.84187,7.20431,84.8,121.1,-1.8,ground level,1.145,,
Kurunduwaththa vilage,village,80.27427,6.07644,84.8,17.1,51.9,<=60 m (20 storeys),,,
Hettiyawala,village,80.64884,6.05745,84.8,348.8,637.5,never,,,
Meetiyawala,village,80.65536,6.05848,84.8,348.3,728.4,never,,,
Nedalagamuwa,village,80.00613,7.39681,84.8,140.1,5.0,<=10 m (3 storeys),,,
Kirinda,town,80.62914,6.05234,84.9,350.3,602.9,never,,,
Godawela,village,80.69586,6.06716,84.9,345.2,692.9,never,,,
Talamporuwa,village,80.85327,6.12829,84.9,332.6,-2.3,ground level,1.118,,
Seenigama,village,80.09302,6.15726,85.0,32.0,1.3,ground level,1.14,,
Mayakaduwa,village,80.37459,6.05113,85.0,9.4,50.6,<=60 m (20 storeys),,,
Poramba Kananke,village,80.42045,6.04502,85.0,5.9,72.0,<=100 m (33 storeys),,,
Horagoda,village,80.46998,6.04151,85.0,2.2,160.2,never,,,
Karathota,village,80.67226,6.06013,85.0,347.0,498.4,never,,,
Talunna,village,80.82935,6.11523,85.0,334.6,0.6,ground level,1.125,,
Madukotan Arawa,village,81.26544,6.878,85.0,264.9,2246.8,never,,,
Kudagoda,village,80.18707,6.10637,85.1,24.0,-2.8,ground level,1.135,,
Koswatte - Panadaragama,village,80.24686,7.53629,85.1,160.9,3.7,<=10 m (3 storeys),,,
Yalkumbura,village,81.20741,7.11339,85.1,246.7,1824.5,never,,,
Pallegama,village,81.26018,6.92947,85.1,261.0,2016.4,never,,,
Ihala Vitiyala,village,80.54,6.04003,85.2,357.0,176.0,never,,,
Pussella,village,80.67979,7.5584,85.2,193.5,1.9,<=10 m (3 storeys),,,
Monrovia,village,80.15804,6.11806,85.3,26.3,-1.8,ground level,1.126,,
Metikotuwa,village,79.89148,7.28524,85.3,128.1,-1.3,ground level,1.128,,
Kananke,village,80.40902,6.04238,85.4,6.8,128.6,<=150 m (50 storeys),,,
Talpitiyagama,village,80.77011,6.08663,85.4,339.5,706.9,never,,,
Udapanguwagama,village,81.22997,7.06272,85.4,250.9,1879.3,never,,,
Thalagaha,village,80.24841,6.07807,85.5,19.0,63.1,<=100 m (33 storeys),,,
Munnakkara,village,79.83379,7.20359,85.5,120.7,-0.4,ground level,1.13,,
Kadduwa,village,80.51535,6.03666,85.5,358.9,193.1,never,,,
Polgolla - Gokarella,village,80.47181,7.5817,85.5,178.0,89.8,<=100 m (33 storeys),,,
Yatiella,village,81.25823,6.96164,85.5,258.6,1813.1,never,,,
Nalagasdeniya,village,80.10942,6.14038,85.6,30.3,5.7,<=10 m (3 storeys),,,
Andarawewa,village,81.08235,6.30071,85.6,311.1,-0.6,ground level,1.093,,
Pinkanda,village,80.13208,6.12828,85.6,28.4,4.5,<=10 m (3 storeys),,,
Dammulla,village,80.73459,6.07216,85.6,342.3,681.0,never,,,
Wakwella,village,80.18488,6.10112,85.7,24.0,-8.2,ground level,1.099,,
Udawela CP,village,80.95469,7.43699,85.7,215.9,1802.7,never,,,
Mankuliya,village,79.83074,7.20449,85.8,120.7,-0.1,ground level,1.124,,
Pamburugoda,village,80.38775,6.04186,85.8,8.3,203.5,never,,,
Wellana,village,80.43683,6.03562,85.8,4.7,-1.0,ground level,1.023,,
Uva Thissapura,village,81.09552,7.30698,85.8,230.1,2516.5,never,,,
Pathragoda,village,80.6173,6.04265,85.8,351.3,436.7,never,,,
Kadukanna,village,80.49815,6.03245,85.9,0.1,19.9,<=30 m (10 storeys),,,
Negombo,city,79.83312,7.20943,85.9,121.1,-0.1,ground level,1.121,,
Lihiriyagama,village,79.93232,7.34091,85.9,133.2,7.6,<=10 m (3 storeys),,,
Panadaragama,village,80.25303,7.54591,85.9,161.6,1.3,ground level,1.07,,
Mahagodayaya,village,81.27615,6.78622,85.9,271.7,2531.4,never,,,
Akmeemana,village,80.261,6.06956,86.0,17.9,39.0,<=60 m (20 storeys),,,
Puhulwella,village,80.61858,6.04061,86.0,351.2,455.0,never,,,
Hanagamuwa,village,80.71834,6.06323,86.0,343.7,713.4,never,,,
Kendawinna,village,81.25562,6.99237,86.0,256.4,1597.1,never,,,
Hikkaduwa,town,80.10282,6.14075,86.0,30.7,8.6,<=10 m (3 storeys),,,
Indigahadeniya,village,80.3904,6.03824,86.1,8.1,204.4,never,,,
Thotagoda,village,80.24069,6.07463,86.1,19.4,26.6,<=30 m (10 storeys),,,
Udattapola,village,80.53151,7.58722,86.1,182.4,106.5,<=150 m (50 storeys),,,
Thalgodapitiya,village,80.47686,7.58806,86.1,178.4,63.7,<=100 m (33 storeys),,,
Batuwila,village,80.57567,6.03341,86.2,354.4,264.3,never,,,
Badulugammana,village,81.20337,7.14572,86.2,244.4,1852.5,never,,,
Doowa,village,79.82556,7.20426,86.3,120.5,-0.5,ground level,1.113,,
Kurundugaspitiya,village,80.62827,7.57954,86.3,189.5,371.0,never,,,
Daluwakotuwa,village,79.85733,7.25508,86.4,124.9,1.2,ground level,1.106,,
Godakanda,village,80.22284,6.07808,86.5,20.8,19.6,<=30 m (10 storeys),,,
Labuduwa,village,80.23845,6.07226,86.5,19.5,23.7,<=30 m (10 storeys),,,
Imaduwa,town,80.3889,6.03548,86.5,8.2,219.9,never,,,
Batemulla,village,80.38549,6.03527,86.5,8.4,113.4,<=150 m (50 storeys),,,
Wegama,village,81.18872,7.18122,86.5,241.6,1961.6,never,,,
Ettukala,village,79.84151,7.23522,86.6,123.0,-0.3,ground level,1.106,,
Divelagoda,village,80.40193,6.03196,86.6,7.2,108.9,<=150 m (50 storeys),,,
Wadiyegoda,village,80.82967,6.09937,86.6,335.1,4.9,<=10 m (3 storeys),,,
Labuduwa,town,80.23189,6.07277,86.7,20.0,64.5,<=100 m (33 storeys),,,
Galketiya,village,80.22329,6.07579,86.7,20.7,-2.7,ground level,1.099,,
Telijjawila,suburb,80.49746,6.02538,86.7,0.2,1.2,ground level,1.098,,
Pitipanaveediya,village,79.82052,7.20292,86.7,120.2,-0.7,ground level,1.104,,
Yakuruwa,village,81.27917,6.89668,86.7,263.6,2262.0,never,,,
Kivulewadiya,village,80.87745,7.49644,86.7,208.8,1220.5,never,,,
Halminiya,village,80.84012,7.51612,86.7,205.7,1291.3,never,,,
Paragoda,village,80.37515,6.03471,86.8,9.2,52.9,<=60 m (20 storeys),,,
Wathawana,village,80.36571,6.03643,86.8,9.9,103.8,<=150 m (50 storeys),,,
Deegoda,village,80.38694,6.03235,86.8,8.3,180.6,never,,,
Kahawatta,village,80.73283,6.06024,86.8,342.7,631.0,never,,,
Uduweligoda,village,80.78255,6.07698,86.8,338.9,505.1,never,,,
Kochchikade,town,79.85904,7.26492,86.9,125.5,-0.2,ground level,1.099,,
Illukkumbura,village,80.77132,7.54677,86.9,200.2,1139.5,never,,,
Kandanegedara,village,79.98017,7.39946,86.9,138.7,1.7,<=10 m (3 storeys),,,
Pegirihena,village,80.35566,6.03668,86.9,10.6,66.0,<=100 m (33 storeys),,,
Vitarandeniya,village,80.80992,6.08751,86.9,336.7,112.7,<=150 m (50 storeys),,,
Thambaravila,village,79.87276,7.28437,86.9,127.3,1.3,ground level,1.099,,
Wewala,village,80.10346,6.12985,87.0,30.3,7.4,<=10 m (3 storeys),,,
Dankotuwa,town,79.88219,7.29749,87.0,128.4,-0.4,ground level,1.093,,
Ridiyagama,village,80.98182,6.1878,87.0,322.2,-0.8,ground level,1.079,,
Gammaduwa,village,80.69761,7.57135,87.0,194.6,197.0,never,,,
Angunuwaragala,village,80.98973,7.42689,87.1,218.4,2055.6,never,,,
Kiribamuna,village,80.4387,7.59516,87.1,175.6,269.4,never,,,
Urapola,village,80.55788,6.02435,87.1,355.8,328.5,never,,,
Katupotha,town,80.18757,7.53362,87.2,156.8,13.5,<=30 m (10 storeys),,,
Waaharakgoda,village,80.72304,6.05368,87.2,343.5,703.0,never,,,
Pahala Vitiyala,village,80.54671,6.0213,87.3,356.6,64.4,<=100 m (33 storeys),,,
Getamanna,village,80.68089,6.04074,87.3,346.7,448.8,never,,,
Siyabalagasgoda,village,80.75805,6.06385,87.3,340.9,893.5,never,,,
Selagama,village,80.59324,7.59327,87.3,186.8,740.8,never,,,
Vaikkala,village,79.86077,7.27635,87.4,126.3,1.6,ground level,1.088,,
Keselpotha,village,81.09389,7.3304,87.4,228.7,2165.7,never,,,
Rattandeniya,village,81.27634,6.95827,87.4,259.1,1850.0,never,,,
Karapitiya,suburb,80.22576,6.06708,87.5,20.3,9.4,<=10 m (3 storeys),,,
Yatiyana,town,80.60127,6.0247,87.5,352.6,236.4,never,,,
Uda Mattala,village,81.1327,6.33454,87.5,306.9,-0.3,ground level,1.046,,
Hawpe,village,80.34276,6.03383,87.5,11.5,77.0,<=100 m (33 storeys),,,
Nathagane,village,80.27538,7.56833,87.5,163.6,-1.0,ground level,1.022,,
Kawudupelella,village,80.6233,7.59128,87.5,189.0,640.7,never,,,
Aluketiyawa,village,81.11811,7.30343,87.5,231.4,2546.6,never,,,
Horadugoda,village,80.40768,6.02299,87.6,6.7,71.9,<=100 m (33 storeys),,,
Mahaheela,village,80.70413,6.04404,87.6,345.0,652.7,never,,,
Hapugala,village,80.19757,6.07579,87.7,22.4,23.0,<=30 m (10 storeys),,,
Mattala,village,81.11221,6.30643,87.7,309.4,0.0,ground level,1.054,,
Kodagoda,village,80.3944,6.02332,87.7,7.7,79.0,<=100 m (33 storeys),,,
Udukawa,village,80.47936,6.01686,87.7,1.5,70.4,<=100 m (33 storeys),,,
Hathamune,village,80.58574,6.02128,87.7,353.8,254.4,never,,,
Wathukola kanda,village,80.63002,6.0276,87.7,350.5,371.7,never,,,
Kumbaloluwa,village,80.67063,7.58426,87.7,192.5,217.4,never,,,
Kalugalgoda,village,80.38091,6.02472,87.8,8.6,108.9,<=150 m (50 storeys),,,
Aranwela,village,80.7467,6.05472,87.8,341.9,637.2,never,,,
Kothagoda,village,80.41683,6.01902,87.9,6.0,114.1,<=150 m (50 storeys),,,
Walakanda,village,80.65249,6.02899,87.9,348.9,640.3,never,,,
Thambilideniya,village,80.61186,7.59673,87.9,188.1,428.3,never,,,
Beliatte,town,80.73475,6.04927,88.0,342.8,641.9,never,,,
Angulugaha Junction,village,80.3156,6.03497,88.0,13.4,93.5,<=100 m (33 storeys),,,
Vigamuwa,village,80.84801,6.09373,88.0,334.0,1.7,<=10 m (3 storeys),,,
Poruthota,village,79.8429,7.26135,88.1,124.6,0.0,ground level,1.077,,
Therappahuwa,village,81.29398,6.87548,88.1,265.2,2468.6,never,,,
Kahaduwawatta,village,80.21454,6.06483,88.2,21.0,13.6,<=30 m (10 storeys),,,
Ambalanwatta,village,80.23334,6.05756,88.2,19.5,4.4,<=10 m (3 storeys),,,
Walahanduwa,village,80.25471,6.05049,88.2,17.9,25.4,<=30 m (10 storeys),,,
Ulu Kade Junction,village,80.29607,6.03842,88.2,14.8,103.4,<=150 m (50 storeys),,,
Kokmaduwa,village,80.43411,6.01453,88.2,4.7,80.4,<=100 m (33 storeys),,,
13th Mile Post,village,80.48259,7.60658,88.2,178.8,338.2,never,,,
Kumbukkana,village,81.29792,6.8079,88.3,270.1,2498.3,never,,,
Hettigoda,village,80.38217,6.01987,88.3,8.5,79.2,<=100 m (33 storeys),,,
Kambussawela,village,80.71915,6.04221,88.3,344.0,615.2,never,,,
Thihagoda,town,80.56588,6.01276,88.4,355.3,374.0,never,,,
Kolongoda,village,80.94222,7.47544,88.4,213.6,1406.1,never,,,
Ambagolla,village,81.21202,7.17275,88.4,243.0,1894.4,never,,,
Temwaththa,village,81.29276,6.91441,88.4,262.4,2206.8,never,,,
Kithulampitiya,village,80.20532,6.06489,88.5,21.6,32.0,<=60 m (20 storeys),,,
Kottawatta,village,80.60486,6.01633,88.5,352.5,262.9,never,,,
Pilana,village,80.29111,6.03569,88.6,15.1,62.9,<=100 m (33 storeys),,,
Dikkumbura,village,80.378,6.01753,88.6,8.8,95.6,<=100 m (33 storeys),,,
Malimbada,village,80.51695,6.00876,88.6,358.8,217.6,never,,,
Kadawedduwa,village,80.59477,6.01419,88.6,353.2,243.2,never,,,
Ihalagoda,village,80.66488,6.02566,88.6,348.1,583.5,never,,,
Gokarella,village,80.48363,7.61059,88.6,178.9,368.7,never,,,
Rajgama,village,80.14162,6.09153,88.7,26.5,0.1,ground level,1.064,,
Bamunaakotuwa,town,80.24893,7.57162,88.7,161.9,4.5,<=10 m (3 storeys),,,
Kuliyapitiya,town,80.04403,7.47014,88.7,145.5,-0.8,ground level,1.048,,
Andugoda,village,80.39064,6.01504,88.7,7.8,36.2,<=60 m (20 storeys),,,
Bodara kanda,village,80.68454,6.02915,88.7,346.7,425.7,never,,,
thalamulla,village,80.6706,6.02578,88.7,347.7,543.8,never,,,
Kanulwela,village,81.23963,7.11996,88.7,247.2,1893.9,never,,,
Dodangoda,village,81.23547,7.13066,88.7,246.4,1984.4,never,,,
Amunekandura,village,81.28835,6.95633,88.7,259.4,1964.1,never,,,
Gamaddegoda,village,80.14582,6.08813,88.8,26.2,14.9,<=30 m (10 storeys),,,
Nakkala,town,81.29858,6.89005,88.8,264.2,2368.0,never,,,
Uda Ambala,village,80.70471,6.03306,88.8,345.2,598.6,never,,,
Sitinamaluwa,village,80.75878,6.04917,88.8,341.2,796.9,never,,,
8th Mile Post,village,81.26477,7.05527,88.8,252.2,1642.0,never,,,
Dangoniya,village,81.26651,7.05032,88.8,252.5,1535.1,never,,,
Polgahapitiya,village,81.28373,6.98273,88.8,257.5,1662.9,never,,,
Welipitiya,village,80.44349,6.00777,88.9,4.0,126.7,<=150 m (50 storeys),,,
Gaminipura,village,81.30321,6.77679,88.9,272.3,2942.1,never,,,
Mihira,village,80.14848,6.08476,89.0,25.9,7.4,<=10 m (3 storeys),,,
Bolawatta,village,79.85784,7.29649,89.0,127.3,-0.7,ground level,1.054,,
Haliwala,village,80.2435,6.04611,89.0,18.6,15.9,<=30 m (10 storeys),,,
Ganegoda,village,80.97408,6.16005,89.0,323.8,-0.3,ground level,1.047,,
Puwakpitiya,village,80.74322,7.57682,89.0,197.6,770.9,never,,,
Ranna,town,80.87514,6.09701,89.1,332.2,7.8,<=10 m (3 storeys),,,
Thiththagalla,village,80.35498,6.01646,89.1,10.4,62.7,<=100 m (33 storeys),,,
Bibile,town,81.22541,7.16009,89.1,244.2,1890.7,never,,,
,village,80.69749,6.02807,89.1,345.8,535.3,never,,,
Paldeniya,village,80.60812,7.60827,89.1,187.8,231.4,never,,,
Angampitiya,village,79.85257,7.29123,89.1,126.8,5.0,<=10 m (3 storeys),,,
Jaburagoda,village,80.41397,6.00778,89.2,6.1,72.7,<=100 m (33 storeys),,,
Moonamalpe,village,80.45274,6.00388,89.2,3.4,79.0,<=100 m (33 storeys),,,
Nidanwela,village,80.46459,6.00351,89.2,2.5,85.5,<=100 m (33 storeys),,,
Hingurupattala,village,80.60738,6.00961,89.2,352.3,270.3,never,,,
Wagegoda,village,80.78357,6.0549,89.2,339.4,646.1,never,,,
Owakanda,village,80.15268,6.08015,89.3,25.5,13.6,<=30 m (10 storeys),,,
Ambala North,village,80.70721,6.02898,89.3,345.1,625.5,never,,,
Bakinigahawela,village,81.28544,6.99802,89.3,256.5,1611.7,never,,,
Medagama,town,81.276,7.03451,89.3,253.8,1511.7,never,,,
Dahamgama,village,81.2597,7.08209,89.3,250.2,1984.2,never,,,
Okkampitiya,town,81.3063,6.75216,89.4,274.0,2779.7,never,,,
Kudaheela,village,80.71963,6.03131,89.4,344.2,638.3,never,,,
Dedowa,village,80.57377,6.00386,89.5,354.8,254.6,never,,,
Pahalagama,village,81.3061,6.73675,89.5,275.1,2371.6,never,,,
Akurugoda,village,80.49356,5.99954,89.6,0.4,33.1,<=60 m (20 storeys),,,
Suinamaluwa,village,80.75873,6.04218,89.6,341.3,770.2,never,,,
Nugagolla,village,80.92761,7.49807,89.6,211.8,1481.4,never,,,
Galporuyaya,village,81.02584,7.42539,89.6,220.5,2062.8,never,,,
Boossa,village,80.16306,6.07174,89.7,24.6,2.3,<=10 m (3 storeys),,,
Unukandeniya,village,80.68623,6.02046,89.7,346.7,334.0,never,,,
Kadurugasdeniya,village,80.65895,6.01399,89.7,348.7,567.5,never,,,
Puwakdandawa,village,80.74146,6.03475,89.8,342.7,601.7,never,,,
Bathalayaya,village,80.98518,7.46029,89.8,216.7,2100.4,never,,,
Gintota,suburb,80.17595,6.06371,89.9,23.5,-0.7,ground level,1.04,,
Panchaliya,village,80.38126,6.00548,89.9,8.4,102.2,<=150 m (50 storeys),,,
Guruwela,village,80.86529,7.53611,89.9,206.7,1311.1,never,,,
Karagahathenna,village,80.72407,7.59075,89.9,196.0,436.4,never,,,
Beligalla,village,81.07393,7.38613,90.0,224.9,1872.4,never,,,
Galaboda,village,80.58526,5.99981,90.0,354.0,201.6,never,,,
Madawala ulpatha,village,80.63675,7.61124,90.0,189.7,245.3,never,,,
Nainamadama,village,79.85044,7.30163,90.0,127.3,2.1,<=10 m (3 storeys),,,
Watagedaramulla,village,80.45986,5.99577,90.1,2.8,75.2,<=100 m (33 storeys),,,
Aththudawa,village,80.53829,5.99512,90.1,357.3,231.9,never,,,
Waduborella,village,80.42505,5.99673,90.2,5.3,27.4,<=30 m (10 storeys),,,
Muruthagaspitiya,village,80.65411,6.00846,90.2,349.1,569.5,never,,,
Ibbawala,village,80.40101,5.99875,90.3,7.0,60.3,<=100 m (33 storeys),,,
Andawala,village,80.67899,7.60637,90.3,192.7,85.0,<=100 m (33 storeys),,,
Sulthanagoda,village,80.49557,5.99207,90.4,0.3,-1.5,ground level,1.027,,
Warakpitiya,village,80.48575,5.99185,90.4,1.0,24.3,<=30 m (10 storeys),,,
Mukalan yaya,village,80.68735,6.01346,90.4,346.7,368.3,never,,,
Netolpitiya,village,80.83652,6.06427,90.4,335.7,23.7,<=30 m (10 storeys),,,
Ilukmulla,village,80.7568,6.03339,90.4,341.7,696.3,never,,,
Magalle,suburb,80.23748,6.03425,90.5,18.7,2.1,<=10 m (3 storeys),,,
Weliwatta,suburb,80.22075,6.03992,90.5,20.0,-1.4,ground level,1.027,,
Katugoda,suburb,80.24104,6.03335,90.5,18.5,4.5,<=10 m (3 storeys),,,
Gonnagaha Hean,village,80.37966,5.99982,90.5,8.5,47.6,<=60 m (20 storeys),,,
Uluwitike,village,80.46641,5.9914,90.5,2.3,23.9,<=30 m (10 storeys),,,
Hindikivula,village,81.31495,6.87967,90.5,265.1,2431.3,never,,,
Kirimetiyana,village,79.88588,7.3537,90.6,131.7,2.1,<=10 m (3 storeys),,,
Meepe Junction,village,80.28778,6.01816,90.6,15.0,46.4,<=60 m (20 storeys),,,
Sonuththa,village,80.94512,7.49766,90.6,212.9,1324.4,never,,,
Moodugamuawa,village,80.41506,5.99367,90.7,5.9,56.7,<=60 m (20 storeys),,,
Maduruketiya,village,81.31984,6.83965,90.7,267.9,2260.4,never,,,
Pallepola,village,80.60633,7.62298,90.7,187.5,439.2,never,,,
Dadalla,suburb,80.19224,6.04671,90.9,22.0,-0.6,ground level,1.018,,
Wattakgoda,village,80.42775,5.99061,90.9,5.0,22.6,<=30 m (10 storeys),,,
Welihinda,village,80.46042,5.98865,90.9,2.8,60.5,<=100 m (33 storeys),,,
Wilgamuwa,village,80.92049,7.51588,90.9,210.8,1252.2,never,,,
Hungama,town,80.93202,6.10991,91.0,328.3,-0.9,ground level,1.018,,
Nainamadama,village,79.84748,7.3123,91.0,127.7,1.6,ground level,1.017,,
Koswatta,suburb,79.89721,7.37088,91.0,133.1,13.9,<=30 m (10 storeys),,,
Koswatta,village,79.89258,7.36597,91.0,132.6,6.1,<=10 m (3 storeys),,,
Ginigala,village,80.2875,6.01393,91.0,15.0,46.1,<=60 m (20 storeys),,,
Borala,village,80.4063,5.99142,91.0,6.5,-7.3,ground level,1.006,,
Dandeniya,village,80.65039,6.00032,91.0,349.5,525.4,never,,,
Marakolliya,village,80.81592,6.05023,91.0,337.4,253.1,never,,,
Mahamodara,suburb,80.20132,6.04171,91.1,21.3,20.7,<=30 m (10 storeys),,,
Talbot Town,suburb,80.21855,6.0347,91.1,20.0,7.0,<=10 m (3 storeys),,,
Miriswatta,village,80.71897,6.01573,91.1,344.6,597.2,never,,,
Radaliyadda,village,81.23329,7.18596,91.1,242.8,1957.8,never,,,
Heenatigala Junction,village,80.27654,6.0155,91.2,15.7,26.1,<=30 m (10 storeys),,,
Bandaththara,village,80.55833,5.98665,91.2,355.9,242.0,never,,,
Batugammana,village,81.3146,6.9391,91.2,260.9,1945.8,never,,,
Horombuwa,village,81.32497,6.8131,91.2,269.7,2693.1,never,,,
Radampola,town,80.67202,6.00278,91.2,347.9,609.9,never,,,
Polommaruwa,village,80.77733,6.03199,91.3,340.3,870.4,never,,,
Palapota,village,80.74689,6.02154,91.3,342.6,579.8,never,,,
Kaluwella,suburb,80.21225,6.03463,91.4,20.4,13.9,<=30 m (10 storeys),,,
Nakanda,village,80.37616,5.99171,91.4,8.6,76.0,<=100 m (33 storeys),,,
Mawattagoda,village,80.67319,6.00168,91.4,347.9,599.9,never,,,
Denipitiya,village,80.45236,5.9832,91.5,3.3,55.0,<=60 m (20 storeys),,,
Maavi Ela,village,80.12616,7.54776,91.5,153.3,2.8,<=10 m (3 storeys),,,
Medaketiya,village,80.79776,6.03812,91.5,338.9,461.6,never,,,
Galle,city,80.21496,6.03281,91.5,20.2,8.3,<=10 m (3 storeys),,,
Kadewatta,village,80.43581,5.98347,91.6,4.4,51.2,<=60 m (20 storeys),,,
Naadugala,village,80.54883,5.98273,91.6,356.6,14.2,<=30 m (10 storeys),,,
Unawatuna,suburb,80.24748,6.02018,91.6,17.8,-2.2,ground level,1.007,,
Duwagoda,village,80.48986,5.98114,91.6,0.7,8.7,<=10 m (3 storeys),,,
Millaththawa,village,81.00357,7.46707,91.6,217.4,2099.1,never,,,
Pathegama,village,80.40371,5.98589,91.7,6.7,8.9,<=10 m (3 storeys),,,
Olaganduwa,village,80.37178,5.99048,91.7,8.9,17.7,<=30 m (10 storeys),,,
Poththatawela,village,80.76199,7.59618,91.7,198.5,1183.9,never,,,
Kompawala,village,80.39754,5.98558,91.8,7.1,28.4,<=30 m (10 storeys),,,
Lolanara,village,80.64794,5.99279,91.8,349.7,446.4,never,,,
Wawulgala,village,80.7049,6.00518,91.8,345.7,509.8,never,,,
Maningamuwa,village,80.58402,7.63514,91.8,185.9,542.9,never,,,
Bothalegama,village,79.88051,7.36419,91.9,132.0,3.5,<=10 m (3 storeys),,,
Diyagaha,village,80.57766,5.98241,91.9,354.6,160.4,never,,,
Kokawala,village,80.61602,5.98681,91.9,352.0,175.7,never,,,
Yayawatta Palotha,village,80.74839,6.01562,92.0,342.6,573.8,never,,,
Hattiya watta,village,80.46809,5.97783,92.0,2.2,60.4,<=100 m (33 storeys),,,
Dedduwawala,village,80.72026,6.00624,92.1,344.6,606.7,never,,,
Hindeliya,village,80.69332,5.99987,92.1,346.5,473.4,never,,,
Suduwathura Ara,village,81.33257,6.78214,92.1,271.9,2636.1,never,,,
Opalgala,village,80.69229,7.61993,92.1,193.4,372.0,never,,,
Mælsiripura,town,80.50931,7.64276,92.2,180.7,254.2,never,,,
Lunuwila,village,79.86238,7.34868,92.2,130.3,0.6,ground level,0.993,,
Batawala,village,80.40628,5.98081,92.2,6.5,2.3,<=10 m (3 storeys),,,
Walasgoda,village,80.63879,5.98783,92.2,350.4,390.7,never,,,
Rattanapitiya,village,81.32905,6.89433,92.2,264.1,2394.3,never,,,
Karametiya,village,81.30849,7.01651,92.3,255.6,1544.6,never,,,
Rumassala,village,80.23864,6.01528,92.4,18.2,5.3,<=10 m (3 storeys),,,
Arachikanda,village,80.36814,5.98449,92.4,9.1,10.8,<=30 m (10 storeys),,,
Thibbatuhena,village,80.47873,5.97385,92.4,1.5,16.6,<=30 m (10 storeys),,,
Rekawa,village,80.85736,6.05485,92.4,334.6,-1.6,ground level,0.994,,
Lunugamvehera,town,81.19614,6.34704,92.5,303.6,-3.0,ground level,0.948,,
Turkish Village Midigama,village,80.39948,5.97854,92.5,6.9,-1.4,ground level,0.985,,
Hettipola,town,80.913,7.53689,92.5,209.6,1494.2,never,,,
Kadurupokuna,village,80.77481,6.01919,92.5,340.8,819.5,never,,,
Dewarammulla,village,80.58302,7.64172,92.5,185.8,664.3,never,,,
Yayawatta,village,80.73546,6.00569,92.6,343.6,647.0,never,,,
Girandurukotte,town,81.01486,7.4702,92.6,217.9,2121.9,never,,,
Kadawalagedara,village,80.05066,7.5162,92.6,147.7,29.1,<=30 m (10 storeys),,,
Habaraduwa,village,80.30854,5.99457,92.6,13.2,27.4,<=30 m (10 storeys),,,
Eluketiya,village,80.36606,5.98242,92.6,9.2,8.0,<=10 m (3 storeys),,,
Weligama,town,80.42914,5.97513,92.6,4.9,35.3,<=60 m (20 storeys),,,
Hikgaha Ara,village,80.68998,5.99403,92.6,346.9,422.6,never,,,
Ambagahalanda,village,80.49023,7.64721,92.6,179.4,420.9,never,,,
Leloya,village,80.82144,7.58236,92.6,202.6,1544.5,never,,,
Koggala,village,80.32263,5.99037,92.7,12.2,25.6,<=30 m (10 storeys),,,
Tangalle,town,80.79493,6.02508,92.7,339.4,595.7,never,,,
Karandugoda,village,80.36247,5.98246,92.7,9.4,29.5,<=30 m (10 storeys),,,
Kotambure,village,80.65086,5.98535,92.7,349.6,533.9,never,,,
Epitakanda,village,80.64743,5.98437,92.7,349.9,433.3,never,,,
Magandanamulla,village,81.3346,6.88314,92.7,264.9,2477.3,never,,,
Prawahera,village,80.61362,5.97774,92.8,352.2,189.2,never,,,
Peleana,village,80.44683,5.97052,92.9,3.6,47.8,<=60 m (20 storeys),,,
Kotuwegoda,suburb,80.79766,6.02405,92.9,339.2,558.2,never,,,
Talpe,village,80.28118,5.99714,93.0,15.1,0.4,ground level,0.982,,
Nakulugamuwa,village,80.71275,5.99617,93.0,345.3,567.4,never,,,
Pangura,village,81.325,6.97032,93.0,258.9,1873.7,never,,,
Hulandawa,village,81.33906,6.8629,93.0,266.3,2659.1,never,,,
Kotawila,village,80.47796,5.96815,93.1,1.5,6.6,<=10 m (3 storeys),,,
Kathaluwa,village,80.34023,5.98117,93.3,10.9,-0.7,ground level,0.977,,
Sinimodara,village,80.7492,6.00382,93.3,342.8,574.2,never,,,
Welipannagahamula,village,79.92736,7.43164,93.4,137.5,0.8,ground level,0.957,,
Kabalana,village,80.34627,5.97875,93.4,10.5,2.3,<=10 m (3 storeys),,,
Muppane,village,81.34352,6.8493,93.4,267.3,2372.8,never,,,
Polwathumodara,village,80.4562,5.96466,93.5,3.0,13.1,<=30 m (10 storeys),,,
Kalatiyawala,village,80.50405,5.96381,93.5,359.7,-3.4,ground level,0.961,,
Gonagama,village,80.30503,7.63279,93.5,166.8,208.4,never,,,
Neerammulla,village,80.4871,7.65475,93.5,179.2,330.2,never,,,
Millawana,village,80.57515,7.65114,93.5,185.2,544.8,never,,,
Weliyaya,village,81.34002,6.90198,93.5,263.7,2388.6,never,,,
Wennappuwa,town,79.84131,7.34264,93.6,129.1,-0.4,ground level,0.968,,
Thudawa,village,80.54693,5.96476,93.6,356.8,0.1,ground level,0.971,,
Ginnoruwa,village,80.98495,7.50272,93.6,215.0,1575.8,never,,,
Ahangama,town,80.3623,5.97352,93.7,9.4,0.6,ground level,0.97,,
Unakuruwa,village,80.76406,6.00442,93.7,341.8,584.4,never,,,
Walasgala,village,80.69993,5.98549,93.8,346.3,439.5,never,,,
Nawimana,village,80.56424,5.96346,93.8,355.6,270.1,never,,,
Mawella,village,80.74232,5.99631,93.8,343.4,675.6,never,,,
Galge,village,81.30485,6.54039,93.9,288.5,1575.1,never,,,
Heanwala,village,80.46364,5.96117,93.9,2.5,19.0,<=30 m (10 storeys),,,
Motagedara,village,80.58477,5.96425,93.9,354.3,139.6,<=150 m (50 storeys),,,
Labeema,village,80.49534,5.95988,93.9,0.3,1.3,ground level,0.956,,
Wariyapola,town,80.24612,7.61981,93.9,162.7,-0.3,ground level,0.911,,
Kumbalgama,suburb,80.40895,5.96452,94.0,6.2,7.9,<=10 m (3 storeys),,,
Hittetiya,village,80.5244,5.95988,94.0,358.3,173.1,never,,,
Ratmale,village,80.65965,5.97453,94.0,349.2,594.0,never,,,
Hulandawa South,village,81.35003,6.82585,94.0,268.9,2615.5,never,,,
Midigama,village,80.39095,5.96522,94.1,7.4,2.0,<=10 m (3 storeys),,,
Dematawa,village,80.11509,7.56886,94.1,153.2,-1.8,ground level,0.925,,
Weragampita,village,80.55408,5.96024,94.1,356.3,27.9,<=30 m (10 storeys),,,
Pahala Kottaramulla,village,79.86893,7.38341,94.2,132.4,-0.6,ground level,0.961,,
Denuwala,village,80.38598,5.96552,94.2,7.7,-2.0,ground level,0.96,,
Kanaththagoda,village,80.50879,5.95728,94.2,359.4,3.3,<=10 m (3 storeys),,,
Goviyapana,village,80.37806,5.96634,94.2,8.2,93.8,<=100 m (33 storeys),,,
Moneragala,city,81.35071,6.87255,94.3,265.7,2841.8,never,,,
Nonagama,village,80.99211,6.11265,94.4,324.7,-1.0,ground level,0.947,,
Thiththawelgala,village,80.38592,7.65599,94.4,172.4,209.3,never,,,
Viharamulla,village,81.352,6.86314,94.4,266.4,2686.1,never,,,
Laggala,town,80.84025,7.59329,94.5,203.5,1463.2,never,,,
Wewurukannala,village,80.69829,5.97729,94.6,346.6,457.6,never,,,
Izzadeen Town,suburb,80.52649,5.95439,94.6,358.2,154.5,never,,,
Weliweriya (SP),village,80.54209,5.95443,94.7,357.2,93.9,<=100 m (33 storeys),,,
Welegoda,suburb,80.53163,5.95252,94.8,357.9,153.1,never,,,
Hiripitiya,town,80.36925,7.65686,94.8,171.3,91.8,<=100 m (33 storeys),,,
Walpola,suburb,80.55285,5.95347,94.8,356.5,0.2,ground level,0.948,,
Kethalathenna,village,80.95568,7.5352,94.8,212.1,1416.1,never,,,
Maligawila,village,81.35376,6.72521,94.9,275.6,2435.6,never,,,
Aluthwela,village,81.30345,7.1119,94.9,249.4,2254.9,never,,,
Koswatte Junction,village,79.8892,7.41533,95.0,134.9,8.3,<=10 m (3 storeys),,,
Medagoda,village,80.4955,5.95021,95.0,0.3,4.2,<=10 m (3 storeys),,,
Wewaihalagoda,village,80.59083,5.95518,95.0,353.9,132.3,<=150 m (50 storeys),,,
Udubaddawa,village,79.96811,7.485,95.0,141.9,0.7,ground level,0.922,,
Munamaldeniya,village,80.05826,7.54771,95.1,149.2,4.6,<=10 m (3 storeys),,,
Ganewatta,village,80.34914,7.65577,95.1,170.0,7.7,<=10 m (3 storeys),,,
Uyanwaththa,suburb,80.54706,5.95071,95.1,356.9,-1.0,ground level,0.943,,
Mirissa,town,80.45581,5.94936,95.2,2.9,23.0,<=30 m (10 storeys),,,
Hunnadeniya,village,80.65558,5.96235,95.2,349.6,558.1,never,,,
Thalpawila,village,80.60056,5.95415,95.2,353.3,123.2,<=150 m (50 storeys),,,
Siyambalangamuwa,village,80.48043,7.67011,95.2,178.8,202.3,never,,,
Hebarawa,village,80.98284,7.52185,95.2,214.1,1410.6,never,,,
Haththota Amuna,village,80.82293,7.60748,95.2,202.1,1695.3,never,,,
Obbegoda,village,81.35328,6.92479,95.2,262.3,2360.5,never,,,
Hulandawa Left,village,81.36011,6.83688,95.2,268.2,2372.5,never,,,
Kudawella,village,80.73333,5.97963,95.3,344.3,618.8,never,,,
Matara,city,80.54829,5.94782,95.4,356.8,-0.5,ground level,0.937,,
Thummodara,village,79.86065,7.39108,95.5,132.4,-1.4,ground level,0.936,,
Godauda,village,80.64802,5.95907,95.5,350.1,492.2,never,,,
Bambaragammana,village,80.23711,7.63267,95.5,162.4,0.4,ground level,0.89,,
Dambana,village,81.11733,7.41314,95.5,225.6,1948.7,never,,,
Ambalantota,town,81.02386,6.12246,95.6,322.6,0.6,ground level,0.934,,
Pamburana,village,80.52855,5.9452,95.6,358.1,138.8,<=150 m (50 storeys),,,
Thotamuna,suburb,80.53554,5.94414,95.8,357.6,107.3,<=150 m (50 storeys),,,
Panliyedda,village,80.53102,7.67504,95.8,182.1,23.6,<=30 m (10 storeys),,,
Walgama,town,80.51493,5.94247,95.9,359.0,2.8,<=10 m (3 storeys),,,
Dikwella,town,80.69465,5.96462,95.9,347.0,430.5,never,,,
Katuneriya,village,79.8329,7.36548,95.9,129.9,-0.3,ground level,0.926,,
Thallangomuwa,village,80.49061,7.6766,95.9,179.5,339.0,never,,,
Aliyawatta,village,81.36557,6.85635,95.9,266.9,2334.7,never,,,
Kamburugamuwa,village,80.49429,5.94115,96.0,0.4,6.4,<=10 m (3 storeys),,,
Nalanda,village,80.63656,7.66638,96.0,189.1,629.7,never,,,
Dankumbura,village,81.22933,7.28287,96.1,237.0,2899.5,never,,,
Maadipola,village,80.58111,7.67507,96.1,185.4,628.5,never,,,
Thalaramba,village,80.47538,5.93984,96.2,1.6,4.9,<=10 m (3 storeys),,,
Polhena,village,80.52423,5.93945,96.2,358.4,137.7,<=150 m (50 storeys),,,
Kumbukgate,town,80.42475,7.6761,96.2,175.1,171.2,never,,,
Kottagoda,village,80.63702,5.94943,96.3,350.9,385.9,never,,,
Talalla,village,80.62746,5.94822,96.3,351.6,273.0,never,,,
Nilwella,village,80.71644,5.96502,96.4,345.6,492.8,never,,,
Belaganwewa,village,81.01988,7.50879,96.4,216.6,2128.5,never,,,
Pitakumbura,village,81.2905,7.17792,96.4,245.0,1984.5,never,,,
Bowatenna,village,80.68426,7.66214,96.5,192.2,264.6,never,,,
Suduwella,village,80.63914,5.94685,96.6,350.8,369.5,never,,,
Nattandiya,town,79.86521,7.41188,96.7,133.6,-0.3,ground level,0.915,,
Kavudawa,village,81.37403,6.84145,96.7,267.9,2337.8,never,,,
Pahala Rathkinda,village,81.0535,7.48755,96.8,219.2,1917.8,never,,,
Kapugama,village,80.60424,5.93812,97.0,353.2,100.3,<=150 m (50 storeys),,,
Lansigama,village,79.83143,7.37881,97.0,130.5,1.6,ground level,0.906,,
Thampalawela,village,81.3529,7.01304,97.0,256.6,1616.8,never,,,
Palliyadda,village,80.53871,7.68691,97.1,182.6,73.4,<=100 m (33 storeys),,,
Gandara,village,80.61341,5.93772,97.2,352.6,98.8,<=100 m (33 storeys),,,
Hunganwela,village,80.6413,7.67758,97.3,189.3,480.4,never,,,
Dambagalla,village,81.36846,6.95215,97.3,260.6,2079.8,never,,,
Lediyangala,village,80.92074,7.58272,97.3,208.6,1687.2,never,,,
Sudugala,village,80.59986,5.93414,97.4,353.5,94.4,<=100 m (33 storeys),,,
Mahakiwula,village,80.38914,7.68372,97.4,172.9,131.9,<=150 m (50 storeys),,,
Wewaththa,village,81.16631,7.38602,97.4,229.1,2377.8,never,,,
Aluyatawela,village,80.98912,7.54461,97.6,213.6,1404.9,never,,,
Nelliya,village,80.45298,7.69204,97.7,177.0,76.8,<=100 m (33 storeys),,,
Mudukatuwa,village,79.83148,7.38981,97.8,131.1,-0.4,ground level,0.893,,
Sella Kataragama,village,81.30349,6.43813,97.9,294.8,450.5,never,,,
Dondra,town,80.58936,5.9281,98.0,354.2,91.0,<=100 m (33 storeys),,,
Kalatuwagama,village,80.34355,7.68406,98.2,170.0,-0.4,ground level,0.84,,
Padeniya,town,80.22193,7.65559,98.5,161.9,-2.6,ground level,0.846,,
Kongahawela,village,80.70478,7.67581,98.5,193.3,512.7,never,,,
Kottambapitiya,village,80.10102,7.60589,98.5,153.5,9.1,<=10 m (3 storeys),,,
Makulla,village,81.37475,6.97966,98.5,259.0,1990.7,never,,,
Teldeniyaya,village,81.01172,7.54113,98.7,215.0,1566.9,never,,,
Aluthgama,village,80.60209,7.69714,98.8,186.6,478.5,never,,,
Thambana,village,81.35692,7.06163,98.8,253.6,1645.7,never,,,
Thenagallanda,village,81.39299,6.79767,98.8,270.7,2499.9,never,,,
Galabedda,village,81.38749,6.91726,98.9,263.1,2177.7,never,,,
Arangala,village,80.64983,7.69142,98.9,189.7,220.7,never,,,
Madahapola,village,80.49938,7.70617,99.2,180.0,325.2,never,,,
Dummalasuriya,village,79.91628,7.49249,99.3,139.6,-0.6,ground level,0.868,,
Marawila,suburb,79.83095,7.41303,99.5,132.2,5.8,<=10 m (3 storeys),,,
Hettipola,town,80.07876,7.60557,99.5,152.2,6.6,<=10 m (3 storeys),,,
Werella - Padeniya,village,80.22633,7.6673,99.5,162.4,2.0,<=10 m (3 storeys),,,
Maldam Ambe,village,81.31218,7.20568,99.9,244.0,1961.9,never,,,
Werella,village,80.23221,7.674,100.1,162.9,0.9,ground level,0.817,,
Magampura Mahinda Rajapaksa Sovereign Port Area,suburb,81.09419,6.12652,100.1,318.9,1.2,ground level,0.859,,
Maraka,village,80.95966,7.58955,100.1,210.5,1486.5,never,,,
Diyawiddagama,village,81.03438,7.5416,100.2,216.1,1921.0,never,,,
Weheragala,village,81.40679,6.82356,100.3,269.1,2777.3,never,,,
Wewmedagama,village,81.04591,7.53483,100.4,217.0,2127.7,never,,,
Serawa,village,81.31267,7.2149,100.4,243.5,2066.0,never,,,
Kekulawala,village,80.30065,7.69617,100.5,167.4,61.4,<=100 m (33 storeys),,,
Kumbiyangaha-ela,village,80.68435,7.6992,100.5,191.7,159.2,never,,,
Naula,town,80.65308,7.70704,100.7,189.7,152.2,never,,,
Sippukulama,village,81.12238,6.1451,100.7,316.8,10.3,<=30 m (10 storeys),,,
Beligamuwa,village,80.55085,7.71945,100.8,183.3,223.6,never,,,
Weerawila,town,81.22812,6.2575,101.1,307.1,0.4,ground level,0.823,,
Wahakotte,village,80.58293,7.71956,101.1,185.3,535.1,never,,,
Ruwalwela,village,81.38928,7.02185,101.1,256.5,1727.1,never,,,
Wewagama,village,81.02803,7.55729,101.2,215.2,1736.0,never,,,
Mahabedda,village,80.57712,7.72167,101.2,184.9,339.6,never,,,
Halpanwila,village,79.83104,7.43726,101.3,133.3,3.8,<=10 m (3 storeys),,,
Ma-oya,village,80.8347,7.66306,101.4,201.4,1768.7,never,,,
Maragamuwa,village,80.71086,7.70279,101.5,193.3,476.1,never,,,
Koholankala,village,81.14417,6.15423,101.7,315.5,2.8,<=10 m (3 storeys),,,
Deliwa,village,81.3909,7.04124,101.8,255.4,1718.5,never,,,
Kataragama,town,81.33244,6.41356,102.0,295.4,490.4,never,,,
Kudawewa,village,79.84673,7.46191,102.0,135.1,2.0,<=10 m (3 storeys),,,
Galmuruwa,village,79.88136,7.49457,102.0,138.1,0.4,ground level,0.824,,
Bohitiya,village,81.42145,6.84454,102.0,267.8,2373.7,never,,,
Divulapelessa,village,80.99824,7.58638,102.1,212.7,1310.0,never,,,
Koswadiya,village,79.8233,7.44008,102.2,133.1,1.3,ground level,0.824,,
Handungamuwa,village,80.92648,7.62949,102.2,207.5,1732.9,never,,,
Kobeigane,town,80.12646,7.65584,102.3,156.3,1.0,ground level,0.794,,
Kottagala,village,81.41406,6.95304,102.3,261.1,2260.8,never,,,
Pansiyagama,village,80.49647,7.73511,102.4,179.9,327.0,never,,,
Hambantota,city,81.12426,6.12491,102.5,317.6,0.2,ground level,0.814,,
Meegaswatta,village,81.22827,7.38318,102.5,231.7,2770.9,never,,,
Andella,village,81.23041,6.23805,102.6,308.0,-0.2,ground level,0.807,,
Polgahangoḍa,village,80.50857,7.7374,102.6,180.6,66.0,<=100 m (33 storeys),,,
Kelegama,village,81.05313,7.55596,102.7,216.5,2178.8,never,,,
Moragolla,village,80.5515,7.73642,102.7,183.2,215.7,never,,,
Maeliya,village,80.41879,7.73439,102.7,175.1,13.2,<=30 m (10 storeys),,,
Mahawewa,village,79.82831,7.45396,102.8,134.0,1.6,ground level,0.813,,
Debarawewa,village,81.26648,6.28454,102.8,304.4,-2.2,ground level,0.802,,
Nawa Madagama,village,81.04158,7.56873,103.1,215.5,1770.0,never,,,
Minuwangete,village,80.24358,7.70697,103.2,164.2,1.5,ground level,0.775,,
Makulpotha,village,80.44984,7.74357,103.4,177.0,4.8,<=10 m (3 storeys),,,
Ihalagama,village,81.0234,7.58445,103.4,214.0,1417.0,never,,,
Ranwediyawa,village,80.55797,7.7474,103.9,183.6,122.5,<=150 m (50 storeys),,,
Medakanda,village,80.96035,7.6284,103.9,209.3,1472.4,never,,,
Bulupitiya,village,81.33346,7.24779,104.1,242.2,2116.2,never,,,
Mahawewa,village,79.82846,7.4717,104.2,134.7,-1.0,ground level,0.794,,
Ihawa,village,81.42511,6.99974,104.4,258.4,1856.3,never,,,
Old Madampe Town,village,79.83006,7.47724,104.5,135.0,-1.8,ground level,0.789,,
Ebawalapitiya,village,80.24422,7.71963,104.5,164.4,0.4,ground level,0.752,,
Dombagahawela,village,81.44332,6.90281,104.8,264.3,2589.1,never,,,
Padiyatalawa,town,81.24246,7.4002,104.9,231.5,2759.9,never,,,
Madampe,town,79.84138,7.49542,105.1,136.3,1.3,ground level,0.78,,
Tissamaharama,town,81.28928,6.27707,105.3,304.0,1.3,ground level,0.767,,
Galewela,town,80.5711,7.75966,105.4,184.3,258.0,never,,,
Kudamaduwella,village,79.80469,7.46323,105.4,133.4,-0.9,ground level,0.774,,
Karandugala,village,81.34477,7.25033,105.4,242.4,2184.2,never,,,
Madagama,village,79.8776,7.53319,105.5,139.4,-0.7,ground level,0.763,,
Dagama,village,80.41429,7.75939,105.5,174.9,0.6,ground level,0.712,,
Bowatta,town,79.96196,7.59869,105.6,145.8,4.5,<=10 m (3 storeys),,,
Imihaminegama,village,80.51283,7.76525,105.7,180.8,83.9,<=100 m (33 storeys),,,
Henanigala,village,81.06615,7.58133,105.8,216.2,2074.1,never,,,
Dolagawela,village,81.07901,7.57285,105.9,217.2,2181.9,never,,,
Lenadora,village,80.66215,7.75534,106.1,189.8,88.5,<=100 m (33 storeys),,,
Thoduwawa,village,79.80433,7.47665,106.5,133.9,0.7,ground level,0.759,,
Nagollagama,village,80.31339,7.75443,106.5,168.9,1.4,ground level,0.714,,
Helambagahawatta,village,80.72215,7.74813,106.7,193.3,411.6,never,,,
Meeyagala,village,81.44084,7.0298,106.8,256.8,1504.9,never,,,
Rideebendiella,village,80.2447,7.74292,107.0,164.8,0.4,ground level,0.721,,
Elahera,village,80.79171,7.73252,107.1,197.6,998.5,never,,,
Bingiriya,town,79.93734,7.59832,107.1,144.6,3.0,<=10 m (3 storeys),,,
Nagahamada,village,81.46351,6.93317,107.4,262.7,2303.4,never,,,
Dorakumbura,village,81.31742,7.33587,107.5,237.2,3105.8,never,,,
Withikuliya,village,80.14677,7.71805,107.8,158.9,2.2,<=10 m (3 storeys),,,
Baduluwela,village,81.43483,7.08505,107.8,253.5,1711.3,never,,,
Nayakumbura,village,80.68942,7.76538,107.8,191.2,240.8,never,,,
Wilaththawa,village,79.91734,7.5949,108.1,143.6,0.1,ground level,0.724,,
Damunumulla,village,80.57055,7.78448,108.1,184.2,150.8,never,,,
Yodha Kandiya,village,81.31016,6.25931,108.3,304.1,0.4,ground level,0.724,,
Pambala,village,79.82699,7.52348,108.4,136.8,2.6,<=10 m (3 storeys),,,
Aluthwela,village,80.52053,7.78967,108.4,181.3,263.6,never,,,
Marangala,village,81.29754,7.38278,108.6,234.3,3393.4,never,,,
Weerapokuna,village,79.98909,7.65109,108.8,148.9,7.2,<=10 m (3 storeys),,,
Pannanpitiya,village,80.65941,7.77986,108.8,189.4,406.2,never,,,
Sandunpura,village,81.04835,7.62801,108.9,213.8,1411.6,never,,,
Thalakolawewa,village,80.43414,7.79258,109.0,176.2,25.5,<=30 m (10 storeys),,,
Mawanagama,village,81.06783,7.61722,109.2,215.1,1667.4,never,,,
Ritigahawaththa,village,81.46512,7.01699,109.2,257.8,1919.7,never,,,
Kakkapalliya Junction,village,79.82158,7.52996,109.3,136.9,-1.1,ground level,0.718,,
Mariarawa,village,81.47591,6.96962,109.4,260.7,2254.8,never,,,
Walgamwewa,village,80.68453,7.78095,109.4,190.8,105.1,<=150 m (50 storeys),,,
Pallegama EP,village,81.26247,7.44226,109.5,230.3,2971.8,never,,,
Iranawila,village,79.79592,7.50722,109.5,134.9,-0.2,ground level,0.715,,
Galtemwewa,village,80.40302,7.79495,109.5,174.5,74.3,<=100 m (33 storeys),,,
Embulambe,village,80.6499,7.789,109.6,188.7,803.9,never,,,
Balagollagama,village,80.25455,7.77048,109.7,165.8,2.8,<=10 m (3 storeys),,,
Karambe,village,80.34175,7.79064,109.9,170.9,0.4,ground level,0.651,,
Wila-oya,village,81.49343,6.8309,109.9,268.7,2789.9,never,,,
Kodayana,village,81.48867,6.90952,109.9,264.2,2683.6,never,,,
Guruhela,village,81.49615,6.87469,110.4,266.2,2951.4,never,,,
Rathugala,village,81.38215,7.28,110.5,241.9,2324.6,never,,,
Heeratiya,village,80.80511,7.76274,110.7,197.8,1085.5,never,,,
Ambakandawila,village,79.79312,7.52265,110.9,135.4,0.2,ground level,0.694,,
Wilpothuwewa,village,80.01673,7.69046,111.1,151.4,4.7,<=10 m (3 storeys),,,
Pibidunugama,village,80.51592,7.81477,111.2,181.0,80.5,<=100 m (33 storeys),,,
Talakiriyagama,village,80.61231,7.81,111.3,186.5,438.5,never,,,
Wattegama,village,81.50832,6.7947,111.5,270.8,2700.5,never,,,
Polpithigama,town,80.40496,7.81722,111.9,174.7,3.5,<=10 m (3 storeys),,,
Serankada,village,81.27848,7.4559,111.9,230.3,2960.6,never,,,
Buddama,village,81.4853,7.04355,112.0,256.6,1776.8,never,,,
Moragollewa,village,80.65802,7.81222,112.3,189.0,686.7,never,,,
Kalundewa,village,80.71157,7.80227,112.3,192.1,465.8,never,,,
Nikaweratiya,town,80.11572,7.75038,112.4,157.9,-1.0,ground level,0.645,,
Ulpotha,village,80.43267,7.82343,112.4,176.3,1.8,<=10 m (3 storeys),,,
Dehiattakandiya,town,81.04089,7.6715,112.5,212.1,1415.9,never,,,
Bakmeedeniya,village,81.02362,7.6818,112.5,211.0,1219.5,never,,,
Bakamuna,town,80.81696,7.77718,112.6,198.2,1250.8,never,,,
Kiwleyaya,village,81.51338,6.90615,112.6,264.5,2664.9,never,,,
Kologahaela,village,80.68908,7.81008,112.6,190.7,58.5,<=60 m (20 storeys),,,
Merawala,village,79.80656,7.55758,112.7,137.3,0.3,ground level,0.671,,
Balalla,village,80.25272,7.79824,112.7,166.1,-1.2,ground level,0.632,,
Pothuwila,village,80.46932,7.82979,112.9,178.3,69.7,<=100 m (33 storeys),,,
Bulanawewa,village,80.57079,7.82862,113.0,184.0,89.9,<=100 m (33 storeys),,,
Ihakolagama,village,80.14479,7.76871,113.1,159.8,-1.2,ground level,0.633,,
Galgamuwa,village,81.3928,7.31118,113.2,240.6,2371.0,never,,,
Kirinde,village,81.33502,6.21741,113.3,305.3,5.5,<=10 m (3 storeys),,,
Dalugolla,village,80.16442,7.77865,113.4,161.0,-1.4,ground level,0.625,,
Yapahuwa,village,80.31316,7.81856,113.5,169.6,-1.3,ground level,0.604,,
Amunakole,village,80.39032,7.83099,113.6,174.0,53.0,<=60 m (20 storeys),,,
Palthuruella EP,village,81.29024,7.46826,113.7,230.2,2970.1,never,,,
Thithawelagolla,village,80.66853,7.82402,113.7,189.5,282.1,never,,,
Palathuruwella,village,81.29281,7.47111,114.2,230.1,2974.3,never,,,
Pailigama,village,80.31339,7.82609,114.3,169.7,0.7,ground level,0.59,,
Ethimale,village,81.53556,6.82311,114.5,269.2,3146.5,never,,,
Ibbankatuwa,village,80.63139,7.83779,114.6,187.3,654.5,never,,,
Ulpothwewa,village,80.43941,7.84363,114.6,176.7,-0.7,ground level,0.567,,
Bakamooneulpotha,village,80.81054,7.79863,114.7,197.4,1132.9,never,,,
Madagalla,town,80.39755,7.84231,114.8,174.4,17.2,<=30 m (10 storeys),,,
Chandanagama,village,81.0537,7.68767,114.8,212.2,1466.9,never,,,
Maho,town,80.27357,7.82391,114.9,167.5,2.6,<=10 m (3 storeys),,,
Dewahuwa,village,80.57376,7.84566,114.9,184.1,72.3,<=100 m (33 storeys),,,
Dolakanda,village,81.05415,7.68824,114.9,212.2,1468.3,never,,,
Pallewela,village,81.51828,7.01687,114.9,258.5,2078.7,never,,,
Waragama,village,81.50696,7.06634,114.9,255.7,1736.4,never,,,
Chilaw,town,79.79568,7.57651,115.1,137.6,1.1,ground level,0.638,,
Kadirapura,village,81.05673,7.6894,115.1,212.3,1459.8,never,,,
Daladagama,village,80.25023,7.82148,115.2,166.2,-0.2,ground level,0.592,,
Dandubendiruppa,village,80.60243,7.84738,115.3,185.7,892.7,never,,,
Yapagama,village,80.65382,7.8417,115.4,188.5,564.2,never,,,
Kottapitiya,village,80.82409,7.80346,115.6,198.1,1266.1,never,,,
Thuwaragala,village,81.07169,7.68601,115.7,213.1,1239.7,never,,,
Hulan Badanagala,village,81.10038,7.66605,115.7,215.0,1640.4,never,,,
Dolakanda,village,81.05027,7.7005,115.8,211.7,1457.6,never,,,
Jayabima,village,79.81022,7.59919,115.9,139.0,-1.2,ground level,0.627,,
Nebadawa,village,80.10483,7.7809,115.9,158.0,3.1,<=10 m (3 storeys),,,
Palatupana,village,81.40299,6.27635,116.0,300.5,7.5,<=10 m (3 storeys),,,
Kudagala,village,81.08877,7.67994,116.2,214.1,1428.9,never,,,
Pohoranweva,village,80.63627,7.85134,116.2,187.5,463.0,never,,,
Thuwaragala,village,81.06787,7.69464,116.3,212.7,1347.3,never,,,
Rathmalgaha-ela,village,80.66827,7.84861,116.4,189.2,455.8,never,,,
Rathmalgahaella,village,81.41897,7.32364,116.4,240.7,2361.9,never,,,
Pohoranwewayaya,village,80.62605,7.85519,116.5,186.9,863.2,never,,,
Siripura,village,81.01665,7.72929,116.7,209.3,1517.0,never,,,
Padeniya,village,80.65458,7.85453,116.8,188.5,497.5,never,,,
Pallewela,village,81.53246,7.03127,116.8,257.8,1977.5,never,,,
Giranegama,village,80.59697,7.86255,117.0,185.3,712.8,never,,,
Bambaragaleyaya,village,80.64234,7.8602,117.3,187.8,268.2,never,,,
Ipalogama,village,80.24724,7.83943,117.3,166.3,-0.2,ground level,0.562,,
Bangadeniya,suburb,79.82277,7.62877,117.4,140.6,-0.5,ground level,0.606,,
Erawula,village,80.73061,7.84684,117.5,192.6,397.4,never,,,
Siyambalanduwa,town,81.55921,6.9064,117.6,264.7,2832.9,never,,,
Yakkurugala,village,80.68763,7.85739,117.7,190.2,361.5,never,,,
Bandanagala,village,81.07606,7.7073,117.9,212.7,1335.4,never,,,
Muwapetikewela,village,81.09837,7.69181,117.9,214.1,1404.1,never,,,
Mahawenawela,village,81.07623,7.70683,117.9,212.7,1326.6,never,,,
Pahalawewa,village,80.66824,7.8624,117.9,189.1,585.8,never,,,
Uduweriya,village,80.24731,7.84603,118.0,166.4,-0.3,ground level,0.556,,
Parawahagama,village,80.50072,7.87725,118.1,180.1,65.9,<=100 m (33 storeys),,,
Puwakgahaulpotha,village,80.83706,7.82439,118.3,198.4,1295.0,never,,,
Narangaswewa,village,80.57629,7.87779,118.4,184.1,51.3,<=60 m (20 storeys),,,
Uduweriya,village,80.24513,7.85079,118.5,166.3,1.7,ground level,0.549,,
Maldeniya,village,81.15261,7.66014,118.5,217.5,2341.0,never,,,
Nagala,village,80.19346,7.83753,118.6,163.5,1.6,ground level,0.543,,
Govindupura,village,81.54448,7.05597,118.7,256.7,1772.3,never,,,
Kekulawala,village,81.14526,7.66864,118.8,216.9,2338.4,never,,,
Dambulla,town,80.65109,7.8742,118.9,188.1,458.3,never,,,
Kirinda,village,80.11566,7.81518,119.0,159.2,-0.8,ground level,0.559,,
Kekirihena,village,81.32583,7.50148,119.1,230.0,3045.8,never,,,
Nikawewa,village,80.4162,7.88349,119.1,175.6,3.1,<=10 m (3 storeys),,,
Mullegama,village,81.44227,7.33497,119.3,240.8,2354.3,never,,,
Arachchikattuwa,village,79.837,7.66456,119.6,142.4,0.4,ground level,0.577,,
Rasnayakepura,village,80.01432,7.77643,119.6,153.5,-0.1,ground level,0.559,,
Mahagirilla,village,80.13832,7.83,119.7,160.6,-1.5,ground level,0.545,,
Bihirisorowwa,village,81.08072,7.72269,119.7,212.4,1407.8,never,,,
Nikawatthalanda,village,81.08086,7.72369,119.8,212.4,1418.5,never,,,
Dehippewa,village,80.59937,7.88917,119.9,185.3,717.1,never,,,
Kotawehera,village,80.07645,7.80861,120.0,157.1,-0.3,ground level,0.544,,
Mirisgoniyawa,village,80.65217,7.88472,120.1,188.1,428.7,never,,,
Serumunawewa,village,80.24006,7.86488,120.2,166.3,-2.7,ground level,0.526,,
Habarattawala,village,80.6307,7.88968,120.3,186.9,829.7,never,,,
Walaliya,village,80.21097,7.86388,120.9,164.8,2.3,<=10 m (3 storeys),,,
Andiyagala,village,80.52373,7.90303,121.0,181.3,193.2,never,,,
Sandagalathanna,village,81.08987,7.73333,121.2,212.5,1420.3,never,,,
Moragollagama,village,80.42143,7.9052,121.5,176.0,3.7,<=10 m (3 storeys),,,
Halambawatawana,village,79.83214,7.68302,121.5,142.7,2.2,<=10 m (3 storeys),,,
Nikawatawana,village,80.76956,7.8755,121.6,194.2,592.3,never,,,
Abanpola,village,80.24619,7.88257,121.9,166.8,0.5,ground level,0.511,,
Wijaya Katupotha,village,79.87657,7.72113,122.0,145.8,-1.0,ground level,0.54,,
Kandalama,village,80.70453,7.89542,122.2,190.7,6.8,<=10 m (3 storeys),,,
Pelwehera,village,80.67127,7.90415,122.5,188.9,729.8,never,,,
Pahala Mawathagama,village,80.02878,7.81372,122.6,155.0,0.7,ground level,0.519,,
Kirimetiyawa,village,80.24875,7.89151,122.8,167.0,2.5,<=10 m (3 storeys),,,
Kumbuk-kandanwela,village,80.72667,7.89629,122.8,191.8,276.9,never,,,
Dethewa,village,80.24839,7.8933,123.0,167.0,5.5,<=10 m (3 storeys),,,
Andigama,town,79.94915,7.77639,123.0,150.5,4.9,<=10 m (3 storeys),,,
Pollebedda,village,81.39063,7.47825,123.1,233.1,3403.0,never,,,
Devalahinda,village,81.55387,7.16909,123.1,251.1,2745.7,never,,,
Kivulagama,village,81.56366,7.14091,123.2,252.7,1901.6,never,,,
Kakulegodakandiya,village,81.55826,7.16224,123.3,251.5,2388.8,never,,,
Anavilundawa,village,79.82855,7.70325,123.5,143.2,1.8,<=10 m (3 storeys),,,
Embogama,village,80.36289,7.91782,123.5,173.0,-0.3,ground level,0.473,,
Wadinagala,village,81.57065,7.12986,123.6,253.3,1829.4,never,,,
Kaluachchigama,village,80.0511,7.83381,123.6,156.5,-0.6,ground level,0.503,,
Mahakalugolla,village,81.61327,6.91755,123.7,264.4,2846.0,never,,,
Wilpotha,village,79.89256,7.74922,123.7,147.3,-1.4,ground level,0.512,,
Katupitigama,village,80.21543,7.89283,123.8,165.4,1.8,<=10 m (3 storeys),,,
Maha Oya,town,81.35686,7.53059,123.8,229.9,3185.6,never,,,
Perakumba,village,80.29243,7.91124,124.0,169.4,19.8,<=30 m (10 storeys),,,
Inginiyagala,village,81.54485,7.21941,124.1,248.5,2593.0,never,,,
Udangawa,village,80.24545,7.90259,124.1,167.0,-0.1,ground level,0.483,,
Kandalama East,village,80.647,7.92212,124.1,187.6,352.5,never,,,
Ihalagama,village,80.11376,7.86704,124.5,160.1,-2.0,ground level,0.484,,
Bellanneoya,village,80.69187,7.91916,124.5,189.8,206.9,never,,,
Aththanakadawala,village,80.84575,7.88301,124.7,197.9,1260.2,never,,,
Bakmeewewa,village,80.18012,7.89178,124.8,163.6,11.1,<=30 m (10 storeys),,,
Chandrarathna,village,80.34857,7.92879,124.9,172.4,40.4,<=60 m (20 storeys),,,
Siyambalangamuwa,village,80.45582,7.93859,125.0,177.8,37.7,<=60 m (20 storeys),,,
Namaloya,village,81.53106,7.28,125.3,245.4,2371.7,never,,,
Kahatagahapitiya,village,80.87044,7.88122,125.4,199.1,1564.3,never,,,
Battulu Oya,village,79.83222,7.72689,125.4,144.1,0.5,ground level,0.508,,
Inamaluwa,village,80.68773,7.92964,125.6,189.5,229.0,never,,,
Batuyaya,village,80.70862,7.92714,125.7,190.6,1.3,ground level,0.424,,
Samagipura,village,81.3799,7.5316,125.8,230.6,3320.3,never,,,
Konduruwewa,village,80.85799,7.89157,126.0,198.3,1254.7,never,,,
Ambanpola,town,80.23932,7.91967,126.1,166.9,12.8,<=30 m (10 storeys),,,
Angamedilla,village,80.9317,7.86495,126.1,202.2,2006.8,never,,,
Kandegama,village,81.22092,7.69304,126.1,219.2,2151.5,never,,,
Ehetuwewa,village,80.34452,7.94007,126.2,172.3,15.1,<=30 m (10 storeys),,,
Polwatta,village,81.5618,7.23018,126.3,248.3,2561.8,never,,,
Madatugama,village,80.62882,7.94439,126.3,186.5,451.5,never,,,
Chandana,village,80.33171,7.93976,126.4,171.6,50.8,<=60 m (20 storeys),,,
Hiddewa,village,80.35508,7.94428,126.5,172.8,1.5,ground level,0.443,,
Dewala Handiya,village,79.87877,7.77853,127.2,147.5,4.7,<=10 m (3 storeys),,,
Udadiwulwewa,village,80.19432,7.91915,127.3,164.7,8.5,<=10 m (3 storeys),,,
Kibissa,village,80.7268,7.93926,127.4,191.4,127.2,<=150 m (50 storeys),,,
Pulichchakulam,village,79.83056,7.75246,127.8,144.8,10.3,<=30 m (10 storeys),,,
Borapola,village,81.39676,7.54017,127.9,230.8,3353.3,never,,,
Kaasikote,village,80.24514,7.94041,128.2,167.4,0.6,ground level,0.433,,
Gallewa,village,80.33149,7.96187,128.8,171.8,0.2,ground level,0.42,,
Kiriyankalli,village,79.82898,7.76472,129.0,145.1,8.9,<=10 m (3 storeys),,,
Sigiriya,village,80.74635,7.94981,129.0,192.2,490.7,never,,,
Hulannuge,village,81.66515,6.91457,129.4,264.8,3057.0,never,,,
Balaluwewa,village,80.53117,7.97982,129.5,181.6,218.0,never,,,
Getadiwula,village,80.25405,7.95683,129.7,168.0,-2.7,ground level,0.421,,
Anamaduwa,town,80.01094,7.87764,129.9,155.5,8.3,<=10 m (3 storeys),,,
Udappuwa,village,79.79047,7.74668,129.9,143.0,-0.1,ground level,0.456,,
Baranankattuwa,village,79.86093,7.79806,130.1,147.3,-0.9,ground level,0.446,,
Ehalagala,village,80.74613,7.96048,130.2,192.1,428.1,never,,,
Diyabeduma,town,80.86799,7.93416,130.9,198.1,1308.0,never,,,
Maha-elagamuwa,village,80.61457,7.98908,131.1,185.6,924.4,never,,,
Mundalama,village,79.82725,7.78803,131.2,145.6,11.1,<=30 m (10 storeys),,,
Vijithapura,village,80.53675,7.99669,131.4,181.8,269.7,never,,,
Aralaganwila,town,81.18469,7.78261,131.6,215.1,1840.6,never,,,
Kalawewa,village,80.53363,7.99965,131.7,181.7,263.2,never,,,
Urupeththawa,village,80.04551,7.91408,132.0,157.8,3.5,<=10 m (3 storeys),,,
Karuwalabedda,village,79.85923,7.81798,132.0,147.7,2.2,<=10 m (3 storeys),,,
Walawegama,village,80.52756,8.00355,132.1,181.4,87.2,<=100 m (33 storeys),,,
Digampathaha,village,80.7208,7.98406,132.2,190.7,-1.5,ground level,0.34,,
Mahakumbukkadawala,village,79.90465,7.84892,132.4,150.3,1.0,ground level,0.418,,
Awukana,village,80.51233,8.0084,132.6,180.6,151.2,never,,,
Poolawala,village,81.42186,7.57746,132.6,230.2,3329.7,never,,,
Kathnooruwa,village,80.38483,8.00409,132.7,174.6,176.8,never,,,
Divuldamana,village,81.21496,7.7738,132.7,216.5,2513.6,never,,,
Moragaswewa,village,80.88585,7.94657,132.8,198.7,1575.5,never,,,
Bokkebedda,village,81.55773,7.38287,133.0,241.5,2573.4,never,,,
,village,81.21433,7.77756,133.0,216.4,2443.1,never,,,
,village,81.21206,7.78038,133.1,216.2,2329.7,never,,,
Aranthalawa,village,81.46518,7.53145,133.2,233.2,3488.5,never,,,
Bellankadawala,village,80.67005,8.0021,133.2,188.2,391.6,never,,,
Galgamuwa,town,80.27061,7.99567,133.6,169.2,1.0,ground level,0.379,,
Inginimitiya,village,80.1273,7.9594,133.6,162.2,3.4,<=10 m (3 storeys),,,
Hadungama,village,80.49854,8.0199,133.9,180.0,158.3,never,,,
Dimbulagala,village,81.10692,7.85897,134.0,210.0,1713.7,never,,,
Wetakeluwagama,village,80.30294,8.00521,134.0,170.7,3.6,<=10 m (3 storeys),,,
Maha Thorawa,village,80.16051,7.97404,134.1,163.9,-0.5,ground level,0.376,,
Avudangawa,village,80.73407,8.00006,134.2,191.1,100.0,<=100 m (33 storeys),,,
Vijithapura,village,80.53558,8.02467,134.4,181.7,234.4,never,,,
Damana,village,81.65243,7.20512,134.7,251.0,2919.0,never,,,
Palukandewa,village,80.25669,8.00403,134.8,168.6,2.1,<=10 m (3 storeys),,,
Lahugala,village,81.71848,6.87784,134.9,266.7,3185.8,never,,,
Tempitiya,village,81.42886,7.6004,134.9,229.5,3272.8,never,,,
Katukeliyawa,village,80.87253,7.9716,135.0,197.8,1165.3,never,,,
Nuwaragalathenna,village,81.49375,7.52245,135.2,234.3,4010.6,never,,,
Diwulwewa,village,80.27055,8.01156,135.3,169.3,1.9,<=10 m (3 storeys),,,
Dhathusenapura,village,80.54294,8.03318,135.4,182.1,112.0,<=150 m (50 storeys),,,
Galnewa,town,80.48021,8.03548,135.6,179.1,23.3,<=30 m (10 storeys),,,
Dangassewa,village,79.91496,7.88892,135.7,151.7,6.4,<=10 m (3 storeys),,,
Jayarajapura,village,79.87129,7.86538,135.8,149.4,-0.0,ground level,0.383,,
Andarawewa,village,80.37548,8.03244,135.9,174.3,252.5,never,,,
Gallella,village,81.05729,7.90658,136.1,206.9,1646.5,never,,,
Ihalagama,village,80.23955,8.01244,136.1,167.9,0.5,ground level,0.348,,
Mahananneriya,village,80.17738,7.99853,136.2,164.9,11.2,<=30 m (10 storeys),,,
Bandaraduwa,village,81.56281,7.43305,136.2,239.5,3029.5,never,,,
Kurundankulama,village,80.27245,8.02032,136.2,169.5,0.2,ground level,0.347,,
Helabodugama,village,80.47065,8.04186,136.3,178.7,2.7,<=10 m (3 storeys),,,
Kusumama,village,81.04951,7.91376,136.4,206.4,1532.8,never,,,
Katugampalagama,village,80.40414,8.03879,136.4,175.6,27.2,<=30 m (10 storeys),,,
Kekirawa,town,80.59707,8.04079,136.6,184.6,87.1,<=100 m (33 storeys),,,
Madinnoruwa,village,80.36033,8.03695,136.6,173.6,227.6,never,,,
Hiripitiyawa,village,80.44997,8.04339,136.6,177.7,0.8,ground level,0.331,,
Polonnaruwa,city,81.00034,7.93954,136.7,203.9,1546.7,never,,,
Bulnewa,town,80.44491,8.04435,136.7,177.5,8.2,<=10 m (3 storeys),,,
Nawadankulama,village,79.82216,7.84469,136.7,146.9,5.0,<=10 m (3 storeys),,,
Hiriwadunne,village,80.74592,8.02125,136.7,191.5,206.4,never,,,
Galahitiyaagoda,village,81.61161,7.35774,137.0,243.7,2579.8,never,,,
Wirasurigama,village,80.17903,8.00664,137.0,165.1,4.1,<=10 m (3 storeys),,,
Kaduruwela,town,81.03274,7.93065,137.3,205.4,1649.0,never,,,
Mahauswewa,village,80.07874,7.97818,137.3,160.3,3.8,<=10 m (3 storeys),,,
Hingurana,town,81.67461,7.22714,137.8,250.4,2673.0,never,,,
Buduruwakanda,village,80.27715,8.03557,137.8,169.8,11.6,<=30 m (10 storeys),,,
Dalukana,village,81.13909,7.88271,138.1,210.7,1317.6,never,,,
Walagampura,village,81.60427,7.39309,138.1,242.1,2688.7,never,,,
Ihalagama,village,80.55283,8.05843,138.2,182.5,36.6,<=60 m (20 storeys),,,
Mangalaeliya,village,79.82113,7.85976,138.2,147.3,4.2,<=10 m (3 storeys),,,
Amunukole Junction,village,80.28179,8.04238,138.4,170.1,16.7,<=30 m (10 storeys),,,
Amunukole,village,80.2813,8.04175,138.4,170.0,18.9,<=30 m (10 storeys),,,
Moragaswewa,village,80.7728,8.0322,138.5,192.6,383.6,never,,,
Kohombana,village,81.61075,7.39149,138.6,242.3,2667.8,never,,,
Meegalewa,town,80.35421,8.05523,138.7,173.4,166.9,never,,,
Nawagaththegama,town,80.10592,8.00264,138.9,161.8,2.1,<=10 m (3 storeys),,,
Habarana,town,80.7555,8.03989,139.0,191.8,246.8,never,,,
Manampitiya,town,81.11192,7.90885,139.1,209.1,1648.0,never,,,
Kalankuttiya,village,80.4091,8.06477,139.2,175.9,16.2,<=30 m (10 storeys),,,
Palugasdamana,village,81.02524,7.95459,139.3,204.6,1617.0,never,,,
Mangalagama,village,81.53928,7.5251,139.5,235.4,4193.3,never,,,
Udayagiriya,village,81.62639,7.37931,139.5,243.1,2630.5,never,,,
Uhana,town,81.63619,7.36304,139.7,244.0,2520.9,never,,,
Giritale,town,80.92444,8.00026,139.8,199.6,1416.7,never,,,
Kottukachchiya,village,79.94389,7.94498,139.8,154.0,1.6,ground level,0.336,,
Sengamuva,village,81.76461,6.88234,140.1,266.7,3340.8,never,,,
Thamannawetiya,village,80.05226,7.99467,140.1,159.4,7.6,<=10 m (3 storeys),,,
Kangawa,village,81.6638,7.31624,140.3,246.4,2661.1,never,,,
Mahagalkadawala,village,80.28219,8.05996,140.4,170.2,6.4,<=10 m (3 storeys),,,
Murukkuwalawana,village,79.99995,7.97675,140.4,156.9,1.3,ground level,0.325,,
Ampalatharu Village,village,81.72236,7.15873,140.5,254.0,1925.0,never,,,
Werenketagoda,village,81.62246,7.40505,140.5,242.0,2766.3,never,,,
Palugaswewa,village,80.70909,8.06359,140.6,189.5,179.8,never,,,
Hureegaswewa,village,80.36507,8.0764,140.9,174.0,394.0,never,,,
Ampara,city,81.67902,7.29781,141.1,247.5,2546.4,never,,,
Okanda,village,81.77028,6.65193,141.6,277.0,3314.8,never,,,
Senarathgama,village,80.27828,8.07202,141.7,170.1,6.1,<=10 m (3 storeys),,,
Ipalogama,village,80.51755,8.09203,141.8,180.8,4.9,<=10 m (3 storeys),,,
Senapura (Kagama),village,80.47016,8.09233,141.9,178.7,3.4,<=10 m (3 storeys),,,
Raja Ela,village,80.90744,8.02595,141.9,198.5,1539.0,never,,,
Varipathanchenai,village,81.70874,7.25149,142.3,249.9,2915.2,never,,,
Madurankuliya,town,79.82201,7.90538,142.4,148.4,-0.1,ground level,0.322,,
Thonigala,village,80.57463,8.09494,142.4,183.4,7.1,<=10 m (3 storeys),,,
Kattiyawa Yaya 7,village,80.40565,8.09385,142.4,175.9,10.4,<=30 m (10 storeys),,,
Tumpalancholai,village,81.49979,7.62271,142.5,230.8,3676.7,never,,,
Vangamam,village,81.72404,7.21352,142.5,251.7,2492.3,never,,,
Ganewalpola,village,80.6296,8.09227,142.6,185.8,730.8,never,,,
Matheena Puram,village,81.71911,7.23074,142.6,250.9,3068.8,never,,,
Katiyawa Yaya 04,village,80.43428,8.09862,142.7,177.2,-0.1,ground level,0.275,,
Gonagolla,town,81.62905,7.43563,142.7,240.9,2642.1,never,,,
Nelumgama,village,80.27511,8.08108,142.8,170.1,3.6,<=10 m (3 storeys),,,
Thammennawa,village,80.36587,8.09579,143.0,174.1,330.7,never,,,
Senarathgama,village,80.2755,8.08392,143.1,170.1,4.4,<=10 m (3 storeys),,,
Minneriya,suburb,80.90563,8.03936,143.2,198.3,1310.1,never,,,
Gonapathirawa,village,80.49645,8.1056,143.3,179.9,91.3,<=100 m (33 storeys),,,
Mayadunna,village,81.6407,7.42834,143.4,241.5,2754.4,never,,,
Thalawa,village,81.79631,6.79768,143.4,270.5,3254.9,never,,,
Irakkamam,village,81.72329,7.24457,143.5,250.4,2753.5,never,,,
Kattiyawa,village,80.3824,8.10218,143.5,174.9,3.7,<=10 m (3 storeys),,,
Kanchikudicharu,village,81.77629,7.04967,143.6,259.3,2664.9,never,,,
Attawilluwa,village,79.87986,7.95214,143.7,151.7,19.5,<=30 m (10 storeys),,,
Galkulama,village,79.9165,7.97302,143.9,153.5,8.4,<=10 m (3 storeys),,,
Urukamam,village,81.49504,7.65054,144.0,229.7,3575.2,never,,,
Galapitagala,village,81.64477,7.4355,144.2,241.3,2759.9,never,,,
Sewanapitiya,village,81.18286,7.92165,144.3,211.5,1410.7,never,,,
Manikkamadu,village,81.72541,7.26071,144.3,249.7,3016.9,never,,,
Panama,town,81.80489,6.75566,144.4,272.3,4177.3,never,,,
Rukamputur,village,81.49212,7.65933,144.4,229.4,3273.0,never,,,
Mahailuppallama,village,80.47199,8.1152,144.4,178.8,7.8,<=10 m (3 storeys),,,
Dehelgamuwa,village,80.3379,8.10723,144.6,173.0,3.3,<=10 m (3 storeys),,,
Rajagalathenna,village,81.63086,7.47092,144.8,239.6,3200.0,never,,,
Medagama,village,80.27849,8.10041,144.8,170.4,2.3,<=10 m (3 storeys),,,
Vajirawatte,village,79.82672,7.93397,144.8,149.2,2.5,<=10 m (3 storeys),,,
Onegama,village,81.09611,7.97674,144.9,207.0,1719.6,never,,,
Eragama,village,81.74585,7.21682,144.9,251.8,2447.7,never,,,
Hingurakgoda,town,80.95317,8.04151,145.2,200.2,1842.1,never,,,
Iluckuchenai,village,81.7522,7.20573,145.2,252.4,2177.9,never,,,
Kivulpitiya,village,80.39802,8.12031,145.4,175.6,12.1,<=30 m (10 storeys),,,
Shastrawela,village,81.81444,6.80357,145.4,270.2,3457.8,never,,,
Ralapanawa,village,80.08961,8.06069,145.6,162.0,-0.1,ground level,0.271,,
Tambala,village,81.05449,8.00451,145.7,204.9,1735.5,never,,,
14 Canal,village,81.08408,7.9907,145.7,206.3,1627.5,never,,,
Poththuwilluwa,village,79.85303,7.95764,145.7,150.7,5.0,<=10 m (3 storeys),,,
Maradankadawala,town,80.56308,8.12713,145.9,182.8,6.8,<=10 m (3 storeys),,,
Unnichchai,village,81.54709,7.61487,146.0,232.4,3889.3,never,,,
Galwaduwagama,village,80.36921,8.1263,146.3,174.4,191.4,never,,,
Ulla,village,81.82336,6.83226,146.4,269.0,3618.8,never,,,
Ulpathwewa,village,80.94088,8.0605,146.7,199.4,1522.8,never,,,
Kalladiya,village,79.89715,7.99283,146.8,153.1,3.0,<=10 m (3 storeys),,,
Bakkiella,village,81.63795,7.49379,146.8,238.9,3365.7,never,,,
Ruhunugama,village,81.71479,7.35218,147.1,245.9,2820.7,never,,,
Pottuvil,town,81.83005,6.87324,147.2,267.2,3281.8,never,,,
Arugam Bay,village,81.8307,6.84685,147.2,268.3,3191.6,never,,,
Erukkalampiddy,village,79.8305,7.96087,147.2,150.0,2.4,<=10 m (3 storeys),,,
Nagavillu,village,79.8304,7.9604,147.2,150.0,2.5,<=10 m (3 storeys),,,
Ulankulama,village,80.54842,8.1406,147.3,182.1,87.6,<=100 m (33 storeys),,,
"2/B Gammanaya, Hurigaswewa",village,80.37619,8.13744,147.5,174.8,0.4,ground level,0.235,,
Nikawewa,village,79.98535,8.04202,147.6,157.5,15.8,<=30 m (10 storeys),,,
Nugelanda,village,81.64816,7.49366,147.7,239.2,3412.1,never,,,
Ikiriwewa,village,80.28278,8.12775,147.7,170.7,5.4,<=10 m (3 storeys),,,
Eppawala,town,80.41139,8.14613,148.1,176.3,99.0,<=100 m (33 storeys),,,
Madurumadu Vembu,village,79.88914,8.00161,148.1,153.0,0.6,ground level,0.249,,
Alagollewa,village,80.63968,8.14113,148.1,186.0,462.5,never,,,
Bendiwewa,village,80.28463,8.13274,148.2,170.8,-0.1,ground level,0.234,,
Hurigaswewa,village,80.3765,8.1452,148.3,174.8,5.2,<=10 m (3 storeys),,,
Pahala Giribawa,village,80.19217,8.11659,148.5,166.9,7.8,<=10 m (3 storeys),,,
Rathmale,village,80.89884,8.09508,148.8,197.2,1510.4,never,,,
Ihala Puliyankulama,village,80.56861,8.15356,148.8,183.0,22.6,<=30 m (10 storeys),,,
Palaviya,village,79.83382,7.98099,148.9,150.5,1.3,ground level,0.258,,
Walagambahuwa,village,80.50446,8.15698,149.0,180.2,26.6,<=30 m (10 storeys),,,
Malwatte,village,81.74335,7.33262,149.1,247.1,2693.2,never,,,
Musalpitiya,village,80.28989,8.14147,149.1,171.1,3.3,<=10 m (3 storeys),,,
Yoda Ela,village,80.96148,8.07783,149.2,200.0,1777.4,never,,,
Periyakulama,village,80.54034,8.15822,149.2,181.8,185.0,never,,,
Issanganichemai,village,81.79,7.21057,149.3,252.7,2179.1,never,,,
Pothanegama,village,80.17425,8.11989,149.3,166.1,10.1,<=30 m (10 storeys),,,
Aalamkulam,village,81.78304,7.23353,149.4,251.7,2612.8,never,,,
Ulkatupotha,village,80.99207,8.06777,149.4,201.3,2249.3,never,,,
Majeed Puram,village,81.74238,7.34939,149.7,246.5,2801.8,never,,,
,village,81.62645,7.56183,149.7,236.2,4318.3,never,,,
Thandiyadi,village,81.83455,7.06056,150.1,259.3,2778.5,never,,,
Madawala,village,80.74637,8.14387,150.1,190.5,11.6,<=30 m (10 storeys),,,
Karuwalagaswewa,town,79.96092,8.05713,150.2,156.8,8.0,<=10 m (3 storeys),,,
Deeghavapiya,village,81.77603,7.27645,150.2,249.8,3041.4,never,,,
Welikanda,town,81.24756,7.94721,150.5,213.3,1542.1,never,,,
Pulasthigama,village,81.07817,8.04198,150.5,205.1,1764.1,never,,,
,village,81.39019,7.83998,150.5,220.8,2776.2,never,,,
Saliya Ashokapura,village,80.18847,8.13612,150.7,166.9,13.1,<=30 m (10 storeys),,,
Rathmalyaya,village,79.83792,8.00105,150.7,151.1,6.2,<=10 m (3 storeys),,,
Mahadiulwewa,village,80.70949,8.15579,150.7,188.9,812.6,never,,,
Labunoruwa,village,80.61174,8.16765,150.7,184.7,378.3,never,,,
Naina kadu,village,81.77356,7.3012,150.9,248.8,3084.3,never,,,
Thillaiyadi,village,79.83849,8.0051,151.0,151.2,12.9,<=30 m (10 storeys),,,
Thambuttegama,town,80.3001,8.1613,151.1,171.7,7.3,<=10 m (3 storeys),,,
Kudinilam,village,81.83023,7.12754,151.2,256.5,2281.3,never,,,
Karadiyanaru,village,81.53717,7.70244,151.3,229.2,3329.8,never,,,
Danyawa,village,80.94087,8.10444,151.3,198.8,1745.5,never,,,
Kumbukwewa,village,80.08327,8.11441,151.4,162.4,0.3,ground level,0.208,,
Kaudulla,village,80.99325,8.0876,151.5,201.1,2204.7,never,,,
,village,81.47906,7.76877,151.5,225.5,2560.2,never,,,
Manakkulama,village,80.55886,8.1801,151.7,182.5,56.5,<=60 m (20 storeys),,,
3rd Mile Post,village,81.81225,7.21801,151.9,252.7,2212.9,never,,,
Galoya,village,80.86524,8.13582,152.1,195.4,1171.7,never,,,
Moragoda,village,80.66799,8.17584,152.2,187.0,833.2,never,,,
Chenaikudirippu,village,79.84996,8.02575,152.4,152.0,16.9,<=30 m (10 storeys),,,
,village,81.4093,7.84581,152.4,221.2,3073.0,never,,,
Galamuna,village,81.02928,8.08356,152.5,202.5,2014.6,never,,,
Divulankadawala,village,80.95233,8.11294,152.6,199.1,1772.4,never,,,
Sandanamkulama,village,80.60583,8.18512,152.6,184.4,48.1,<=60 m (20 storeys),,,
Rajanganaya,suburb,80.21735,8.16251,152.8,168.3,32.9,<=60 m (20 storeys),,,
Pahariya,village,80.01933,8.10777,153.0,159.8,4.0,<=10 m (3 storeys),,,
Thirukkovil,village,81.8517,7.11554,153.2,257.2,2201.9,never,,,
Kattanurichchana,village,80.58302,8.19197,153.2,183.5,11.5,<=30 m (10 storeys),,,
Illipaiyadichchenai,village,81.54589,7.72101,153.3,228.9,3229.3,never,,,
Thambiluvil,village,81.84853,7.13161,153.3,256.5,2290.9,never,,,
Viharagama,village,80.94237,8.12494,153.5,198.6,1687.1,never,,,
Perakumpura,village,80.14422,8.15269,153.6,165.3,3.4,<=10 m (3 storeys),,,
Ashraff Nagar,village,81.80668,7.28393,153.7,250.0,2868.4,never,,,
Veerachcholai,village,81.76923,7.37923,153.8,245.8,2884.4,never,,,
Muhammadiya Puram,town,81.82798,7.22437,153.8,252.6,2202.8,never,,,
Maha Kirimetiya,village,81.02371,8.09767,153.8,202.1,2246.5,never,,,
Sungavila,village,81.08887,8.07102,153.9,205.0,1801.3,never,,,
Puttalam,city,79.82865,8.03025,154.0,151.3,2.3,<=10 m (3 storeys),,,
Malkampiddy,village,81.8001,7.32039,154.4,248.5,3052.7,never,,,
Malwanegama,village,80.32792,8.19468,154.4,173.0,6.0,<=10 m (3 storeys),,,
,village,81.43529,7.84958,154.6,221.9,2983.1,never,,,
Ottappuwa,village,80.26138,8.19199,155.1,170.3,0.6,ground level,0.172,,
Meewellewa,village,80.58981,8.20878,155.1,183.7,1.7,ground level,0.157,,
Angamuwa,village,80.20471,8.18281,155.3,168.0,2.2,<=10 m (3 storeys),,,
Manankattiya,village,80.65714,8.20542,155.3,186.5,350.3,never,,,
Selesthimaduwa,village,80.45886,8.21332,155.3,178.4,10.6,<=30 m (10 storeys),,,
Thirappane,village,80.52298,8.21572,155.5,181.0,12.3,<=30 m (10 storeys),,,
Ethungama,village,80.55473,8.21494,155.5,182.3,220.8,never,,,
,village,81.47119,7.8278,155.5,223.6,2519.7,never,,,
Akkaraipattu,town,81.84825,7.21406,155.6,253.2,2262.1,never,,,
Sammanturai,town,81.79626,7.35795,155.6,247.0,2791.1,never,,,
Mullaitheevu,village,81.83754,7.24824,155.6,251.8,2630.6,never,,,
Maha Rambewa,village,80.75635,8.19814,156.2,190.5,12.7,<=30 m (10 storeys),,,
Medirigiriya,town,80.97134,8.14233,156.3,199.5,1604.5,never,,,
Sorikkalmunai,village,81.79153,7.3925,156.6,245.6,2884.1,never,,,
Bisobandaragama,village,80.95003,8.1523,156.6,198.5,1641.4,never,,,
Yakalla,village,80.70057,8.21205,156.7,188.2,395.2,never,,,
,village,81.44154,7.87382,157.1,221.4,3101.2,never,,,
Addalaichchenai,village,81.85434,7.25077,157.4,251.9,2615.7,never,,,
Thuruwila,village,80.43335,8.23082,157.4,177.4,2.0,<=10 m (3 storeys),,,
Diyasenpura,village,81.02394,8.13385,157.5,201.6,2002.9,never,,,
5 Canal,village,80.99852,8.14466,157.6,200.5,2198.5,never,,,
Norochcholai,village,79.73571,8.01474,157.7,147.8,-0.3,ground level,0.177,,
Ihala Puliyankulama,village,80.03895,8.16433,158.2,161.3,10.6,<=30 m (10 storeys),,,
Talawa,village,80.35064,8.2367,158.7,174.1,336.9,never,,,
Mavadippalli,village,81.82209,7.37169,158.8,246.9,2869.0,never,,,
Wijayapura,village,81.04598,8.1376,158.8,202.3,2316.1,never,,,
,village,81.4653,7.87348,158.8,222.2,3148.5,never,,,
,town,81.66295,7.6567,159.0,233.9,4416.6,never,,,
Paddippalai,village,81.70485,7.59879,159.2,236.7,4405.2,never,,,
Saliyawewa,town,80.09127,8.19067,159.2,163.6,9.0,<=10 m (3 storeys),,,
Oluvil,village,81.85818,7.29057,159.3,250.4,2990.6,never,,,
Kohombadamana,village,81.01808,8.15346,159.3,201.1,2283.2,never,,,
Addappalam,village,81.84739,7.32695,159.5,248.9,3236.5,never,,,
SiwalaaKulama,village,80.62935,8.2472,159.6,185.2,706.1,never,,,
Nachchadoowa,village,80.46306,8.25189,159.6,178.6,13.1,<=30 m (10 storeys),,,
Kaluwila,village,80.42501,8.25162,159.7,177.1,7.8,<=10 m (3 storeys),,,
Padikaramaduwa,village,80.74525,8.23311,159.8,189.8,65.4,<=100 m (33 storeys),,,
Karaitivu,town,81.83879,7.37695,160.7,247.0,2897.3,never,,,
Kala Oya,village,80.10795,8.20991,160.8,164.5,130.5,<=150 m (50 storeys),,,
Kalmunai,town,81.82693,7.41316,161.1,245.5,2926.8,never,,,
Kurumunveli,village,81.77981,7.50758,161.1,241.3,3040.2,never,,,
Huruluwewa Left,village,80.70949,8.25077,161.1,188.3,408.4,never,,,
Periyaneelavanai,village,81.81229,7.4457,161.2,244.1,2918.1,never,,,
Koyyawadi,village,79.73586,8.05409,161.4,148.6,0.3,ground level,0.144,,
Wembuwewa,village,80.66682,8.25957,161.4,186.6,539.6,never,,,
Chenkaladi,town,81.59128,7.78543,161.8,228.1,3155.8,never,,,
Periyakallar,village,81.8078,7.46794,161.8,243.2,3010.4,never,,,
Pahala Puliyankulama,village,80.02257,8.19424,161.9,161.1,11.6,<=30 m (10 storeys),,,
Galkulama,village,80.4998,8.27516,162.1,180.1,73.6,<=100 m (33 storeys),,,
Eravur,town,81.6048,7.77572,162.2,228.8,3295.4,never,,,
Kaluwanchikudy,town,81.78713,7.5175,162.4,241.1,3050.9,never,,,
Maragahawewa,village,80.14602,8.24398,163.4,166.2,11.1,<=30 m (10 storeys),,,
Nikawewa,village,80.76015,8.26407,163.4,190.2,316.2,never,,,
Mawathwewa,village,80.63285,8.28174,163.5,185.2,718.6,never,,,
Nochchiyagama,town,80.21051,8.26401,164.0,168.8,134.0,<=150 m (50 storeys),,,
Ambagaswewa,village,81.03696,8.19883,164.7,201.1,2376.0,never,,,
Jayathugama,village,81.02726,8.20448,164.9,200.7,2404.5,never,,,
Wannikulama,village,80.41614,8.29862,164.9,176.8,2.9,<=10 m (3 storeys),,,
Cheddipalaiyam,village,81.78482,7.57197,165.1,239.2,3659.0,never,,,
Sinharagama,village,80.2552,8.28425,165.3,170.7,20.8,<=30 m (10 storeys),,,
Sravasthipura,village,80.37514,8.29914,165.3,175.3,45.1,<=60 m (20 storeys),,,
Galenbindunuwewa,town,80.71897,8.29245,165.8,188.4,395.1,never,,,
Pahala Halmillewa,village,80.61775,8.30458,165.9,184.5,8.3,<=10 m (3 storeys),,,
Meeravodai,suburb,81.52482,7.90791,166.0,222.9,2663.4,never,,,
Horuvila,village,80.14765,8.27066,166.2,166.6,-0.2,ground level,0.082,,
Thammannekulama,village,80.42887,8.31281,166.4,177.4,4.5,<=10 m (3 storeys),,,
Oddamavadi,suburb,81.52111,7.91583,166.4,222.6,2692.8,never,,,
Kattankudy,suburb,81.72897,7.68049,166.5,234.6,4905.1,never,,,
Valaichchenai,town,81.53312,7.90908,166.8,223.1,2646.5,never,,,
Batticaloa,city,81.6942,7.7356,167.0,232.1,4307.7,never,,,
Meegaswewa,village,81.08482,8.2018,167.0,202.8,2134.9,never,,,
Getalewa,village,80.75267,8.30227,167.4,189.6,168.9,never,,,
Kalattewa,village,80.46289,8.32521,167.7,178.7,24.7,<=30 m (10 storeys),,,
Katukeliyawa,village,80.62521,8.32195,167.8,184.8,449.0,never,,,
Kurunnankulama,village,80.72361,8.31176,168.0,188.5,528.4,never,,,
Migollewa,village,81.05559,8.22384,168.0,201.4,2445.3,never,,,
Pothanegama,village,80.36835,8.3257,168.3,175.1,15.8,<=30 m (10 storeys),,,
Ihalagama,village,80.58379,8.33278,168.7,183.2,73.0,<=100 m (33 storeys),,,
Anuradhapura,city,80.41061,8.33498,169.0,176.7,13.2,<=30 m (10 storeys),,,
Pasikudah Bay,village,81.53494,7.93599,169.1,222.5,2846.4,never,,,
Kalkudah,village,81.56036,7.91566,169.4,223.7,2806.4,never,,,
Hunuwilagama,village,80.14839,8.30417,169.8,166.9,-0.4,ground level,0.049,,
Dewanampiyatissapura,village,80.37627,8.34309,170.1,175.5,5.6,<=10 m (3 storeys),,,
Pasikudah,village,81.56508,7.92245,170.3,223.7,2752.6,never,,,
Viharapalugama,village,80.34101,8.342,170.4,174.2,296.5,never,,,
Kurukundalama,village,80.45463,8.35463,170.9,178.4,13.3,<=30 m (10 storeys),,,
Kannattiya,village,80.47792,8.35521,171.0,179.2,0.3,ground level,0.029,,
Wadigawewa,village,81.09628,8.23735,171.1,202.6,2220.9,never,,,
Mihintale,town,80.51216,8.3583,171.3,180.5,164.4,never,,,
Dutuwewa,village,80.76359,8.33813,171.5,189.8,86.0,<=100 m (33 storeys),,,
Asokapura,village,80.47799,8.37417,173.1,179.3,5.0,<=10 m (3 storeys),,,
Thammannewa,village,80.59979,8.37454,173.4,183.7,9.1,<=10 m (3 storeys),,,
Karaitivu,village,79.80803,8.22281,173.9,154.1,13.9,<=30 m (10 storeys),,,
Seeppukulama,village,80.58769,8.38041,174.0,183.2,82.8,<=100 m (33 storeys),,,
Mahamankadawala,village,80.29547,8.37311,174.4,172.6,18.1,<=30 m (10 storeys),,,
Mahalindawewa,village,80.26407,8.37232,174.8,171.5,41.5,<=60 m (20 storeys),,,
Ranorawa,village,80.23849,8.36972,174.9,170.6,18.3,<=30 m (10 storeys),,,
Ittikulama,village,80.19336,8.3682,175.7,169.0,28.6,<=30 m (10 storeys),,,
Kukulkatuwa,village,80.15978,8.37079,176.7,167.8,22.4,<=30 m (10 storeys),,,
Kandakuli,village,79.72626,8.21419,177.2,151.3,4.8,<=10 m (3 storeys),,,
Kalpitiya,village,79.76615,8.23681,177.4,152.9,0.9,ground level,0.012,,
Agbopura,village,80.98188,8.34178,177.6,197.4,1501.2,never,,,
Kantale,village,80.98303,8.35146,178.7,197.4,1662.9,never,,,
Potankadu,village,81.00837,8.34761,179.1,198.3,1596.7,never,,,
Koonwewa,suburb,80.74926,8.41009,179.1,188.9,983.5,never,,,
Vakarai,village,81.436,8.13338,179.2,215.2,2472.6,never,,,
Kahatagasdigiliya,town,80.68817,8.42648,180.0,186.7,737.3,never,,,
Dunumadalawa,village,80.21103,8.41183,180.0,169.9,29.2,<=30 m (10 storeys),,,
Kadurupitiya,village,80.17738,8.40742,180.3,168.7,87.6,<=100 m (33 storeys),,,
Rambewa,town,80.50657,8.44153,180.5,180.3,65.8,<=100 m (33 storeys),,,
Puwarasankulama,village,80.39859,8.43846,180.5,176.5,30.8,<=60 m (20 storeys),,,
Kantale,town,81.00284,8.367,181.0,197.9,1657.4,never,,,
Parasangaswewa,village,80.43112,8.44852,181.4,177.7,10.3,<=30 m (10 storeys),,,
Helambawewa,village,80.20428,8.4233,181.4,169.7,32.2,<=60 m (20 storeys),,,
Oyamaduwa,village,80.26097,8.43471,181.6,171.7,49.8,<=60 m (20 storeys),,,
Ikirigollewa,village,80.5168,8.46821,183.4,180.6,151.8,never,,,
Gambirigaswewa,village,80.38322,8.47586,184.7,176.1,189.2,never,,,
Wendrasanpura,village,81.0223,8.3988,185.0,198.2,1722.3,never,,,
Somapura,village,81.27632,8.29278,185.1,207.6,2633.2,never,,,
,village,81.14607,8.35553,185.3,202.6,2438.9,never,,,
Halmillewa,village,80.73829,8.47113,185.6,188.2,499.6,never,,,
Wahamalgollewa,village,80.50086,8.49249,186.1,180.1,116.0,<=150 m (50 storeys),,,
Kiralapetiyawa,village,80.17744,8.4658,186.6,169.1,47.4,<=60 m (20 storeys),,,
Thuppitiyawa,village,80.26519,8.49282,187.9,172.1,22.6,<=30 m (10 storeys),,,
,village,81.25939,8.33324,188.2,206.4,1995.0,never,,,
Kuda Wilachchiya,village,80.15215,8.47634,188.3,168.3,54.1,<=60 m (20 storeys),,,
,village,81.26101,8.33638,188.6,206.4,2000.6,never,,,
Pemaduwa,town,80.20086,8.49188,188.9,170.0,53.1,<=60 m (20 storeys),,,
,village,81.24489,8.34879,189.1,205.8,2120.6,never,,,
,village,81.2612,8.34082,189.1,206.4,1993.1,never,,,
Maha Wilachchiya,village,80.157,8.48897,189.5,168.6,133.1,<=150 m (50 storeys),,,
,village,81.25051,8.35062,189.5,205.9,2146.7,never,,,
Serunuwara,town,81.30063,8.32569,189.6,207.8,2807.0,never,,,
,village,81.25284,8.35216,189.8,206.0,2145.2,never,,,
,village,81.2525,8.35398,189.9,205.9,2149.5,never,,,
,village,81.25535,8.35384,190.1,206.0,30000.0,never,,,
,village,81.2543,8.35608,190.2,206.0,30000.0,never,,,
Kirigalwewa,village,80.56405,8.53532,191.0,182.2,30000.0,never,,,
Medawachchiya,town,80.493,8.53878,191.2,179.8,30000.0,never,,,
Sandamal Eliya,village,80.24367,8.52262,191.5,171.6,30000.0,never,,,
Rathmalgahawewa,village,80.67654,8.53231,191.5,185.9,30000.0,never,,,
Mannaram Handiya,village,80.15466,8.51251,192.1,168.6,30000.0,never,,,
Mollipothana,village,81.06327,8.4551,192.3,198.9,30000.0,never,,,
,village,81.29022,8.3717,193.5,206.8,30000.0,never,,,
Angunachchiya,village,80.76784,8.54292,194.0,188.8,30000.0,never,,,
Nelumwila,village,80.25586,8.54808,194.1,172.1,30000.0,never,,,
Gallellagama,village,80.57849,8.56723,194.6,182.6,30000.0,never,,,
98 Junction - Galmetiyawa,village,81.08063,8.47802,195.3,199.2,30000.0,never,,,
Kidagalegama,village,80.55755,8.57657,195.5,181.9,30000.0,never,,,
Siraj Nagar,village,81.08376,8.48164,195.8,199.2,30000.0,never,,,
Horowpotana,town,80.83213,8.54967,195.9,190.8,30000.0,never,,,
,village,81.15705,8.45589,196.0,201.7,30000.0,never,,,
Pachchanur,village,81.2658,8.41094,196.3,205.5,30000.0,never,,,
Thanthirimale,village,80.25278,8.57206,196.8,172.1,30000.0,never,,,
,village,81.14681,8.47024,197.1,201.2,30000.0,never,,,
Nikawewa,village,80.74799,8.57566,197.2,188.0,30000.0,never,,,
,village,81.16638,8.46356,197.2,201.9,30000.0,never,,,
Aanaivilunthan,village,80.31833,8.58697,197.6,174.2,30000.0,never,,,
,village,81.16113,8.46962,197.6,201.7,30000.0,never,,,
Thoppur,village,81.31234,8.40434,197.9,206.9,30000.0,never,,,
Thambalagamuwa,village,81.09458,8.5003,198.2,199.3,30000.0,never,,,
Puthukudiyyiruppu,village,81.29999,8.4193,198.7,206.4,30000.0,never,,,
Etaweeragollewa,village,80.5318,8.60749,198.9,181.1,30000.0,never,,,
Maccanagar,village,80.32664,8.60077,199.0,174.6,30000.0,never,,,
Punewa,village,80.47054,8.61183,199.3,179.1,30000.0,never,,,
Hirallugama,village,80.60072,8.60852,199.3,183.2,30000.0,never,,,
,village,81.19423,8.47455,199.5,202.6,30000.0,never,,,
,village,81.19734,8.47464,199.6,202.7,30000.0,never,,,
Sinnasippikulam,village,80.32895,8.6085,199.8,174.6,30000.0,never,,,
,village,81.26715,8.44585,199.8,205.1,30000.0,never,,,
Ethakada,village,80.56725,8.6163,200.0,182.2,30000.0,never,,,
,village,81.27092,8.4467,200.1,205.2,30000.0,never,,,
,village,81.27078,8.44748,200.1,205.1,30000.0,never,,,
,village,81.26679,8.45007,200.2,205.0,30000.0,never,,,
Neriyakulam,town,80.35411,8.6162,200.4,175.5,30000.0,never,,,
Mutur,village,81.2667,8.45797,201.0,204.9,30000.0,never,,,
Tamaraivillu,village,81.19167,8.4915,201.1,202.3,30000.0,never,,,
Iththikkulam,village,81.322,8.43775,201.6,206.7,30000.0,never,,,
Kinniya,village,81.19122,8.50165,202.1,202.2,30000.0,never,,,
Rotawewa,village,80.91498,8.59538,202.7,193.1,30000.0,never,,,
,village,81.2917,8.46407,202.8,205.5,30000.0,never,,,
Kebitigollewa,town,80.66983,8.64084,203.4,185.3,30000.0,never,,,
Baththalangunduwa,village,79.78343,8.50446,203.4,157.2,30000.0,never,,,
Cheddikulam,village,80.31288,8.66004,205.7,174.3,30000.0,never,,,
,town,81.19057,8.53959,206.0,201.7,30000.0,never,,,
Katkulam,village,80.53968,8.68083,207.0,181.3,30000.0,never,,,
Shraddhapura - China Bay,village,81.15826,8.56356,207.1,200.5,30000.0,never,,,
Periyakoomarasankulam,village,80.51542,8.69051,208.0,180.5,30000.0,never,,,
Periyakoomanarasankulam Housing Scheme,village,80.51911,8.69009,208.0,180.6,30000.0,never,,,
Kalveerankulam,village,80.51299,8.69126,208.1,180.4,30000.0,never,,,
Kapugollewa,village,80.84256,8.66396,208.5,190.5,30000.0,never,,,
Vepankulam,village,80.51061,8.69579,208.6,180.4,30000.0,never,,,
Pankulam,village,81.03194,8.6241,209.1,196.3,30000.0,never,,,
Avusadapitiya,village,80.46374,8.69991,209.1,179.0,30000.0,never,,,
Sanmugapuram,village,80.33826,8.69406,209.2,175.2,30000.0,never,,,
Muruganoor,village,80.51253,8.704,209.5,180.4,30000.0,never,,,
Kambakkoddai,village,80.99974,8.64001,209.8,195.3,30000.0,never,,,
Kanthasamy Nagar,village,80.33974,8.69957,209.8,175.2,30000.0,never,,,
Irataiperiyakulama,village,80.48288,8.70843,210.0,179.5,30000.0,never,,,
Ellaparmaruthankulam Housing Scheme,village,80.51941,8.71532,210.8,180.6,30000.0,never,,,
Thaddankulam,village,80.34268,8.70886,210.8,175.3,30000.0,never,,,
Samalankulam,village,80.51299,8.7183,211.1,180.4,30000.0,never,,,
Ellaparmaruthankulam,village,80.51621,8.71948,211.2,180.5,30000.0,never,,,
Sinhapura,village,81.19557,8.58842,211.2,201.3,30000.0,never,,,
Linganagar,village,81.21588,8.58327,211.5,201.9,30000.0,never,,,
Trincomalee,city,81.2345,8.57643,211.6,202.5,30000.0,never,,,
Abhayapura,village,81.21439,8.58741,211.8,201.8,30000.0,never,,,
Gomarankadawala,town,80.9562,8.67456,212.3,193.7,30000.0,never,,,
Kanthapuram Housing Scheme,village,80.47201,8.73329,212.8,179.2,30000.0,never,,,
Andiyapuliyankulam,village,80.26304,8.72042,212.9,173.0,30000.0,never,,,
Thavasikulam,village,80.47947,8.7353,213.0,179.4,30000.0,never,,,
Kanniya,village,81.16712,8.6184,213.2,200.2,30000.0,never,,,
Uppuveli,village,81.21784,8.60052,213.3,201.8,30000.0,never,,,
Thetillupaikkulam,village,80.51942,8.74139,213.7,180.6,30000.0,never,,,
Kovilkulam,village,80.50792,8.7433,213.9,180.3,30000.0,never,,,
Kovilputhuthukkulam,village,80.51095,8.74556,214.1,180.4,30000.0,never,,,
Koomankulam,village,80.46267,8.74787,214.4,179.0,30000.0,never,,,
Alles Garden,village,81.2154,8.61238,214.4,201.6,30000.0,never,,,
Velikkulam,village,80.51642,8.7485,214.4,180.5,30000.0,never,,,
Sinnaputhukkulam,village,80.51223,8.74957,214.6,180.4,30000.0,never,,,
Sahayamathapuram,village,80.5023,8.75041,214.6,180.1,30000.0,never,,,
Rambaikulam,village,80.50355,8.75069,214.7,180.2,30000.0,never,,,
Vavuniya,city,80.50008,8.75935,215.6,180.1,30000.0,never,,,
Thaandikulam,village,80.48336,8.77357,217.2,179.6,30000.0,never,,,
Piramanankulam,village,80.28658,8.76345,217.4,173.9,30000.0,never,,,
Periyarkulam,village,80.49953,8.77689,217.6,180.0,30000.0,never,,,
Herathhalmillewa,village,80.79358,8.76145,218.3,188.6,30000.0,never,,,
Etambagaskada,village,80.53203,8.78298,218.3,181.0,30000.0,never,,,
Wahalkada,village,80.86702,8.75544,219.0,190.7,30000.0,never,,,
Pampaimadu,village,80.42139,8.78895,219.1,177.8,30000.0,never,,,
Mahakachchikodiya,village,80.57992,8.79122,219.3,182.4,30000.0,never,,,
Manipuram Housing Scheme,village,80.44192,8.79712,219.9,178.4,30000.0,never,,,
Sinnathambanai,village,80.29968,8.78993,220.1,174.3,30000.0,never,,,
Manipuram,village,80.43315,8.79968,220.2,178.1,30000.0,never,,,
Veemakallu,village,80.54474,8.80175,220.4,181.3,30000.0,never,,,
Kokupadaiyan,village,79.96648,8.73133,220.5,164.6,30000.0,never,,,
Madu Road,village,80.15732,8.77384,220.5,170.2,30000.0,never,,,
Nilaveli,village,81.19161,8.68154,220.7,200.2,30000.0,never,,,
Suntharapuram Housing Scheme,village,80.44042,8.80528,220.8,178.4,30000.0,never,,,
Sutharapuram,village,80.44837,8.805,220.8,178.6,30000.0,never,,,
Periya Thampanai,village,80.26103,8.79617,221.3,173.2,30000.0,never,,,
Mamaduwa,village,80.53919,8.81086,221.4,181.2,30000.0,never,,,
Saasthirikoolankulam,village,80.45977,8.81082,221.4,178.9,30000.0,never,,,
Thevarkulam,village,80.46183,8.81456,221.8,179.0,30000.0,never,,,
Kidachuri,village,80.39958,8.81954,222.6,177.2,30000.0,never,,,
Silwatturai,village,79.95082,8.74787,222.7,164.3,30000.0,never,,,
Kaddaiyarkulam,village,80.44976,8.8242,222.9,178.6,30000.0,never,,,
Nochchimoddai,village,80.49094,8.82889,223.3,179.8,30000.0,never,,,
Maravankulam,village,80.40429,8.83,223.7,177.4,30000.0,never,,,
Easwaripuram,village,80.40161,8.83234,224.0,177.3,30000.0,never,,,
Kovilpuliyankulam,village,80.35231,8.82953,224.0,175.9,30000.0,never,,,
Thavasiyakulam,village,80.41726,8.83428,224.1,177.7,30000.0,never,,,
Irakkandi,village,81.17354,8.72493,224.5,199.3,30000.0,never,,,
Mullaikulam,village,80.40327,8.84096,224.9,177.3,30000.0,never,,,
Kalmadu,village,80.3925,8.84291,225.2,177.0,30000.0,never,,,
Naambankulam,village,80.53377,8.84625,225.3,181.0,30000.0,never,,,
Padaviya,town,80.77097,8.83395,225.9,187.6,30000.0,never,,,
Periya Pandivirichan,village,80.23163,8.83461,225.9,172.5,30000.0,never,,,
Karaiya Alampaikulam,village,80.40264,8.85133,226.1,177.3,30000.0,never,,,
Ilamaruthankulam,village,80.58012,8.85345,226.2,182.3,30000.0,never,,,
Kalvelikulam,village,80.37725,8.85086,226.2,176.6,30000.0,never,,,
Iranai Illupaikkulam,village,80.36391,8.85258,226.4,176.3,30000.0,never,,,
Navatkulam,village,80.54151,8.86229,227.1,181.2,30000.0,never,,,
Kakkayankulam,village,80.37841,8.86057,227.2,176.7,30000.0,never,,,
Omanthai,village,80.50312,8.86557,227.4,180.1,30000.0,never,,,
Ambatta Iluppaikulam,village,80.35966,8.86638,228.0,176.2,30000.0,never,,,
Arasankulam,village,80.50754,8.87336,228.2,180.3,30000.0,never,,,
Madhu,village,80.20301,8.85537,228.6,171.8,30000.0,never,,,
Alaikallupoddakulam,village,80.55718,8.87683,228.7,181.6,30000.0,never,,,
Kelabogaswewa,village,80.65627,8.87231,228.8,184.4,30000.0,never,,,
Murunkan,village,80.03239,8.83264,229.6,167.1,30000.0,never,,,
Keerisuddan,village,80.30049,8.87975,230.0,174.6,30000.0,never,,,
Buhutiyagala,village,80.80003,8.87009,230.3,188.3,30000.0,never,,,
Vilaaththikulam,village,80.35922,8.89146,230.8,176.2,30000.0,never,,,
Puthiyavelarsinnakulam,village,80.52295,8.8993,231.1,180.7,30000.0,never,,,
Semamadu,village,80.58202,8.89819,231.2,182.3,30000.0,never,,,
Matharpanikkankulam,village,80.45811,8.90025,231.3,178.9,30000.0,never,,,
Mallikai,village,80.5644,8.90181,231.5,181.8,30000.0,never,,,
Arumugathaanputhukulam,village,80.54925,8.90259,231.5,181.4,30000.0,never,,,
Kuchchaveli,village,81.09962,8.81826,231.8,196.6,30000.0,never,,,
Palamoddai,village,80.43139,8.9063,232.0,178.2,30000.0,never,,,
Sripura Colony,village,80.76904,8.89118,232.1,187.4,30000.0,never,,,
Thatchana maruthamadu,village,80.21203,8.89658,233.0,172.2,30000.0,never,,,
Maraiyadiththakulam,village,80.53772,8.91706,233.1,181.1,30000.0,never,,,
Jayanthiwewa Colony,village,80.82839,8.89272,233.2,189.0,30000.0,never,,,
Panrikeithakulam,village,80.51283,8.91963,233.4,180.4,30000.0,never,,,
Kalmadukulam,village,80.60806,8.92209,233.9,183.0,30000.0,never,,,
Jayanthipura Colony,village,80.83065,8.89833,233.9,189.0,30000.0,never,,,
Kombuvaithakulam,village,80.4767,8.92551,234.0,179.4,30000.0,never,,,
Parakramapura,village,80.77519,8.908,234.1,187.5,30000.0,never,,,
SriTissapuraColony,village,80.84394,8.90117,234.4,189.3,30000.0,never,,,
Kulaankulam,village,80.68227,8.92219,234.5,185.0,30000.0,never,,,
Periyakulam,village,80.51981,8.93923,235.5,180.6,30000.0,never,,,
Eramadu,village,80.89059,8.90436,235.6,190.6,30000.0,never,,,
Samalankulam,village,80.58635,8.94264,236.1,182.4,30000.0,never,,,
Vedivaithakallu,village,80.68768,8.9373,236.2,185.1,30000.0,never,,,
Palampiddy,village,80.21314,8.9286,236.5,172.4,30000.0,never,,,
Palaiyavaadi,village,80.54763,8.949,236.7,181.3,30000.0,never,,,
Periya Valayankaddu,village,80.33712,8.9448,236.8,175.7,30000.0,never,,,
Pudavaikaddikulam,village,80.63562,8.94716,236.9,183.7,30000.0,never,,,
Padavisripura,village,80.81406,8.92877,236.9,188.4,30000.0,never,,,
Nochikulam,village,80.59226,8.95042,237.0,182.5,30000.0,never,,,
Kovilkunchukulam,village,80.38827,8.94952,237.0,177.1,30000.0,never,,,
Paalaiyadi Kulam,village,80.05035,8.90485,237.0,168.0,30000.0,never,,,
Kovilpuliyankulam,village,80.67349,8.9501,237.5,184.7,30000.0,never,,,
Sapumalthenna,village,80.75113,8.94327,237.6,186.7,30000.0,never,,,
Chinna Valayankaddu,village,80.33963,8.95481,237.9,175.8,30000.0,never,,,
Kaddupoovarasankulam,village,80.70417,8.95306,238.1,185.5,30000.0,never,,,
Parappukadanthan,village,80.06227,8.91961,238.3,168.4,30000.0,never,,,
Puliyankulam,town,80.52497,8.96526,238.4,180.7,30000.0,never,,,
Amarivayal,village,80.92421,8.92319,238.4,191.3,30000.0,never,,,
Unchalkaddi,village,80.65354,8.96276,238.7,184.1,30000.0,never,,,
Vankalai,village,79.93323,8.89393,238.8,164.9,30000.0,never,,,
Valliyapalai,village,80.32041,8.96486,239.2,175.3,30000.0,never,,,
Anantharpuliyankulam,village,80.59494,8.9716,239.3,182.6,30000.0,never,,,
Maruthodai,village,80.67924,8.96595,239.3,184.8,30000.0,never,,,
Nikawewa South,village,80.76094,8.9587,239.4,186.9,30000.0,never,,,
Thuvaranery,village,80.57385,8.97869,240.0,182.0,30000.0,never,,,
Kanchuramoddai,village,80.69022,8.97205,240.1,185.1,30000.0,never,,,
Koraimoddai,village,80.65035,8.9784,240.4,184.0,30000.0,never,,,
Welioya,town,80.78138,8.96743,240.7,187.4,30000.0,never,,,
Ethawatunuwewa,village,80.74409,8.97369,240.8,186.5,30000.0,never,,,
Moondu Murippu,village,80.35437,8.98573,241.2,176.2,30000.0,never,,,
Sampathnuwara,village,80.77542,8.97458,241.4,187.3,30000.0,never,,,
Sinnapoovarasankulam,village,80.60024,8.99169,241.6,182.7,30000.0,never,,,
Adampan,village,79.99368,8.94008,242.1,166.8,30000.0,never,,,
Periyamadu,village,80.1693,8.97506,242.2,171.4,30000.0,never,,,
Kaddayar Perumal Kulam,village,80.29894,8.99008,242.2,174.8,30000.0,never,,,
Nochikulam,village,80.64163,8.99725,242.4,183.7,30000.0,never,,,
Paddaipirinthakulam,village,80.66414,8.99972,242.9,184.3,30000.0,never,,,
Mathiyaamadu,village,80.56954,9.00578,243.0,181.9,30000.0,never,,,
Ehetugaswewa,village,80.80264,8.98805,243.2,187.9,30000.0,never,,,
Katkulam,village,80.68113,9.00287,243.4,184.7,30000.0,never,,,
Manal Kerni,village,80.92235,8.97069,243.5,191.0,30000.0,never,,,
Ilamaruthankulam,village,80.33141,9.0045,243.5,175.7,30000.0,never,,,
Thennamaravady,village,80.91454,8.97564,243.9,190.8,30000.0,never,,,
Paddikudiyiruppu,village,80.69675,9.00574,243.9,185.1,30000.0,never,,,
Kiri-Ibbanwewa,village,80.82624,8.99624,244.5,188.5,30000.0,never,,,
Keerisuddan,village,80.6743,9.0148,244.6,184.5,30000.0,never,,,
Monarawewa,village,80.74007,9.00827,244.6,186.2,30000.0,never,,,
Thiruketheeswaram,village,79.96552,8.95985,245.0,166.2,30000.0,never,,,
Vadda Madu,village,80.88769,8.99205,245.1,190.1,30000.0,never,,,
Olumadu,village,80.30194,9.01968,245.4,175.0,30000.0,never,,,
Kalyanipura,village,80.77391,9.01179,245.4,187.1,30000.0,never,,,
Pillaiyinan Kulam,village,80.33782,9.02365,245.5,175.9,30000.0,never,,,
Nainamadu,village,80.5991,9.02839,245.6,182.6,30000.0,never,,,
Olumadu,village,80.66592,9.02921,246.2,184.3,30000.0,never,,,
Gajabapura,village,80.73292,9.02316,246.2,186.0,30000.0,never,,,
Puthukulam,village,80.50154,9.03715,246.4,180.1,30000.0,never,,,
Sannasiparanthan,village,80.62735,9.03808,246.9,183.3,30000.0,never,,,
Nedunkeni,village,80.36983,9.03935,247.0,176.7,30000.0,never,,,
Puthuvilankulam,village,80.4561,9.04282,247.0,178.9,30000.0,never,,,
Janakapura,village,80.84313,9.01789,247.1,188.8,30000.0,never,,,
Koddaikadu,village,80.07824,9.00551,247.3,169.2,30000.0,never,,,
Kokkilai,village,80.95139,9.00036,247.4,191.6,30000.0,never,,,
Konaiyan Kulam,village,80.33203,9.04003,247.4,175.8,30000.0,never,,,
Kanakarayankulam,town,80.51805,9.04701,247.5,180.5,30000.0,never,,,
Moopan Kulam,village,80.26774,9.03539,247.5,174.1,30000.0,never,,,
Paalaipaani,village,80.38916,9.04578,247.6,177.2,30000.0,never,,,
Sinnadampan,village,80.55892,9.05049,247.9,181.5,30000.0,never,,,
Chiraddi Kulam,village,80.24447,9.03782,248.0,173.5,30000.0,never,,,
Moddai,village,80.29676,9.043,248.0,174.9,30000.0,never,,,
Periyakulam,village,80.68967,9.04489,248.1,184.9,30000.0,never,,,
Panankamam,village,80.30716,9.04601,248.2,175.2,30000.0,never,,,
Aiyamperumal,village,80.3689,9.05172,248.4,176.7,30000.0,never,,,
Velankulam,village,80.62424,9.05495,248.7,183.2,30000.0,never,,,
Mannar,city,79.90439,8.98129,249.0,164.8,30000.0,never,,,
Othiyamalai,village,80.70771,9.05138,249.0,185.3,30000.0,never,,,
Uluvaneri,village,80.28512,9.05091,249.0,174.6,30000.0,never,,,
Senaippulavu,village,80.66934,9.05571,249.1,184.3,30000.0,never,,,
Periyamadu,village,80.5703,9.06357,249.4,181.8,30000.0,never,,,
Panichamadu,village,80.20728,9.04611,249.4,172.6,30000.0,never,,,
Naddankandal,village,80.29448,9.05623,249.5,174.9,30000.0,never,,,
Vingnanakulam,village,80.53013,9.06673,249.6,180.8,30000.0,never,,,
Vidathaltheevu,village,80.05139,9.0215,249.6,168.7,30000.0,never,,,
Nedunkerny,town,80.6608,9.06214,249.8,184.1,30000.0,never,,,
Kummakulam,village,80.39835,9.06658,249.9,177.5,30000.0,never,,,
Karappukuththi,village,80.54694,9.06937,250.0,181.2,30000.0,never,,,
Karunaaddukerni,village,80.92732,9.03122,250.2,190.9,30000.0,never,,,
Kidaipidiththakulam,village,80.33647,9.06706,250.3,175.9,30000.0,never,,,
Chalampan,village,80.25858,9.06182,250.5,174.0,30000.0,never,,,
Iruvil,village,80.27709,9.06378,250.5,174.4,30000.0,never,,,
Kulavisuddan,village,80.60242,9.07691,251.0,182.6,30000.0,never,,,
Pandiyankulam,village,80.3053,9.07107,251.0,175.2,30000.0,never,,,
Maraviluppai,village,80.64627,9.07536,251.1,183.7,30000.0,never,,,
Iramiyan Kulam,village,80.26653,9.06863,251.2,174.2,30000.0,never,,,
Mankindimalai,village,80.86966,9.05226,251.4,189.4,30000.0,never,,,
Maamadu,village,80.67814,9.07597,251.4,184.5,30000.0,never,,,
Palampaasi,village,80.69031,9.07792,251.7,184.8,30000.0,never,,,
Kumiladi Kulam,village,80.24337,9.07112,251.7,173.6,30000.0,never,,,
Kokkuthoduvai,village,80.91344,9.0526,252.2,190.4,30000.0,never,,,
Alaikallupoddakulam,village,80.65299,9.0854,252.3,183.9,30000.0,never,,,
Thekilpadanthaan,village,80.61585,9.08912,252.4,182.9,30000.0,never,,,
Maraikuddy,village,80.51337,9.09212,252.4,180.4,30000.0,never,,,
Vavunikulam,village,80.32732,9.09142,253.1,175.8,30000.0,never,,,
Vannarmaruthankulam,village,80.52988,9.09981,253.3,180.8,30000.0,never,,,
Toddaveli,village,79.87485,9.01335,253.3,164.3,30000.0,never,,,
Komparuththa Kulam,village,80.27725,9.0909,253.5,174.5,30000.0,never,,,
Thanduvan,village,80.67642,9.09594,253.6,184.4,30000.0,never,,,
Parappukal,village,80.24351,9.08891,253.7,173.7,30000.0,never,,,
Katkidanku,village,80.51314,9.10421,253.8,180.4,30000.0,never,,,
Panarakulam,village,80.65418,9.09983,253.9,183.9,30000.0,never,,,
Karumpuliyaan,village,80.2906,9.0962,253.9,174.9,30000.0,never,,,
Ambalpuram,village,80.36807,9.1074,254.5,176.8,30000.0,never,,,
Paali Nagar,village,80.32788,9.1073,254.8,175.8,30000.0,never,,,
Panainidakulam,village,80.55552,9.11468,255.0,181.4,30000.0,never,,,
Kollavilankulam,village,80.3499,9.11246,255.2,176.3,30000.0,never,,,
Thotta Paddi Madu,village,80.14198,9.08905,255.2,171.2,30000.0,never,,,
Poovarasankulam,village,80.27882,9.10707,255.3,174.6,30000.0,never,,,
Erukkalampiddi,village,79.87866,9.03336,255.3,164.5,30000.0,never,,,
Oddankulam,village,80.26597,9.1092,255.6,174.3,30000.0,never,,,
Kurunthan Kulam,village,80.16562,9.09726,255.7,171.8,30000.0,never,,,
Manavanchan,village,80.25554,9.11242,256.1,174.0,30000.0,never,,,
Ulaathuveli,village,80.88953,9.09327,256.2,189.7,30000.0,never,,,
Kathaliyarasamalankulam,village,80.65113,9.12217,256.3,183.8,30000.0,never,,,
Kuttimulai,village,80.24462,9.11328,256.3,173.8,30000.0,never,,,
Mankulam,town,80.44604,9.12835,256.5,178.7,30000.0,never,,,
Vannivilankulam,village,80.3989,9.12636,256.5,177.6,30000.0,never,,,
Thaddamalai,village,80.68316,9.1241,256.8,184.5,30000.0,never,,,
Aninchiyankulam,village,80.3145,9.12475,256.9,175.5,30000.0,never,,,
Karaiveddy Vembu,village,80.13748,9.10388,256.9,171.1,30000.0,never,,,
Iluppaikadavai,village,80.09605,9.10066,257.3,170.1,30000.0,never,,,
Periya Iththimadu,village,80.67374,9.13178,257.5,184.3,30000.0,never,,,
Anthoniyarpuram,village,80.08276,9.10157,257.6,169.8,30000.0,never,,,
Periya Puliyankulam,village,80.50758,9.13986,257.7,180.2,30000.0,never,,,
Yogapuram,village,80.29846,9.13178,257.8,175.1,30000.0,never,,,
Murunkaiyadi Puddy,village,80.12047,9.11097,257.9,170.7,30000.0,never,,,
Aandaankulam,village,80.8375,9.1215,258.4,188.3,30000.0,never,,,
Kodalikkallu,village,80.70929,9.13791,258.5,185.2,30000.0,never,,,
Murikandi,village,80.51448,9.14692,258.5,180.4,30000.0,never,,,
Inamalamadu,village,80.16594,9.12344,258.5,171.9,30000.0,never,,,
Olumadu,village,80.48343,9.15124,259.0,179.6,30000.0,never,,,
Karippaddamurippu,village,80.524,9.15271,259.1,180.6,30000.0,never,,,
Nallimurippu,village,80.67632,9.14593,259.1,184.3,30000.0,never,,,
Tayliankudiyiruppu,village,79.85241,9.0619,259.1,164.1,30000.0,never,,,
Punkanthalvu Madu,village,80.11518,9.1218,259.2,170.7,30000.0,never,,,
Puthukulam,village,80.66502,9.14797,259.3,184.1,30000.0,never,,,
Kalvilaan,village,80.23974,9.13995,259.3,173.7,30000.0,never,,,
Thunukkai,village,80.27087,9.14318,259.3,174.5,30000.0,never,,,
Mallavi,town,80.29231,9.14666,259.5,175.0,30000.0,never,,,
Thikkali,village,80.15168,9.13177,259.7,171.6,30000.0,never,,,
Thenduki,village,80.72501,9.14761,259.8,185.5,30000.0,never,,,
Thachadampan,village,80.50643,9.15941,259.9,180.2,30000.0,never,,,
Karisal,village,79.84179,9.06636,259.9,163.9,30000.0,never,,,
Oddusudan,town,80.65133,9.15544,260.0,183.7,30000.0,never,,,
Naayaaru,village,80.87799,9.1312,260.1,189.2,30000.0,never,,,
Manavalapaddamurippu,village,80.56298,9.16019,260.1,181.6,30000.0,never,,,
Pampaddy,village,80.12681,9.13964,260.9,171.0,30000.0,never,,,
Therankadal,village,80.30196,9.16234,261.1,175.3,30000.0,never,,,
Kallikaadu,village,80.73381,9.16168,261.4,185.7,30000.0,never,,,
Kumulamunai,village,80.81526,9.15277,261.5,187.7,30000.0,never,,,
Karuvelankandal,village,80.68987,9.16768,261.6,184.6,30000.0,never,,,
Alankulam,village,80.28573,9.16663,261.7,174.9,30000.0,never,,,
Panikkankulam,village,80.42519,9.17444,261.7,178.3,30000.0,never,,,
Karayankannaddi,village,80.1336,9.14925,261.9,171.2,30000.0,never,,,
Mundampiddy,village,80.11745,9.14644,261.9,170.8,30000.0,never,,,
Pulumachilanthikulam,village,80.47958,9.18176,262.4,179.6,30000.0,never,,,
Pesalai,town,79.82089,9.08484,262.5,163.5,30000.0,never,,,
Semmalai,village,80.86541,9.15577,262.6,188.8,30000.0,never,,,
Veddaiyadaippu,village,80.28871,9.1771,262.9,175.0,30000.0,never,,,
Kalmadu,village,80.13301,9.15811,262.9,171.2,30000.0,never,,,
Katchilaimadu,village,80.6624,9.18803,263.7,183.9,30000.0,never,,,
Thegilamavil Kayamoddai,village,80.19774,9.17743,264.0,172.8,30000.0,never,,,
Kulamurippu,village,80.70363,9.19018,264.2,184.9,30000.0,never,,,
Mullitidal,village,79.77797,9.08815,264.3,162.6,30000.0,never,,,
Alampil,village,80.85362,9.17446,264.4,188.5,30000.0,never,,,
Uyilankulam,village,80.28915,9.19519,264.9,175.0,30000.0,never,,,
Ambakamam,village,80.48846,9.21282,265.8,179.8,30000.0,never,,,
Vellankulam,town,80.13016,9.1862,266.0,171.3,30000.0,never,,,
Uduppukulam,village,80.82608,9.19726,266.5,187.8,30000.0,never,,,
Iyankankulam,village,80.32748,9.21495,266.7,176.0,30000.0,never,,,
Thenniyan Kulam,village,80.25091,9.2107,267.0,174.2,30000.0,never,,,
Thevampiddy,village,80.11259,9.19346,267.1,170.9,30000.0,never,,,
Maamoolai,village,80.78678,9.20835,267.2,186.8,30000.0,never,,,
Kerudamadu,village,80.68372,9.21914,267.3,184.4,30000.0,never,,,
Mullikulam,village,80.13766,9.19936,267.3,171.5,30000.0,never,,,
Talaimannar,town,79.73074,9.10552,267.7,161.6,30000.0,never,,,
Vellaimunthal,village,80.12082,9.20453,268.1,171.1,30000.0,never,,,
Kanukkerni,village,80.80278,9.21892,268.5,187.2,30000.0,never,,,
Mulliyawalai,town,80.77831,9.22551,268.9,186.6,30000.0,never,,,
Thaanneerootu,village,80.79073,9.2254,269.1,186.9,30000.0,never,,,
Kumarapuram,village,80.80507,9.22704,269.5,187.2,30000.0,never,,,
Koddaikaddiyakulam,village,80.27083,9.23625,269.6,174.7,30000.0,never,,,
Palayamurikandy,village,80.33266,9.24632,270.1,176.1,30000.0,never,,,
Pirappuvedduvaan,village,80.6924,9.25125,270.9,184.5,30000.0,never,,,
Puththuvedduvan,village,80.36924,9.25628,271.0,177.0,30000.0,never,,,
Silawaththai,village,80.82872,9.23922,271.1,187.7,30000.0,never,,,
Vattapalai,village,80.78318,9.25108,271.8,186.6,30000.0,never,,,
Ambalaperumalkulam,village,80.28053,9.26324,272.4,175.0,30000.0,never,,,
Kokavil,village,80.41254,9.27308,272.6,178.0,30000.0,never,,,
Mulankavil,town,80.14614,9.25044,272.7,171.9,30000.0,never,,,
Kallapaadu,village,80.82079,9.25602,272.9,187.5,30000.0,never,,,
Pilakudiyiruppu,village,80.72303,9.27334,273.6,185.2,30000.0,never,,,
Keppapulavu,village,80.75436,9.27438,274.0,185.9,30000.0,never,,,
Naachikudaa,village,80.12425,9.25943,274.1,171.4,30000.0,never,,,
Mullaitivu,city,80.81453,9.26985,274.3,187.3,30000.0,never,,,
Maruthampooval,village,80.69301,9.28444,274.5,184.5,30000.0,never,,,
Thirumurikandy,town,80.40408,9.30192,275.8,177.9,30000.0,never,,,
Kariyalai Nagapaduvaan,village,80.15185,9.28269,276.2,172.1,30000.0,never,,,
Vadduvaahal,village,80.80676,9.28813,276.2,187.1,30000.0,never,,,
Kumulamunai,village,80.12849,9.28013,276.3,171.6,30000.0,never,,,
Ponnagar,village,80.39973,9.31002,276.8,177.8,30000.0,never,,,
Nochchimunai,village,80.11979,9.28584,277.0,171.4,30000.0,never,,,
Vellamullivaaykaal,village,80.78453,9.30074,277.3,186.5,30000.0,never,,,
Akkarayan,town,80.31117,9.31272,277.6,175.8,30000.0,never,,,
Ariviyal Nagar,village,80.39772,9.31725,277.6,177.7,30000.0,never,,,
Puthukkudiyirippu,town,80.69628,9.3137,277.8,184.5,30000.0,never,,,
Amathipuram,village,80.32806,9.31551,277.8,176.2,30000.0,never,,,
Pallavarayankaddu,village,80.15623,9.29945,278.0,172.2,30000.0,never,,,
Aanai Vilunthaan,village,80.25856,9.31322,278.2,174.6,30000.0,never,,,
Manthuvil,village,80.72448,9.31481,278.2,185.1,30000.0,never,,,
Vannerikkulam,village,80.22793,9.31734,279.0,173.9,30000.0,never,,,
Saanthapuram,village,80.42578,9.33148,279.0,178.4,30000.0,never,,,
Jeyapuram South,village,80.17718,9.31368,279.2,172.8,30000.0,never,,,
Sivanagar,village,80.71162,9.32516,279.2,184.8,30000.0,never,,,
Iranamadu,village,80.40922,9.33427,279.4,178.0,30000.0,never,,,
Manniyakulam,village,80.20486,9.31936,279.5,173.4,30000.0,never,,,
Kaiveli,village,80.6725,9.33256,279.7,183.9,30000.0,never,,,
Aananthapuram,village,80.7237,9.32996,279.8,185.1,30000.0,never,,,
Skanthapuram,village,80.30605,9.33642,280.3,175.7,30000.0,never,,,
Unionkulam,village,80.32192,9.34034,280.6,176.1,30000.0,never,,,
Kombavil,village,80.70081,9.33928,280.6,184.6,30000.0,never,,,
Iranaipaalai,village,80.71343,9.33978,280.8,184.8,30000.0,never,,,
Valluvarpannai,village,80.35899,9.34449,280.8,176.9,30000.0,never,,,
Barathipuram,village,80.4021,9.34696,280.8,177.9,30000.0,never,,,
Malayalapuram,village,80.38643,9.34637,280.8,177.5,30000.0,never,,,
Vallipunam,village,80.64014,9.34674,281.0,183.2,30000.0,never,,,
Kaakaitivu,village,80.08028,9.31651,281.1,170.6,30000.0,never,,,
Kunchchukkulam,village,80.23436,9.33718,281.1,174.1,30000.0,never,,,
Kanakambikai Kulam,village,80.4166,9.35003,281.1,178.2,30000.0,never,,,
Udayarkaddu,village,80.61584,9.35048,281.3,182.6,30000.0,never,,,
Navalarpannai,village,80.3487,9.35097,281.6,176.7,30000.0,never,,,
Vivekanthanagar Centre,village,80.40264,9.3578,282.0,177.9,30000.0,never,,,
Krishnapuran,village,80.37479,9.35598,282.0,177.3,30000.0,never,,,
Theravil,village,80.5909,9.35829,282.0,182.1,30000.0,never,,,
Maayavanoor,village,80.47044,9.3589,282.0,179.4,30000.0,never,,,
Kiraanchi,village,80.10511,9.33068,282.2,171.2,30000.0,never,,,
Thoddiyady,village,80.54216,9.36401,282.5,181.0,30000.0,never,,,
Ootupulam,village,80.34106,9.35995,282.6,176.5,30000.0,never,,,
Kulathady,village,80.55151,9.36533,282.7,181.2,30000.0,never,,,
Ramanthapuram,village,80.48284,9.36628,282.8,179.7,30000.0,never,,,
Thevipuram,village,80.66376,9.36115,282.8,183.7,30000.0,never,,,
Idaikaadu,village,80.72947,9.35626,282.8,185.2,30000.0,never,,,
Puthumattalan,village,80.72849,9.35824,283.0,185.1,30000.0,never,,,
Konavil,village,80.32564,9.36287,283.0,176.2,30000.0,never,,,
Vaddakachchi,town,80.45756,9.36947,283.1,179.1,30000.0,never,,,
Valluvarpuram,village,80.57239,9.36861,283.1,181.7,30000.0,never,,,
Jeyapuram,village,80.18197,9.35087,283.2,173.0,30000.0,never,,,
Kalmadu Nagar,village,80.51147,9.37003,283.2,180.3,30000.0,never,,,
Puththady,village,80.55151,9.37023,283.2,181.2,30000.0,never,,,
Erumaitivu,village,80.05566,9.33862,283.9,170.2,30000.0,never,,,
Kumarasamipuram,village,80.56807,9.37531,283.9,181.6,30000.0,never,,,
Puthumurippu,village,80.35383,9.37426,284.1,176.8,30000.0,never,,,
Iruddumadu,village,80.61092,9.37609,284.1,182.5,30000.0,never,,,
Palamattalan,village,80.71736,9.37103,284.3,184.9,30000.0,never,,,
Uthayanagar,village,80.3985,9.37817,284.3,177.8,30000.0,never,,,
Selvanagar,village,80.36448,9.37714,284.3,177.1,30000.0,never,,,
Thondaman Nagar,village,80.41334,9.37881,284.3,178.1,30000.0,never,,,
Veravil,village,80.08526,9.34988,284.6,170.8,30000.0,never,,,
Ambaalkulam,village,80.37785,9.38076,284.7,177.3,30000.0,never,,,
Visuvamadu,town,80.54773,9.38433,284.8,181.1,30000.0,never,,,
Kilinochchi,city,80.40872,9.38401,284.9,178.0,30000.0,never,,,
Thiruvaiyaru,village,80.42604,9.38468,284.9,178.4,30000.0,never,,,
Kannakipuram,village,80.29574,9.37722,284.9,175.5,30000.0,never,,,
Adampan,village,80.34099,9.38585,285.5,176.5,30000.0,never,,,
Valaippaadu,village,80.0675,9.35603,285.6,170.5,30000.0,never,,,
Aananthapuram,village,80.40069,9.39137,285.7,177.9,30000.0,never,,,
Civic Centre,village,80.44365,9.39324,285.8,178.8,30000.0,never,,,
Kanagapuram,village,80.39079,9.39137,285.8,177.6,30000.0,never,,,
Mudkompan,village,80.26805,9.38508,286.0,174.9,30000.0,never,,,
Uruthirapuram,town,80.35373,9.39313,286.2,176.8,30000.0,never,,,
Thevapiddy,village,80.69556,9.39129,286.3,184.4,30000.0,never,,,
Chunnavil,village,80.17228,9.37885,286.4,172.8,30000.0,never,,,
Suthanthirapuram,village,80.6315,9.39704,286.5,182.9,30000.0,never,,,
Punnaineeravi,village,80.55923,9.40149,286.7,181.4,30000.0,never,,,
Piramanthanaru,village,80.57165,9.40366,287.0,181.6,30000.0,never,,,
Paddikkarai,village,80.68907,9.39845,287.1,184.2,30000.0,never,,,
Pannakandy,village,80.43645,9.40609,287.2,178.7,30000.0,never,,,
Ponnaveli,village,80.08384,9.37423,287.3,170.9,30000.0,never,,,
Tharmapuram,town,80.52399,9.40702,287.3,180.6,30000.0,never,,,
Jeyanthi Nagar,village,80.37283,9.4104,288.0,177.3,30000.0,never,,,
Thirunagar,village,80.39391,9.41537,288.4,177.7,30000.0,never,,,
Uruthirapuram West,village,80.31948,9.41124,288.4,176.1,30000.0,never,,,
Kanesa Puram,village,80.38813,9.42313,289.3,177.6,30000.0,never,,,
Chalai,village,80.6658,9.42092,289.4,183.7,30000.0,never,,,
Keerimunai,village,80.05894,9.38931,289.4,170.4,30000.0,never,,,
Kallaaru,village,80.5732,9.42834,289.7,181.6,30000.0,never,,,
Velikkandal,village,80.48607,9.43028,289.8,179.7,30000.0,never,,,
Periya Paranthan,village,80.37224,9.42858,290.0,177.3,30000.0,never,,,
Navaladi,village,80.16402,9.41186,290.2,172.7,30000.0,never,,,
Peyparaipiddy,village,80.65102,9.4315,290.4,183.3,30000.0,never,,,
Kaaralkaddumunai,village,80.0809,9.40326,290.5,170.9,30000.0,never,,,
Pallamadu,village,80.11717,9.40955,290.6,171.7,30000.0,never,,,
Kariyalvayal,village,80.61471,9.43462,290.6,182.5,30000.0,never,,,
Kunchup Paranthan,village,80.34611,9.43383,290.7,176.7,30000.0,never,,,
Paranthan,town,80.40786,9.43723,290.8,178.1,30000.0,never,,,
Murasumoddai,village,80.45397,9.44076,291.0,179.1,30000.0,never,,,
Palavi,village,80.12629,9.41717,291.3,172.0,30000.0,never,,,
Neevil,village,80.31717,9.43771,291.4,176.1,30000.0,never,,,
Kumarapuram,village,80.37341,9.44227,291.5,177.3,30000.0,never,,,
Puliyampokkanai,village,80.52982,9.44605,291.6,180.7,30000.0,never,,,
Kalaveddithidal,village,80.5468,9.44609,291.6,181.1,30000.0,never,,,
Chempankundu,village,80.19649,9.43442,292.2,173.5,30000.0,never,,,
Annathevan Vayal,village,80.28823,9.4464,292.5,175.5,30000.0,never,,,
Korakkankaddu,village,80.45542,9.45743,292.9,179.1,30000.0,never,,,
Nallur,village,80.26089,9.45321,293.6,174.9,30000.0,never,,,
Umayalpuram,village,80.39711,9.46537,293.9,177.8,30000.0,never,,,
Kandawalai,village,80.48547,9.46744,293.9,179.7,30000.0,never,,,
Aalankeni,village,80.24438,9.46245,294.7,174.6,30000.0,never,,,
Ooriyaan,village,80.44703,9.48142,295.5,178.9,30000.0,never,,,
Vannakanvelli,village,80.1776,9.4634,295.6,173.2,30000.0,never,,,
Thadduvankoddy,village,80.4258,9.49078,296.6,178.5,30000.0,never,,,
Kulairetam,village,80.40945,9.4912,296.7,178.1,30000.0,never,,,
Chelliatheevu,village,80.23802,9.48237,297.0,174.5,30000.0,never,,,
Navakkoddiyaan,village,80.41502,9.50071,297.8,178.3,30000.0,never,,,
Chundikulam,village,80.55126,9.50278,297.9,181.1,30000.0,never,,,
Kollakurichy,village,80.22993,9.49007,297.9,174.3,30000.0,never,,,
Thimilamadam,village,80.4323,9.5033,298.0,178.6,30000.0,never,,,
Pallikuda,village,80.18819,9.48736,298.1,173.5,30000.0,never,,,
Poonakary,town,80.21241,9.50431,299.7,174.0,30000.0,never,,,
Cheddiyar Kurichi,village,80.231,9.50674,299.8,174.4,30000.0,never,,,
Elephant Pass,town,80.40553,9.5249,300.5,178.1,30000.0,never,,,
Karukkai Theevu,village,80.24062,9.51447,300.5,174.6,30000.0,never,,,
Kurinchatheevu,village,80.39028,9.52881,301.0,177.8,30000.0,never,,,
Madduvilnadu,village,80.18873,9.5146,301.1,173.5,30000.0,never,,,
Kevil,village,80.50208,9.53462,301.4,180.1,30000.0,never,,,
Gnani Madam,village,80.21994,9.52189,301.5,174.2,30000.0,never,,,
Nagathevanthurai,village,80.23145,9.52848,302.1,174.5,30000.0,never,,,
Paraman Kiraai,village,80.1762,9.52296,302.2,173.3,30000.0,never,,,
Pokkaruppu,village,80.48404,9.54357,302.4,179.7,30000.0,never,,,
Urvanihan Pattu,village,80.37283,9.54302,302.6,177.4,30000.0,never,,,
Sangathaar Vayal,village,80.42279,9.54894,303.1,178.4,30000.0,never,,,
Niththiyaveddai,village,80.4715,9.55037,303.1,179.5,30000.0,never,,,
Pullaaveli,village,80.45972,9.55376,303.5,179.2,30000.0,never,,,
Kaddaikaadu,village,80.48947,9.55724,303.9,179.8,30000.0,never,,,
Thaddaan Thoddam,village,80.44281,9.55828,304.1,178.9,30000.0,never,,,
Sangupiddy,village,80.18998,9.54248,304.2,173.6,30000.0,never,,,
Mulliyaan,village,80.46392,9.56284,304.5,179.3,30000.0,never,,,
Kovil Vayal,village,80.42453,9.5618,304.5,178.5,30000.0,never,,,
Veddukaadu,village,80.15759,9.54427,304.8,173.0,30000.0,never,,,
Periya Pachilaipalli,village,80.45323,9.56825,305.1,179.1,30000.0,never,,,
Tharmakerny,village,80.35865,9.56548,305.2,177.1,30000.0,never,,,
Iyakachchi,village,80.40754,9.56923,305.4,178.1,30000.0,never,,,
Vettilaikeni,village,80.47011,9.57313,305.6,179.4,30000.0,never,,,
Kottandarkulam,village,80.42675,9.57657,306.1,178.5,30000.0,never,,,
Karanthai,village,80.38847,9.57799,306.4,177.8,30000.0,never,,,
Pulopallai,village,80.327,9.58301,307.3,176.5,30000.0,never,,,
Kowthaari Munai,village,80.12656,9.56592,307.6,172.4,30000.0,never,,,
Soranapattu,village,80.3645,9.58906,307.8,177.3,30000.0,never,,,
Muhaavil,village,80.39431,9.59094,307.8,177.9,30000.0,never,,,
Aaliyavalai,village,80.43783,9.59493,308.1,178.8,30000.0,never,,,
Keratheevu,village,80.19913,9.58347,308.6,173.9,30000.0,never,,,
Maasaar,village,80.37602,9.59872,308.8,177.5,30000.0,never,,,
Allipallai,village,80.3064,9.597,309.0,176.1,30000.0,never,,,
Uduththurai,village,80.42021,9.60772,309.6,178.4,30000.0,never,,,
Maruthadikulam,village,80.40969,9.60903,309.8,178.2,30000.0,never,,,
Pallai,town,80.32556,9.61012,310.3,176.5,30000.0,never,,,
Vaththiraayan,village,80.41944,9.61429,310.3,178.4,30000.0,never,,,
Mannithalai,village,80.09466,9.58966,310.7,171.8,30000.0,never,,,
Maruthankerny,town,80.40152,9.6195,310.9,178.1,30000.0,never,,,
Thampahamam,village,80.36335,9.61957,311.1,177.3,30000.0,never,,,
Kachaarveli,village,80.30217,9.61775,311.3,176.1,30000.0,never,,,
Kilaali,village,80.2723,9.61714,311.5,175.4,30000.0,never,,,
Thaalayadi,village,80.39874,9.63023,312.1,178.0,30000.0,never,,,
Arasarkerny,village,80.32825,9.62832,312.3,176.6,30000.0,never,,,
Chempian Pattu South,village,80.3866,9.63108,312.3,177.8,30000.0,never,,,
Kalmunai Point,village,80.05654,9.60031,312.5,171.1,30000.0,never,,,
Arukuveli,village,80.16722,9.61597,312.5,173.3,30000.0,never,,,
Vidaththal Pallai,village,80.24947,9.62452,312.5,175.0,30000.0,never,,,
Vembodukerny South,village,80.28542,9.6296,312.8,175.7,30000.0,never,,,
Chempian Pattu,village,80.37645,9.64174,313.5,177.6,30000.0,never,,,
Iththaavil,village,80.3207,9.63959,313.6,176.5,30000.0,never,,,
Ariyalai East,village,80.10769,9.61966,313.8,172.2,30000.0,never,,,
Veeramalai,suburb,79.83482,9.57316,314.3,166.6,30000.0,never,,,
Vembodukerny,village,80.30219,9.64439,314.3,176.1,30000.0,never,,,
Ketpeli,village,80.22627,9.63944,314.4,174.6,30000.0,never,,,
Thanankilappu,village,80.15291,9.63363,314.7,173.1,30000.0,never,,,
Karampagam,village,80.25924,9.64999,315.2,175.2,30000.0,never,,,
Usan,village,80.24102,9.64995,315.4,174.9,30000.0,never,,,
Maravan Pulo,village,80.12674,9.63703,315.4,172.6,30000.0,never,,,
Maamunai,village,80.36083,9.65894,315.5,177.3,30000.0,never,,,
Poompuhaar,village,80.08257,9.63289,315.6,171.7,30000.0,never,,,
Muhamaalai,village,80.29064,9.65694,315.7,175.9,30000.0,never,,,
Kachchai,village,80.20378,9.65177,316.0,174.1,30000.0,never,,,
Kovilakandy,village,80.10962,9.64644,316.7,172.3,30000.0,never,,,
Chavakachcheri,town,80.16431,9.6579,317.2,173.4,30000.0,never,,,
Mirusuvil,village,80.23804,9.66677,317.3,174.9,30000.0,never,,,
Allarai,village,80.18954,9.66264,317.4,173.9,30000.0,never,,,
Maniyanthoddam,village,80.05987,9.64595,317.4,171.3,30000.0,never,,,
Naavalady,village,80.06733,9.64902,317.6,171.5,30000.0,never,,,
Sangathanai,village,80.1757,9.66375,317.7,173.6,30000.0,never,,,
Eluthumadduval,village,80.26194,9.67553,318.0,175.3,30000.0,never,,,
Vellampokady,village,80.21049,9.67134,318.1,174.3,30000.0,never,,,
Malaiyadi,village,79.77292,9.59391,318.2,165.5,30000.0,never,,,
Columbuthurai,village,80.04783,9.65149,318.2,171.1,30000.0,never,,,
Thachanthoppu,village,80.10844,9.66055,318.2,172.3,30000.0,never,,,
Thundi,village,80.0394,9.65016,318.2,170.9,30000.0,never,,,
Passaiyoor,village,80.03355,9.64996,318.3,170.8,30000.0,never,,,
Kudaarapu,village,80.32565,9.68552,318.6,176.6,30000.0,never,,,
Nunavil,village,80.13994,9.66873,318.7,172.9,30000.0,never,,,
Meesalai,village,80.19674,9.67627,318.8,174.1,30000.0,never,,,
Navatkuli,town,80.08319,9.66268,318.9,171.8,30000.0,never,,,
Kodikamam,town,80.22233,9.68014,318.9,174.6,30000.0,never,,,
Ariyalai,town,80.04766,9.65909,319.1,171.1,30000.0,never,,,
Gurunagar,village,80.01706,9.65416,319.1,170.5,30000.0,never,,,
Ariylai South West,village,80.03613,9.66067,319.4,170.9,30000.0,never,,,
Velanai,town,79.90252,9.63703,319.6,168.2,30000.0,never,,,
Chemmani,village,80.06222,9.66682,319.7,171.4,30000.0,never,,,
Kudamiyan,village,80.23792,9.69439,320.3,174.9,30000.0,never,,,
Thaavalai Iyattalai,village,80.19098,9.68965,320.3,174.0,30000.0,never,,,
Jaffna,city,80.0093,9.66509,320.4,170.4,30000.0,never,,,
Suruvil,village,79.87626,9.63978,320.5,167.7,30000.0,never,,,
Naagar Kovil,village,80.31524,9.70385,320.7,176.4,30000.0,never,,,
Madduvil,village,80.14903,9.6888,320.8,173.2,30000.0,never,,,
Kaddaipirai,village,80.0567,9.67687,320.8,171.3,30000.0,never,,,
Nallur,town,80.02903,9.67349,321.0,170.8,30000.0,never,,,
Kaithady,town,80.10363,9.68774,321.3,172.3,30000.0,never,,,
Manthuvil,village,80.18176,9.69859,321.4,173.8,30000.0,never,,,
Kalviyankadu,village,80.03864,9.68127,321.6,171.0,30000.0,never,,,
Saravanai,village,79.88765,9.65635,322.0,168.0,30000.0,never,,,
Sarasalai,village,80.16109,9.70175,322.0,173.4,30000.0,never,,,
Varany Iyattalai,village,80.21013,9.70718,322.0,174.4,30000.0,never,,,
Navanthurai,village,80.00123,9.67909,322.1,170.3,30000.0,never,,,
Naavatkaadu,village,80.24544,9.71117,322.1,175.1,30000.0,never,,,
Thirunelvely,suburb,80.02757,9.68938,322.7,170.8,30000.0,never,,,
Irupalai,village,80.04798,9.69302,322.8,171.2,30000.0,never,,,
Kaakai Theevu,village,79.99606,9.69078,323.4,170.2,30000.0,never,,,
Karampaikurichchi,village,80.21825,9.72252,323.6,174.6,30000.0,never,,,
Kokkuvil,village,80.01903,9.69879,323.9,170.7,30000.0,never,,,
Kondavil East,village,80.03488,9.702,324.0,171.0,30000.0,never,,,
Varany,town,80.22835,9.72864,324.2,174.8,30000.0,never,,,
Anaikoddai,village,79.99613,9.70174,324.6,170.2,30000.0,never,,,
Narantanai,village,79.8798,9.67995,324.7,168.0,30000.0,never,,,
Kallundai,village,79.9795,9.70064,324.8,169.9,30000.0,never,,,
Idaikurichchy,village,80.22259,9.73386,324.8,174.7,30000.0,never,,,
Kopay,village,80.06685,9.71517,324.9,171.6,30000.0,never,,,
Kondavil West,village,80.02131,9.70871,324.9,170.7,30000.0,never,,,
Ampan,village,80.26572,9.73988,325.1,175.5,30000.0,never,,,
Thaavady,village,80.00911,9.70893,325.2,170.5,30000.0,never,,,
Maasery,village,80.2391,9.73987,325.3,175.0,30000.0,never,,,
Vaatharawattai,village,80.13776,9.72902,325.3,173.0,30000.0,never,,,
,town,80.08284,9.72394,325.6,172.0,30000.0,never,,,
Neervely,village,80.07546,9.72306,325.6,171.8,30000.0,never,,,
Inuvil,village,80.01812,9.71763,326.0,170.7,30000.0,never,,,
Suthumalai,village,80.00242,9.71734,326.2,170.4,30000.0,never,,,
Kayts,town,79.8673,9.69232,326.3,167.8,30000.0,never,,,
Arali,village,79.94884,9.70914,326.4,169.4,30000.0,never,,,
Siruppiddy,village,80.09419,9.73317,326.4,172.2,30000.0,never,,,
Varany North,village,80.23146,9.74876,326.4,174.9,30000.0,never,,,
Urumpirai,village,80.04143,9.72589,326.5,171.2,30000.0,never,,,
Anthanan Thidal,village,80.18432,9.74596,326.6,174.0,30000.0,never,,,
Karampan,village,79.86019,9.69408,326.7,167.6,30000.0,never,,,
Maruthanar Madam,village,80.02513,9.72605,326.8,170.9,30000.0,never,,,
Navaali,village,79.98134,9.71932,326.8,170.0,30000.0,never,,,
Kaputhoo,village,80.16907,9.74788,327.0,173.7,30000.0,never,,,
Manipay,town,79.99603,9.72449,327.1,170.3,30000.0,never,,,
Kudaththanai,village,80.25663,9.75776,327.2,175.4,30000.0,never,,,
Atchelu,village,80.068,9.73795,327.3,171.7,30000.0,never,,,
Poyiddy,village,80.05714,9.73836,327.6,171.5,30000.0,never,,,
Koddaikaadu,village,79.93918,9.72435,328.2,169.2,30000.0,never,,,
Uduvil,village,80.00989,9.73759,328.3,170.6,30000.0,never,,,
Puttur,village,80.09547,9.75092,328.3,172.3,30000.0,never,,,
Vaddukkodai,village,79.94879,9.72811,328.4,169.4,30000.0,never,,,
Chunnakam,town,80.02883,9.74303,328.5,171.0,30000.0,never,,,
Manal Kadu,village,80.27597,9.77108,328.5,175.8,30000.0,never,,,
Sankaraththai,village,79.96007,9.73468,328.9,169.7,30000.0,never,,,
Aavarangaal,village,80.11055,9.75839,328.9,172.6,30000.0,never,,,
Evinai,village,80.07537,9.75463,329.0,171.9,30000.0,never,,,
Sandilipay,village,79.98107,9.74032,329.1,170.1,30000.0,never,,,
Punnalaikadduvan,village,80.06531,9.75511,329.3,171.7,30000.0,never,,,
Kantharodai,village,80.00896,9.7509,329.8,170.6,30000.0,never,,,
Navakkiry,village,80.0987,9.76619,330.0,172.4,30000.0,never,,,
Yarkkaru,village,80.20669,9.77958,330.0,174.5,30000.0,never,,,
Chankanai,town,79.97029,9.74873,330.2,169.9,30000.0,never,,,
Erlalai South,village,80.04348,9.76099,330.3,171.3,30000.0,never,,,
Sinthupuram,village,79.95327,9.74667,330.4,169.6,30000.0,never,,,
Kupillaan,village,80.0596,9.76693,330.6,171.6,30000.0,never,,,
Koyil Santhai,village,80.20923,9.78457,330.6,174.5,30000.0,never,,,
Vallipuram,village,80.24262,9.78844,330.7,175.2,30000.0,never,,,
Mallakam,village,80.02478,9.76181,330.7,171.0,30000.0,never,,,
Thunnalai,village,80.22328,9.78733,330.7,174.8,30000.0,never,,,
Thoddilady,village,79.98427,9.75526,330.7,170.2,30000.0,never,,,
Siththankerny,village,79.95775,9.75291,330.9,169.7,30000.0,never,,,
Atchuvely,town,80.11586,9.77829,331.0,172.7,30000.0,never,,,
Karainagar,town,79.88504,9.74044,331.1,168.3,30000.0,never,,,
Moolai,village,79.93542,9.75005,331.1,169.3,30000.0,never,,,
Karaveddy,village,80.1949,9.788,331.1,174.2,30000.0,never,,,
Mandaan,village,80.17249,9.78657,331.2,173.8,30000.0,never,,,
Kurumpasiddy,village,80.06667,9.77399,331.3,171.8,30000.0,never,,,
Erlalai North,village,80.0494,9.77167,331.3,171.5,30000.0,never,,,
Ponnalai,village,79.91745,9.75071,331.5,168.9,30000.0,never,,,
Alaveddy,village,80.00723,9.76677,331.5,170.7,30000.0,never,,,
Valakamparai,village,79.95044,9.75659,331.5,169.6,30000.0,never,,,
Pathameny,village,80.11287,9.78299,331.6,172.7,30000.0,never,,,
Tholpuram,village,79.93979,9.75561,331.6,169.4,30000.0,never,,,
Vayaavilaan,village,80.0805,9.77951,331.7,172.1,30000.0,never,,,
Pannaakam,village,79.95426,9.76063,331.9,169.7,30000.0,never,,,
Kadduvan,village,80.0573,9.77857,332.0,171.6,30000.0,never,,,
Piraanpattu,village,79.97614,9.76639,332.1,170.1,30000.0,never,,,
Tholakaddy,village,80.08586,9.78472,332.2,172.2,30000.0,never,,,
Punitha Nagar,village,80.24913,9.80335,332.2,175.3,30000.0,never,,,
Nelliyady,town,80.19975,9.79921,332.3,174.4,30000.0,never,,,
Vadaliyadaippu,village,79.95782,9.76632,332.4,169.7,30000.0,never,,,
Kathiripaay,village,80.1157,9.79074,332.4,172.8,30000.0,never,,,
Chulipuram,village,79.94248,9.76518,332.6,169.5,30000.0,never,,,
Puttalai,village,80.23095,9.80528,332.6,175.0,30000.0,never,,,
Tellippalai,town,80.03611,9.78218,332.7,171.3,30000.0,never,,,
Manthikai,village,80.22523,9.8064,332.8,174.9,30000.0,never,,,
Katkovalam,village,80.25081,9.80898,332.8,175.3,30000.0,never,,,
Karanavai,village,80.18477,9.80235,332.8,174.1,30000.0,never,,,
Varaathupalai,village,80.23877,9.80745,332.8,175.1,30000.0,never,,,
Imayanan,village,80.17363,9.80127,332.8,173.9,30000.0,never,,,
Palaly,town,80.07579,9.78991,332.9,172.0,30000.0,never,,,
Nelliyaan,village,79.9238,9.76404,332.9,169.1,30000.0,never,,,
Thampaalai,village,80.11931,9.79607,332.9,172.8,30000.0,never,,,
Raaththalady,village,79.93412,9.76645,332.9,169.3,30000.0,never,,,
Pandatharippu,town,79.97168,9.77496,333.1,170.0,30000.0,never,,,
Varuththalaivilan,village,80.04901,9.78817,333.1,171.5,30000.0,never,,,
Panippulam,village,79.95066,9.77233,333.2,169.6,30000.0,never,,,
Puloly,village,80.23285,9.81184,333.3,175.0,30000.0,never,,,
Udupiddy,village,80.16235,9.80454,333.3,173.7,30000.0,never,,,
Nellandai,village,80.25126,9.81526,333.5,175.4,30000.0,never,,,
Veemankamam,village,80.03893,9.79219,333.7,171.3,30000.0,never,,,
Valalaai,village,80.09898,9.80056,333.7,172.5,30000.0,never,,,
Periyavilaan,village,79.98523,9.78434,333.8,170.3,30000.0,never,,,
Navindil,village,80.18565,9.81198,333.8,174.1,30000.0,never,,,
Idaikaadu,village,80.11706,9.80346,333.8,172.8,30000.0,never,,,
Pannalai,village,80.01417,9.78945,333.9,170.9,30000.0,never,,,
Siruvilaan,village,80.00009,9.78717,333.9,170.6,30000.0,never,,,
Thumpalai,village,80.24371,9.81774,333.9,175.2,30000.0,never,,,
Samarapahu,village,80.17724,9.81158,333.9,174.0,30000.0,never,,,
Sillalai,village,79.95499,9.78084,334.0,169.7,30000.0,never,,,
Mayakkai,village,80.21843,9.81648,334.0,174.7,30000.0,never,,,
Viththagapuram,village,80.01697,9.79319,334.2,170.9,30000.0,never,,,
Maaviddapuram,village,80.02766,9.79477,334.2,171.1,30000.0,never,,,
Mullanai,village,79.99393,9.78884,334.2,170.5,30000.0,never,,,
Thondaimanaru,village,80.13199,9.80961,334.3,173.1,30000.0,never,,,
Valveddy,village,80.17099,9.81422,334.3,173.9,30000.0,never,,,
Thampasiddy,village,80.22558,9.82101,334.4,174.9,30000.0,never,,,
Alvai,village,80.20607,9.81987,334.5,174.5,30000.0,never,,,
Point Pedro,town,80.23618,9.8241,334.7,175.1,30000.0,never,,,
Kommantharai,village,80.15925,9.81669,334.7,173.6,30000.0,never,,,
Ilavalai,village,79.99263,9.79499,334.9,170.5,30000.0,never,,,
Valvettithurai,town,80.16955,9.82201,335.1,173.8,30000.0,never,,,
Mayiliddithurai,village,80.06588,9.80881,335.1,171.9,30000.0,never,,,
Nunasai,village,79.95217,9.78995,335.1,169.7,30000.0,never,,,
Mayiliddy,village,80.07179,9.81008,335.2,172.0,30000.0,never,,,
Nediyakadu,village,80.17445,9.82278,335.2,173.9,30000.0,never,,,
Mathagal,village,79.96366,9.79361,335.3,169.9,30000.0,never,,,
Viyaapaari Moolai,village,80.21543,9.82824,335.3,174.7,30000.0,never,,,
Suppar Madam,village,80.22852,9.82959,335.3,175.0,30000.0,never,,,
Thayiddy,village,80.05302,9.80955,335.4,171.6,30000.0,never,,,
Kollankaladdy,village,80.01885,9.8042,335.4,171.0,30000.0,never,,,
Polykandy,village,80.18944,9.82665,335.4,174.2,30000.0,never,,,
Urani,village,80.17985,9.82572,335.4,174.0,30000.0,never,,,
Thikkam,village,80.19634,9.82737,335.4,174.4,30000.0,never,,,
Kerudavil,village,80.14037,9.82082,335.4,173.3,30000.0,never,,,
Urikaadu,village,80.16058,9.82305,335.4,173.7,30000.0,never,,,
Sakkoddai,village,80.22321,9.8308,335.5,174.9,30000.0,never,,,
KamparMalai,village,80.15218,9.82428,335.6,173.5,30000.0,never,,,
Kankesanturai,town,80.03745,9.81187,335.9,171.4,30000.0,never,,,
Mareesan Koodal,village,79.98388,9.80318,335.9,170.3,30000.0,never,,,
Inparsiddy,village,80.21022,9.8333,335.9,174.6,30000.0,never,,,
Senthankulam,village,79.99785,9.80795,336.2,170.6,30000.0,never,,,
Keerimalai,village,80.00987,9.81189,336.4,170.9,30000.0,never,,,
